legacy_source_id,original_path,original_sha1,audit_scope,semantic_roles,material_composite,split_extract_count,source_line_count,split_coverage,physical_original_retained,final_disposition
LS-MD-0001,audit/AUDIT_BASELINE.md,6B8B627184F26565FB2479F27DDEEA91C10B9B31,FULL_DOCUMENT,HISTORY,NO,0,130,NOT_REQUIRED,YES,RETAINED_SINGLE_ROLE_OR_FROZEN_STRATEGY
LS-MD-0002,audit/AUDIT_CLAIM_CONTROL.md,522AA4756D1C22CB13A303305FEB9F565227CB31,FULL_DOCUMENT,HISTORY,NO,0,43,NOT_REQUIRED,YES,RETAINED_SINGLE_ROLE_OR_FROZEN_STRATEGY
LS-MD-0003,audit/AUDIT_DOCS_SYNCHRONIZATION_INVENTORY.md,29D6BAB13EE1A62947406EB10F568D260DB48E34,FULL_DOCUMENT,CONTEXT;DECISION;EVIDENCE;GOVERNANCE;IMPLEMENTATION,YES,11,128,FULL_100_PERCENT_EXACT,NO,REMOVED_AFTER_FULL_SEMANTIC_SPLIT
LS-MD-0004,audit/AUDIT_DOCS_SYNCHRONIZATION_POST_SESSION_1_8_INVENTORY.md,1EB4399E5C2239980FD50CC73AF543D8125FA55A,FULL_DOCUMENT,CONTEXT;DECISION;EVIDENCE;FINDING;GOVERNANCE;IMPLEMENTATION;RESEARCH,YES,14,216,FULL_100_PERCENT_EXACT,NO,REMOVED_AFTER_FULL_SEMANTIC_SPLIT
LS-MD-0005,audit/AUDIT_DOMAIN_BOUNDARY.md,4E96793495D79A930F0A735B7601D3C2458FAE57,FULL_DOCUMENT,HISTORY,NO,0,36,NOT_REQUIRED,YES,RETAINED_SINGLE_ROLE_OR_FROZEN_STRATEGY
LS-MD-0006,audit/AUDIT_EVIDENCE_STRENGTH_MODEL.md,C1C4D53BDD26C130ACDF1F07E9E9BAE1B0BD590E,FULL_DOCUMENT,HISTORY,NO,0,37,NOT_REQUIRED,YES,RETAINED_SINGLE_ROLE_OR_FROZEN_STRATEGY
LS-MD-0007,audit/AUDIT_LAYER_CLASSIFICATION_RULES.md,26E071F198DDB6B8210AC8AC71F5638FD478DAFE,FULL_DOCUMENT,HISTORY,NO,0,62,NOT_REQUIRED,YES,RETAINED_SINGLE_ROLE_OR_FROZEN_STRATEGY
LS-MD-0008,audit/AUDIT_METHOD.md,629307ADF256AA7CBF8EBDCEC368BD4E987567C7,FULL_DOCUMENT,HISTORY,NO,0,97,NOT_REQUIRED,YES,RETAINED_SINGLE_ROLE_OR_FROZEN_STRATEGY
LS-MD-0009,audit/AUDIT_NORMATIVE_VS_COMPANION_RULES.md,30F616C9790BCFA425F20BDAD5227646C4AE8B0F,FULL_DOCUMENT,HISTORY,NO,0,74,NOT_REQUIRED,YES,RETAINED_SINGLE_ROLE_OR_FROZEN_STRATEGY
LS-MD-0010,audit/AUDIT_SCOPE_AND_EXCLUSIONS.md,49E6D97E300514B9C9A8930E3BDFA9F9FF3288C5,FULL_DOCUMENT,HISTORY,NO,0,33,NOT_REQUIRED,YES,RETAINED_SINGLE_ROLE_OR_FROZEN_STRATEGY
LS-MD-0011,audit/AUDIT_SCORING_AND_VERDICT.md,B9E0D4325FE7B7105AA3611B33E73AEB84BB9C5B,FULL_DOCUMENT,HISTORY,NO,0,52,NOT_REQUIRED,YES,RETAINED_SINGLE_ROLE_OR_FROZEN_STRATEGY
LS-MD-0012,audit/AUDIT_TRACEABILITY_RULES.md,704BAE7967262C32345738376F251D798FE9F963,FULL_DOCUMENT,HISTORY,NO,0,22,NOT_REQUIRED,YES,RETAINED_SINGLE_ROLE_OR_FROZEN_STRATEGY
LS-MD-0013,audit/AUDIT_UPDATE_GOVERNANCE.md,0B36BFFAE668EE54ABD91A7041AEBC420B0966CD,FULL_DOCUMENT,HISTORY,NO,0,1271,NOT_REQUIRED,YES,RETAINED_SINGLE_ROLE_OR_FROZEN_STRATEGY
LS-MD-0014,audit/checklists/CHECKLIST_CROSS_LAYER_CONSISTENCY.md,F1E748941DEEB4145786A866665721EAD972B3EA,FULL_DOCUMENT,HISTORY,NO,0,45,NOT_REQUIRED,YES,RETAINED_SINGLE_ROLE_OR_FROZEN_STRATEGY
LS-MD-0015,audit/checklists/CHECKLIST_DOMAIN_DRIFT.md,E2B7BBDA94C2B9D90514308850499429547FD9C1,FULL_DOCUMENT,HISTORY,NO,0,33,NOT_REQUIRED,YES,RETAINED_SINGLE_ROLE_OR_FROZEN_STRATEGY
LS-MD-0016,audit/checklists/CHECKLIST_LAYER_A_SYSTEM_DOCS.md,E4936AF6A1B94AB8FEF94DD52FDF0FA3F70A8B62,FULL_DOCUMENT,HISTORY,NO,0,51,NOT_REQUIRED,YES,RETAINED_SINGLE_ROLE_OR_FROZEN_STRATEGY
LS-MD-0017,audit/checklists/CHECKLIST_LAYER_B_IMPLEMENTATION_GUIDANCE.md,24B1B29B763A1A08220C54620CD60A8F3D1EB4B9,FULL_DOCUMENT,HISTORY,NO,0,51,NOT_REQUIRED,YES,RETAINED_SINGLE_ROLE_OR_FROZEN_STRATEGY
LS-MD-0018,audit/checklists/CHECKLIST_LAYER_C_REAL_IMPLEMENTATION_RUNTIME.md,48A83FE23E21A05FE03F336A783E64251E941215,FULL_DOCUMENT,HISTORY,NO,0,45,NOT_REQUIRED,YES,RETAINED_SINGLE_ROLE_OR_FROZEN_STRATEGY
LS-MD-0019,audit/CONFIG_ENV_GOVERNANCE_CLEANUP_INVENTORY.md,B522643CB68AFF2ECC9A8268A482C11CE2D61598,FULL_DOCUMENT,CONTEXT;DECISION;EVIDENCE;FINDING;GOVERNANCE;IMPLEMENTATION;RESEARCH,YES,10,254,FULL_100_PERCENT_EXACT,NO,REMOVED_AFTER_FULL_SEMANTIC_SPLIT
LS-MD-0020,audit/CORRECTION_LIFECYCLE_HARDENING_INVENTORY.md,CF3BD55641F75EDA47DC3EB456D1824632863949,FULL_DOCUMENT,CONTEXT;DECISION;EVIDENCE;FINDING;IMPLEMENTATION,YES,8,194,FULL_100_PERCENT_EXACT,NO,REMOVED_AFTER_FULL_SEMANTIC_SPLIT
LS-MD-0021,audit/COVERAGE_GATE_CANDIDATE_SCOPE_HARDENING_INVENTORY.md,DDF61DF585B439719BE513385796A126871558FD,FULL_DOCUMENT,CONTEXT;IMPLEMENTATION,YES,2,173,FULL_100_PERCENT_EXACT,NO,REMOVED_AFTER_FULL_SEMANTIC_SPLIT
LS-MD-0022,audit/DB_INTEGRITY_FK_IMPLICIT_INTEGRITY_DECISION_INVENTORY.md,BA5CB0819D76C0ADAEA2600174DA40EF3CFF16A3,FULL_DOCUMENT,CONTEXT;DECISION;EVIDENCE;GOVERNANCE;IMPLEMENTATION,YES,10,152,FULL_100_PERCENT_EXACT,NO,REMOVED_AFTER_FULL_SEMANTIC_SPLIT
LS-MD-0023,audit/DB_SCHEMA_MIGRATION_SYNC_INVENTORY.md,2C21334498F0471DF8EE45D555AC98F3F5279BB4,FULL_DOCUMENT,CONTEXT;EVIDENCE;FINDING;GOVERNANCE;IMPLEMENTATION,YES,7,84,FULL_100_PERCENT_EXACT,NO,REMOVED_AFTER_FULL_SEMANTIC_SPLIT
LS-MD-0024,audit/EVIDENCE_EXPORT_RUNTIME_PROOF_INVENTORY.md,CE951167381AE5231B705EE619EA1FECEEC18A9E,FULL_DOCUMENT,CONTEXT;DECISION;EVIDENCE;FINDING;GOVERNANCE,YES,7,182,FULL_100_PERCENT_EXACT,NO,REMOVED_AFTER_FULL_SEMANTIC_SPLIT
LS-MD-0025,audit/EVIDENCE_HISTORICAL_LINEAGE_COMPLETENESS_INVENTORY.md,41DCC6ED7C59A480873EA7C1F71EEB470396403D,FULL_DOCUMENT,CONTEXT;EVIDENCE;FINDING;GOVERNANCE;IMPLEMENTATION,YES,13,145,FULL_100_PERCENT_EXACT,NO,REMOVED_AFTER_FULL_SEMANTIC_SPLIT
LS-MD-0026,audit/FAIL_SAFE_NO_SILENT_FAILURE_INVENTORY.md,968C8EDCD6CA2212F89EADAB5388BA2F831C0715,FULL_DOCUMENT,CONTEXT;EVIDENCE;FINDING;GOVERNANCE;IMPLEMENTATION;RESEARCH,YES,8,74,FULL_100_PERCENT_EXACT,NO,REMOVED_AFTER_FULL_SEMANTIC_SPLIT
LS-MD-0027,audit/FULL_MARKET_DATA_PRODUCTION_READY_INVENTORY.md,4C0357CC7BA4A9338F34EBCF09A671716FC4A857,FULL_DOCUMENT,CONTEXT;DECISION;EVIDENCE;FINDING;GOVERNANCE;IMPLEMENTATION,YES,15,662,FULL_100_PERCENT_EXACT,NO,REMOVED_AFTER_FULL_SEMANTIC_SPLIT
LS-MD-0028,audit/HASH_SEAL_DATASET_INTEGRITY_INVENTORY.md,C8D94C9D62FC23B2978DB75D31E851645BBF5CCF,FULL_DOCUMENT,CONTEXT;EVIDENCE;FINDING;GOVERNANCE;IMPLEMENTATION;RESEARCH,YES,6,123,FULL_100_PERCENT_EXACT,NO,REMOVED_AFTER_FULL_SEMANTIC_SPLIT
LS-MD-0029,audit/IMPORT_PROMOTE_SEPARATION_INVENTORY.md,F6D6E4A0D59F66EB903E4C0FA59BB30AC736CBA6,FULL_DOCUMENT,IMPLEMENTATION;RESEARCH,YES,2,52,FULL_100_PERCENT_EXACT,NO,REMOVED_AFTER_FULL_SEMANTIC_SPLIT
LS-MD-0030,audit/LUMEN_CONTRACT_TRACKER.md,88A4CD4C9D12A578A2837DCB275B315C91D1492A,FULL_DOCUMENT,CONTEXT;DECISION;EVIDENCE;FINDING;GOVERNANCE;IMPLEMENTATION,YES,23,4455,FULL_100_PERCENT_EXACT,NO,REMOVED_AFTER_FULL_SEMANTIC_SPLIT
LS-MD-0031,audit/LUMEN_IMPLEMENTATION_STATUS.md,3FDDFFF0B53D431DAA71A8545F87173445A616F7,FULL_DOCUMENT,CONTEXT;DECISION;EVIDENCE;FINDING;IMPLEMENTATION,YES,24,4722,FULL_100_PERCENT_EXACT,NO,REMOVED_AFTER_FULL_SEMANTIC_SPLIT
LS-MD-0032,audit/MARKET_BENCHMARK_INDICATOR_EXTENSION_INVENTORY.md,D0BE40DBBA4BFF89D35ED251D64531E8EF56FC39,FULL_DOCUMENT,CONTEXT;DECISION;EVIDENCE;FINDING;GOVERNANCE;IMPLEMENTATION,YES,18,245,FULL_100_PERCENT_EXACT,NO,REMOVED_AFTER_FULL_SEMANTIC_SPLIT
LS-MD-0033,audit/MARKET_DATA_CONSUMER_READ_MODEL_INVENTORY.md,A63ADB11787063B5198FC2AB1A3E1DA244D95EC8,FULL_DOCUMENT,CONTEXT;DECISION;EVIDENCE;FINDING;GOVERNANCE;IMPLEMENTATION,YES,10,334,FULL_100_PERCENT_EXACT,NO,REMOVED_AFTER_FULL_SEMANTIC_SPLIT
LS-MD-0034,audit/MARKET_DATA_IMPLEMENTATION_LEDGER.md,53F8C0BDBA19E2AB4F630A31731FDB2210E19CEF,FULL_DOCUMENT,CONTEXT;DECISION;EVIDENCE;FINDING;GOVERNANCE;IMPLEMENTATION,YES,19,3183,FULL_100_PERCENT_EXACT,NO,REMOVED_AFTER_FULL_SEMANTIC_SPLIT
LS-MD-0035,audit/MARKET_DATA_PRODUCTION_PROOF_PACK.md,9D1E95DE0523A6EFF6B7E31DF54056B51CB33F26,FULL_DOCUMENT,CONTEXT;DECISION;EVIDENCE;FINDING;GOVERNANCE;IMPLEMENTATION;RESEARCH,YES,24,988,FULL_100_PERCENT_EXACT,NO,REMOVED_AFTER_FULL_SEMANTIC_SPLIT
LS-MD-0036,audit/OPERATIONAL_READINESS_INVENTORY.md,5052578CFB667B3B0F992126B669430E12EFBA12,FULL_DOCUMENT,CONTEXT;DECISION;EVIDENCE;IMPLEMENTATION;RESEARCH,YES,5,73,FULL_100_PERCENT_EXACT,NO,REMOVED_AFTER_FULL_SEMANTIC_SPLIT
LS-MD-0037,audit/OPS_COMMAND_SURFACE_RUNTIME_MATRIX_INVENTORY.md,D6E40A3FC4141C4D0798627BD21A5F34418206F8,FULL_DOCUMENT,CONTEXT;DECISION;EVIDENCE;FINDING;IMPLEMENTATION;RESEARCH,YES,14,437,FULL_100_PERCENT_EXACT,NO,REMOVED_AFTER_FULL_SEMANTIC_SPLIT
LS-MD-0038,audit/OPS_ENVIRONMENT_BASELINE_INVENTORY.md,C4C8EC75AF93028E3F6AEFEF6E52E82B376969D5,FULL_DOCUMENT,CONTEXT;DECISION;EVIDENCE;FINDING;GOVERNANCE;IMPLEMENTATION;RESEARCH,YES,16,729,FULL_100_PERCENT_EXACT,NO,REMOVED_AFTER_FULL_SEMANTIC_SPLIT
LS-MD-0039,audit/PRODUCTION_VALIDATION_INVENTORY.md,A8D8B95268BF27AB2D2EE5D169FEE87AFCAF4EB7,FULL_DOCUMENT,CONTEXT;DECISION;EVIDENCE;FINDING;GOVERNANCE;IMPLEMENTATION;RESEARCH,YES,23,1110,FULL_100_PERCENT_EXACT,NO,REMOVED_AFTER_FULL_SEMANTIC_SPLIT
LS-MD-0040,audit/READ_SIDE_CONSUMER_SURFACE_FINAL_SWEEP_INVENTORY.md,89C4B1A3A221C2A0F9B52AA735566CF5C0F8B107,FULL_DOCUMENT,CONTEXT;EVIDENCE;FINDING;IMPLEMENTATION,YES,10,273,FULL_100_PERCENT_EXACT,NO,REMOVED_AFTER_FULL_SEMANTIC_SPLIT
LS-MD-0041,audit/README.md,E4EFE44CA0015983A64B6E04FF5940BFFB91E11C,FULL_DOCUMENT,HISTORY,NO,0,101,NOT_REQUIRED,YES,RETAINED_SINGLE_ROLE_OR_FROZEN_STRATEGY
LS-MD-0042,audit/REPLAY_DETERMINISM_RUNTIME_PROOF_INVENTORY.md,7E5FB7DE9A03E174497EC8911DE7215EE2F3EEEC,FULL_DOCUMENT,CONTEXT;DECISION;EVIDENCE;FINDING,YES,7,124,FULL_100_PERCENT_EXACT,NO,REMOVED_AFTER_FULL_SEMANTIC_SPLIT
LS-MD-0043,audit/REPLAY_HISTORICAL_DETERMINISM_HARDENING_INVENTORY.md,6831E28FEFD55DC99E3BEA0B303AC2A439016C86,FULL_DOCUMENT,CONTEXT;EVIDENCE;GOVERNANCE;IMPLEMENTATION,YES,8,119,FULL_100_PERCENT_EXACT,NO,REMOVED_AFTER_FULL_SEMANTIC_SPLIT
LS-MD-0044,audit/reports/AUDIT_FINAL_STATE.md,4F88A2D91FB7215D7D64C2F3ACFED4764964CB20,FULL_DOCUMENT,CONTEXT;DECISION;EVIDENCE;FINDING;GOVERNANCE;IMPLEMENTATION;RESEARCH,YES,19,1309,FULL_100_PERCENT_EXACT,NO,REMOVED_AFTER_FULL_SEMANTIC_SPLIT
LS-MD-0045,audit/reports/ORDERS_01_04_IMPLEMENTATION_EVIDENCE_2026-08-03.md,9EC579890FB2FB4256FE012CF3BD1CF68D55E90E,FULL_DOCUMENT,CONTEXT;EVIDENCE;GOVERNANCE;IMPLEMENTATION,YES,6,111,FULL_100_PERCENT_EXACT,NO,REMOVED_AFTER_FULL_SEMANTIC_SPLIT
LS-MD-0046,audit/reports/README.md,849DF272AA5696C64A45AC9C0F99868B9012DCC7,FULL_DOCUMENT,HISTORY,NO,0,62,NOT_REQUIRED,YES,RETAINED_SINGLE_ROLE_OR_FROZEN_STRATEGY
LS-MD-0047,audit/SECTOR_IDXIC_AUTHORITY_RECONCILIATION_INVENTORY.md,405198AE0F209FD905AFE44C54D94E86B5512783,FULL_DOCUMENT,CONTEXT;EVIDENCE;IMPLEMENTATION;RESEARCH,YES,9,339,FULL_100_PERCENT_EXACT,NO,REMOVED_AFTER_FULL_SEMANTIC_SPLIT
LS-MD-0048,audit/templates/FILE_REVIEW_TEMPLATE.md,D695C493A0ED19D2FC67BAA77EB02569503D4004,FULL_DOCUMENT,HISTORY,NO,0,12,NOT_REQUIRED,YES,RETAINED_SINGLE_ROLE_OR_FROZEN_STRATEGY
LS-MD-0049,audit/templates/FINAL_VERDICT_TEMPLATE.md,978C0842322832C8DB01F6EEB691421E01859686,FULL_DOCUMENT,HISTORY,NO,0,11,NOT_REQUIRED,YES,RETAINED_SINGLE_ROLE_OR_FROZEN_STRATEGY
LS-MD-0050,audit/templates/FINDINGS_REPORT_TEMPLATE.md,342CC9185810C8255A6E8240F63936CEEC8DDDC0,FULL_DOCUMENT,HISTORY,NO,0,12,NOT_REQUIRED,YES,RETAINED_SINGLE_ROLE_OR_FROZEN_STRATEGY
LS-MD-0051,audit/templates/PACKAGE_INTAKE_TEMPLATE.md,F274AA4704F2DBD7CECDAA62F59C8C8073CBBF76,FULL_DOCUMENT,HISTORY,NO,0,13,NOT_REQUIRED,YES,RETAINED_SINGLE_ROLE_OR_FROZEN_STRATEGY
LS-MD-0052,audit/templates/REMEDIATION_PLAN_TEMPLATE.md,41FD8E0911C02DE0376D6021720D0F35013B719F,FULL_DOCUMENT,HISTORY,NO,0,9,NOT_REQUIRED,YES,RETAINED_SINGLE_ROLE_OR_FROZEN_STRATEGY
LS-MD-0053,audit/WEEKLY_SWING_PRIORITY1_INDICATOR_EXTENSION_INVENTORY.md,7DE98BB33121A3E580DB11E5BEE81D00CEC53353,FULL_DOCUMENT,DECISION;EVIDENCE;GOVERNANCE;IMPLEMENTATION,YES,8,122,FULL_100_PERCENT_EXACT,NO,REMOVED_AFTER_FULL_SEMANTIC_SPLIT
LS-MD-0054,backtest/Backtest_Metrics_and_Acceptance_Criteria_LOCKED.md,461A5B4AE488B75D48BD43D1A7E31E6B28D76AE8,FULL_DOCUMENT,STRATEGY,NO,0,27,NOT_REQUIRED,YES,RETAINED_SINGLE_ROLE_OR_FROZEN_STRATEGY
LS-MD-0055,backtest/Historical_Replay_and_Data_Quality_Backtest.md,81934283651529E5145B569089DB9D5E3585396F,FULL_DOCUMENT,STRATEGY,NO,0,68,NOT_REQUIRED,YES,RETAINED_SINGLE_ROLE_OR_FROZEN_STRATEGY
LS-MD-0056,backtest/Point_In_Time_Backtest_Input_Contract_LOCKED.md,1429599447ABFB901C9CF9F0A5E1273229CD3284,FULL_DOCUMENT,STRATEGY,NO,0,41,NOT_REQUIRED,YES,RETAINED_SINGLE_ROLE_OR_FROZEN_STRATEGY
LS-MD-0057,backtest/Replay_Results_Schema_MariaDB.sql,E4AEE34B9758E2ED707B98554ABDAAFFFA1D2DEE,FULL_DOCUMENT,IMPLEMENTATION_DB,NO,0,,NOT_REQUIRED,YES,RETAINED_SINGLE_ROLE_OR_FROZEN_STRATEGY
LS-MD-0058,book/Audit_Hash_and_Reproducibility_Contract_LOCKED.md,B907B13F18250A94A033F4C03E2A69B0D58C4AFB,FULL_DOCUMENT,STRATEGY,NO,0,169,NOT_REQUIRED,YES,RETAINED_SINGLE_ROLE_OR_FROZEN_STRATEGY
LS-MD-0059,book/Canonical_Row_History_and_Versioning_Policy_LOCKED.md,5CD4CA78786DA8194EB746C1A6818ACDD2FB50FA,FULL_DOCUMENT,STRATEGY,NO,0,114,NOT_REQUIRED,YES,RETAINED_SINGLE_ROLE_OR_FROZEN_STRATEGY
LS-MD-0060,book/Canonicalization_Contract_EOD_Bars.md,FDB0BEFBC83DBB6ADC03B99D8BB60EDF26F3353B,FULL_DOCUMENT,STRATEGY,NO,0,147,NOT_REQUIRED,YES,RETAINED_SINGLE_ROLE_OR_FROZEN_STRATEGY
LS-MD-0061,book/CONSUMER_READ_CONTRACT_LOCKED.md,8C7559A9B0758EE6593D926ACCD16B7E0C27DBB1,FULL_DOCUMENT,STRATEGY,NO,0,65,NOT_REQUIRED,YES,RETAINED_SINGLE_ROLE_OR_FROZEN_STRATEGY
LS-MD-0062,book/Consumer_Readability_Decision_Table_LOCKED.md,E2DFB224B21707E4FD4055FEBC104B2C3D636A42,FULL_DOCUMENT,STRATEGY,NO,0,44,NOT_REQUIRED,YES,RETAINED_SINGLE_ROLE_OR_FROZEN_STRATEGY
LS-MD-0063,book/Corporate_Action_and_Adjustment_Policy.md,AA4CB754D7027CD30E9F9E1CF95F9B7ADD6BEB0C,FULL_DOCUMENT,STRATEGY,NO,0,169,NOT_REQUIRED,YES,RETAINED_SINGLE_ROLE_OR_FROZEN_STRATEGY
LS-MD-0064,book/Corporate_Action_and_Adjustment_Policy_Selected_Defaults_LOCKED.md,F96A93051816DF8F153F56B98FD1DB8F7293F2CB,FULL_DOCUMENT,STRATEGY,NO,0,89,NOT_REQUIRED,YES,RETAINED_SINGLE_ROLE_OR_FROZEN_STRATEGY
LS-MD-0065,book/Corporate_Action_Impact_Flags_Contract.md,8C0BDE74471A9D4D7CBAE6736DAC81C97DCFBFCD,FULL_DOCUMENT,STRATEGY,NO,0,57,NOT_REQUIRED,YES,RETAINED_SINGLE_ROLE_OR_FROZEN_STRATEGY
LS-MD-0066,book/Correction_Lifecycle_Safety_Contract.md,65E031D21C262AA99CFDD7DF69937E82DAA55F99,FULL_DOCUMENT,STRATEGY,NO,0,125,NOT_REQUIRED,YES,RETAINED_SINGLE_ROLE_OR_FROZEN_STRATEGY
LS-MD-0067,book/Coverage_Edge_Cases_Contract_LOCKED.md,08EF896C0C5F865E1260B8C719E20670DBB97327,FULL_DOCUMENT,STRATEGY,NO,0,172,NOT_REQUIRED,YES,RETAINED_SINGLE_ROLE_OR_FROZEN_STRATEGY
LS-MD-0068,book/Coverage_Gate_Enforcement_Contract_LOCKED.md,F4E8BD159DEC8EE87578D98DBA8F05483ECEB997,FULL_DOCUMENT,STRATEGY,NO,0,178,NOT_REQUIRED,YES,RETAINED_SINGLE_ROLE_OR_FROZEN_STRATEGY
LS-MD-0069,book/Coverage_Universe_Definition_LOCKED.md,2AEE0B5C853562F9EB9A0EA6098CD36F20C5DEC1,FULL_DOCUMENT,STRATEGY,NO,0,88,NOT_REQUIRED,YES,RETAINED_SINGLE_ROLE_OR_FROZEN_STRATEGY
LS-MD-0070,book/Current_Indicator_Recompute_Command_Contract.md,92E4BA3EC57565F9CFE8F707EE87B164D14A0DB8,FULL_DOCUMENT,STRATEGY,NO,0,142,NOT_REQUIRED,YES,RETAINED_SINGLE_ROLE_OR_FROZEN_STRATEGY
LS-MD-0071,book/Dataset_Seal_and_Freeze_Contract_LOCKED.md,8CA7FF9C2096326E0D6D2F12D5A62FFFD2ECA63A,FULL_DOCUMENT,STRATEGY,NO,0,51,NOT_REQUIRED,YES,RETAINED_SINGLE_ROLE_OR_FROZEN_STRATEGY
LS-MD-0072,book/Determinism_Invariants_LOCKED.md,4A2C80642D64993B0E17A7489E6E24A5E1415ADE,FULL_DOCUMENT,STRATEGY,NO,0,168,NOT_REQUIRED,YES,RETAINED_SINGLE_ROLE_OR_FROZEN_STRATEGY
LS-MD-0073,book/Domain_Boundary_Invariants_LOCKED.md,5637ED5D917635066E8F94C2E7C65C53DAE299F9,FULL_DOCUMENT,STRATEGY,NO,0,311,NOT_REQUIRED,YES,RETAINED_SINGLE_ROLE_OR_FROZEN_STRATEGY
LS-MD-0074,book/Downstream_Consumer_Read_Model_Contract_LOCKED.md,8717EB02874AAD084062C9C93D6E3E08AA14B29E,FULL_DOCUMENT,STRATEGY,NO,0,94,NOT_REQUIRED,YES,RETAINED_SINGLE_ROLE_OR_FROZEN_STRATEGY
LS-MD-0075,book/Downstream_Data_Readiness_Guarantee_LOCKED.md,DBB771D9A74BE99A1D3C3293A39F1B3FB29020DE,FULL_DOCUMENT,STRATEGY,NO,0,76,NOT_REQUIRED,YES,RETAINED_SINGLE_ROLE_OR_FROZEN_STRATEGY
LS-MD-0076,book/Effective_Trade_Date_Contract_LOCKED.md,7D3C3EDAEC7CE8D5550F92CE9EA2A8F02C481134,FULL_DOCUMENT,STRATEGY,NO,0,27,NOT_REQUIRED,YES,RETAINED_SINGLE_ROLE_OR_FROZEN_STRATEGY
LS-MD-0077,book/Eligibility_Partial_Data_Behavior_LOCKED.md,79067C60B394D1F7493F7790B1CE24E0952205FA,FULL_DOCUMENT,STRATEGY,NO,0,59,NOT_REQUIRED,YES,RETAINED_SINGLE_ROLE_OR_FROZEN_STRATEGY
LS-MD-0078,book/EOD_Bars_Contract.md,19F64F20E9B38E3D45C79E97862B1884157A7B50,FULL_DOCUMENT,STRATEGY,NO,0,141,NOT_REQUIRED,YES,RETAINED_SINGLE_ROLE_OR_FROZEN_STRATEGY
LS-MD-0079,book/EOD_COVERAGE_GATE_CONTRACT_LOCKED.md,9DC7B4144BCB09E0EB0B28F2B41876CDDB227166,FULL_DOCUMENT,STRATEGY,NO,0,145,NOT_REQUIRED,YES,RETAINED_SINGLE_ROLE_OR_FROZEN_STRATEGY
LS-MD-0080,book/EOD_Cutoff_and_Finalization_Contract_LOCKED.md,8569C53CC6EB4F110B76E3043B522ACBDE73B9B7,FULL_DOCUMENT,STRATEGY,NO,0,53,NOT_REQUIRED,YES,RETAINED_SINGLE_ROLE_OR_FROZEN_STRATEGY
LS-MD-0081,book/EOD_Data_Retention_and_History_Rewrite_Policy_LOCKED.md,418920341E7E60F371E46879793441E9607544E2,FULL_DOCUMENT,STRATEGY,NO,0,101,NOT_REQUIRED,YES,RETAINED_SINGLE_ROLE_OR_FROZEN_STRATEGY
LS-MD-0082,book/EOD_Eligibility_Snapshot_Contract_LOCKED.md,E0AE7FDFCC7E5B04549A65666EC204739B9251FD,FULL_DOCUMENT,STRATEGY,NO,0,133,NOT_REQUIRED,YES,RETAINED_SINGLE_ROLE_OR_FROZEN_STRATEGY
LS-MD-0083,book/EOD_Indicators_Contract.md,D70186C635CBB9EF4F54ABD4AE0AB725E5F38FDB,FULL_DOCUMENT,STRATEGY,NO,0,88,NOT_REQUIRED,YES,RETAINED_SINGLE_ROLE_OR_FROZEN_STRATEGY
LS-MD-0084,book/EOD_SOURCE_OPERATIONAL_RESILIENCE_CONTRACT_LOCKED.md,041B584C82FDA614B7862CFFF1E949C7EB987A99,FULL_DOCUMENT,STRATEGY,NO,0,360,NOT_REQUIRED,YES,RETAINED_SINGLE_ROLE_OR_FROZEN_STRATEGY
LS-MD-0085,book/Finalize_Lock_And_Pointer_Behavior_LOCKED.md,270FE0D2D095D4FD1A70B750DDDC0F82600A9DFB,FULL_DOCUMENT,STRATEGY,NO,0,135,NOT_REQUIRED,YES,RETAINED_SINGLE_ROLE_OR_FROZEN_STRATEGY
LS-MD-0086,book/Force_Replace_Operator_Control_Policy_LOCKED.md,AEEB8CEE15370DFE9D675C580FA83D8A846A705C,FULL_DOCUMENT,STRATEGY,NO,0,161,NOT_REQUIRED,YES,RETAINED_SINGLE_ROLE_OR_FROZEN_STRATEGY
LS-MD-0087,book/Hash_Number_Formatting_LOCKED.md,EBEB8BC26F5624EE230207CEF89C1E4AC49B256A,FULL_DOCUMENT,STRATEGY,NO,0,39,NOT_REQUIRED,YES,RETAINED_SINGLE_ROLE_OR_FROZEN_STRATEGY
LS-MD-0088,book/Historical_Correction_and_Reseal_Contract_LOCKED.md,3E6C8B81F391A848822415981C9DED121148EE80,FULL_DOCUMENT,STRATEGY,NO,0,226,NOT_REQUIRED,YES,RETAINED_SINGLE_ROLE_OR_FROZEN_STRATEGY
LS-MD-0089,book/Import_Promote_Separation_Contract.md,F79FF1A3D106029F9A76793BDB1FFD9E1941FF4A,FULL_DOCUMENT,STRATEGY,NO,0,63,NOT_REQUIRED,YES,RETAINED_SINGLE_ROLE_OR_FROZEN_STRATEGY
LS-MD-0090,book/INDEX.md,7449D43B52C0652DC2279843BEBD9B1A56ECE3B8,FULL_DOCUMENT,HISTORY,NO,0,111,NOT_REQUIRED,YES,RETAINED_SINGLE_ROLE_OR_FROZEN_STRATEGY
LS-MD-0091,book/Indicator_Nullability_And_OHLCV_Gap_Contract.md,3A4EAC7F640B4340F0030AB6AA16C37F988810D7,FULL_DOCUMENT,STRATEGY,NO,0,40,NOT_REQUIRED,YES,RETAINED_SINGLE_ROLE_OR_FROZEN_STRATEGY
LS-MD-0092,book/Indicator_Recompute_Source_Scope_Contract.md,7A87F7F50F6095965AC35F12AC1656139BD6B262,FULL_DOCUMENT,STRATEGY,NO,0,72,NOT_REQUIRED,YES,RETAINED_SINGLE_ROLE_OR_FROZEN_STRATEGY
LS-MD-0093,book/Invalid_Bar_Storage_Policy_LOCKED.md,B7EAFDFBF4378902E5BB6B6AA4B0B87AB6C4AAB3,FULL_DOCUMENT,STRATEGY,NO,0,10,NOT_REQUIRED,YES,RETAINED_SINGLE_ROLE_OR_FROZEN_STRATEGY
LS-MD-0094,book/Manual_File_Publishability_Policy_LOCKED.md,6D9134E20165BA0E5586E965E3BA00E60B7E1E23,FULL_DOCUMENT,STRATEGY,NO,0,177,NOT_REQUIRED,YES,RETAINED_SINGLE_ROLE_OR_FROZEN_STRATEGY
LS-MD-0095,book/Market_Calendar_Requirements_Contract.md,677C75EA4A2E50934D7003585393A85D67AB2D45,FULL_DOCUMENT,STRATEGY,NO,0,160,NOT_REQUIRED,YES,RETAINED_SINGLE_ROLE_OR_FROZEN_STRATEGY
LS-MD-0096,book/Market_Daily_Metrics_Contract.md,3F8B40E65FBFD735C47979CFF922E54B11A1CB01,FULL_DOCUMENT,STRATEGY,NO,0,39,NOT_REQUIRED,YES,RETAINED_SINGLE_ROLE_OR_FROZEN_STRATEGY
LS-MD-0097,book/Market_Data_Implementation_Command_Protocol_LOCKED.md,04D7D01CCDB819D7006D7EED9C03A0CE3290C13F,FULL_DOCUMENT,HISTORY,NO,0,325,NOT_REQUIRED,YES,RETAINED_SINGLE_ROLE_OR_FROZEN_STRATEGY
LS-MD-0098,book/Market_Data_Implementation_Conformance_Matrix_LOCKED.md,AB3DDE5B2DF64DC21D14AE5F4871DF6F5DA7F099,FULL_DOCUMENT,HISTORY,NO,0,556,NOT_REQUIRED,YES,RETAINED_SINGLE_ROLE_OR_FROZEN_STRATEGY
LS-MD-0099,book/Market_Data_Strategy_Implementation_Blueprint_LOCKED.md,4C9A34F77420D08222315973E7EE84ADC8080106,FULL_DOCUMENT,HISTORY,NO,0,436,NOT_REQUIRED,YES,RETAINED_SINGLE_ROLE_OR_FROZEN_STRATEGY
LS-MD-0100,book/Publication_Current_Pointer_Integrity_Contract_LOCKED.md,A11D1140FD155F133F6659B19CD588969DDB1052,FULL_DOCUMENT,STRATEGY,NO,0,136,NOT_REQUIRED,YES,RETAINED_SINGLE_ROLE_OR_FROZEN_STRATEGY
LS-MD-0101,book/Publication_Lock_And_Replacement_Policy_LOCKED.md,E5475522309AE686724CBECE33D9E29C1FE5EE2D,FULL_DOCUMENT,STRATEGY,NO,0,223,NOT_REQUIRED,YES,RETAINED_SINGLE_ROLE_OR_FROZEN_STRATEGY
LS-MD-0102,book/Publication_Manifest_Contract_LOCKED.md,F6F41F6C1B4450AE8248E675EF4A7F383ED88227,FULL_DOCUMENT,STRATEGY,NO,0,129,NOT_REQUIRED,YES,RETAINED_SINGLE_ROLE_OR_FROZEN_STRATEGY
LS-MD-0103,book/Publication_Traceability_Immutability_Lineage_LOCKED.md,CEFF98397CB096EBB3C34C75138DE0830763EF0A,FULL_DOCUMENT,STRATEGY,NO,0,141,NOT_REQUIRED,YES,RETAINED_SINGLE_ROLE_OR_FROZEN_STRATEGY
LS-MD-0104,book/Publishability_Coverage_Fallback_Cross_Consistency_Contract_LOCKED.md,C1763EB9910748576EC53F2A0E4F9F1C3A9D48E0,FULL_DOCUMENT,STRATEGY,NO,0,250,NOT_REQUIRED,YES,RETAINED_SINGLE_ROLE_OR_FROZEN_STRATEGY
LS-MD-0105,book/Publishability_State_Integrity_Contract_LOCKED.md,6499797446AD0EF829411737A54D43FC3EAB5594,FULL_DOCUMENT,STRATEGY,NO,0,155,NOT_REQUIRED,YES,RETAINED_SINGLE_ROLE_OR_FROZEN_STRATEGY
LS-MD-0106,book/Read_Side_Enforcement_Anti_Bypass_Contract_LOCKED.md,30A0FDCED846A812D39B7064CA1BFC31995CD6A0,FULL_DOCUMENT,STRATEGY,NO,0,57,NOT_REQUIRED,YES,RETAINED_SINGLE_ROLE_OR_FROZEN_STRATEGY
LS-MD-0107,book/Replay_Verification_Contract_LOCKED.md,F46285AD7A15F11D255C34EE93577C77AA8424C0,FULL_DOCUMENT,STRATEGY,NO,0,109,NOT_REQUIRED,YES,RETAINED_SINGLE_ROLE_OR_FROZEN_STRATEGY
LS-MD-0108,book/Run_Status_and_Quality_Gates_LOCKED.md,93CDB6BED7C0DC7E593551550C1F22863D5697E9,FULL_DOCUMENT,STRATEGY,NO,0,174,NOT_REQUIRED,YES,RETAINED_SINGLE_ROLE_OR_FROZEN_STRATEGY
LS-MD-0109,book/Sector_Classification_Contract_LOCKED.md,853D9CE2EFF062041BAB1065C897F5D949E37213,FULL_DOCUMENT,STRATEGY,NO,0,102,NOT_REQUIRED,YES,RETAINED_SINGLE_ROLE_OR_FROZEN_STRATEGY
LS-MD-0110,book/Source_Data_Acquisition_Contract_LOCKED.md,C20DDA589CF00B113BC055AD127537DA80347A62,FULL_DOCUMENT,STRATEGY,NO,0,358,NOT_REQUIRED,YES,RETAINED_SINGLE_ROLE_OR_FROZEN_STRATEGY
LS-MD-0111,book/Source_Mapping_Contract_LOCKED.md,44559844825D7E2AB556123C97DD192A32408BB7,FULL_DOCUMENT,STRATEGY,NO,0,37,NOT_REQUIRED,YES,RETAINED_SINGLE_ROLE_OR_FROZEN_STRATEGY
LS-MD-0112,book/Symbol_Lifecycle_and_Mapping_Contract.md,5A12D46592E1415401B8BCF707026CBD9C44CA05,FULL_DOCUMENT,STRATEGY,NO,0,82,NOT_REQUIRED,YES,RETAINED_SINGLE_ROLE_OR_FROZEN_STRATEGY
LS-MD-0113,book/Terminology_and_Scope.md,A2FD4CCF6D8FEE0A3308D5B188BCA8AA8AE098EE,FULL_DOCUMENT,STRATEGY,NO,0,331,NOT_REQUIRED,YES,RETAINED_SINGLE_ROLE_OR_FROZEN_STRATEGY
LS-MD-0114,book/Tickers_and_Identity_Dependency_Contract_LOCKED.md,0B0FA8C60D6547675456838E771894D65FF31B1E,FULL_DOCUMENT,STRATEGY,NO,0,136,NOT_REQUIRED,YES,RETAINED_SINGLE_ROLE_OR_FROZEN_STRATEGY
LS-MD-0115,book/Trading_Status_Source_Contract_LOCKED.md,AB4F6A09AE650981626ACD9D352210417FE6B429,FULL_DOCUMENT,STRATEGY,NO,0,136,NOT_REQUIRED,YES,RETAINED_SINGLE_ROLE_OR_FROZEN_STRATEGY
LS-MD-0116,book/Yahoo_Finance_Bootstrap_Source_Strategy.md,B0D717413191F6C7585328A724F5C6133BCBFDFA,FULL_DOCUMENT,STRATEGY,NO,0,292,NOT_REQUIRED,YES,RETAINED_SINGLE_ROLE_OR_FROZEN_STRATEGY
LS-MD-0117,db/Database_Schema_Contracts_MariaDB.md,AE7623C05C452252B58A0E742F729E64336B1927,FULL_DOCUMENT,IMPLEMENTATION_DB,NO,0,127,NOT_REQUIRED,YES,RETAINED_SINGLE_ROLE_OR_FROZEN_STRATEGY
LS-MD-0118,db/Database_Schema_MariaDB.sql,EFAC1C8E2438D039BBCC5662389375C661863039,FULL_DOCUMENT,IMPLEMENTATION_DB,NO,0,,NOT_REQUIRED,YES,RETAINED_SINGLE_ROLE_OR_FROZEN_STRATEGY
LS-MD-0119,db/DB_FIELDS_AND_METADATA.md,CC6C88F572DB9675B9A81EA5F3E59BFCDE9E1F2F,FULL_DOCUMENT,IMPLEMENTATION_DB,NO,0,495,NOT_REQUIRED,YES,RETAINED_SINGLE_ROLE_OR_FROZEN_STRATEGY
LS-MD-0120,db/DB_Schema_And_Migration_Sync_Contract_LOCKED.md,A9023806E44659DF8A51BFE79968D95DDC2E5241,FULL_DOCUMENT,IMPLEMENTATION_DB,NO,0,77,NOT_REQUIRED,YES,RETAINED_SINGLE_ROLE_OR_FROZEN_STRATEGY
LS-MD-0121,db/EOD_Current_Publication_Pointer_Table.sql,517A5CBC57D366E5C2121C24E20792E2F7BF0808,FULL_DOCUMENT,IMPLEMENTATION_DB,NO,0,,NOT_REQUIRED,YES,RETAINED_SINGLE_ROLE_OR_FROZEN_STRATEGY
LS-MD-0122,db/EOD_Publications_Table.sql,40BCAD191F98A719E5E7E6099C20610A36F4C527,FULL_DOCUMENT,IMPLEMENTATION_DB,NO,0,,NOT_REQUIRED,YES,RETAINED_SINGLE_ROLE_OR_FROZEN_STRATEGY
LS-MD-0123,db/Indices_and_Constraints_Contract_LOCKED.md,1D6C0663CD9918E5D5123C7A303CB5063FF5192F,FULL_DOCUMENT,IMPLEMENTATION_DB,NO,0,164,NOT_REQUIRED,YES,RETAINED_SINGLE_ROLE_OR_FROZEN_STRATEGY
LS-MD-0124,db/MARKET_DATA_DICTIONARY.md,C0513D183E680F5B20F41F654EBA4D46589999AA,FULL_DOCUMENT,IMPLEMENTATION_DB,NO,0,230,NOT_REQUIRED,YES,RETAINED_SINGLE_ROLE_OR_FROZEN_STRATEGY
LS-MD-0125,db/Migration_Policy_LOCKED.md,21CE67A8635AC3697D1F676497FD50DB7806DC1A,FULL_DOCUMENT,IMPLEMENTATION_DB,NO,0,6,NOT_REQUIRED,YES,RETAINED_SINGLE_ROLE_OR_FROZEN_STRATEGY
LS-MD-0126,db/migrations/.gitkeep,DA39A3EE5E6B4B0D3255BFEF95601890AFD80709,FULL_DOCUMENT,IMPLEMENTATION_DB,NO,0,,NOT_REQUIRED,YES,RETAINED_SINGLE_ROLE_OR_FROZEN_STRATEGY
LS-MD-0127,db/Optional_Fetch_Failures_Table.md,08FC81AED7FD7F8DB166D6CBDC76055E49A06136,FULL_DOCUMENT,IMPLEMENTATION_DB,NO,0,74,NOT_REQUIRED,YES,RETAINED_SINGLE_ROLE_OR_FROZEN_STRATEGY
LS-MD-0128,db/Optional_Fetch_Failures_Table.sql,9FC509B3C4769D9D3D8BC5FB6F321ED1FA9FD314,FULL_DOCUMENT,IMPLEMENTATION_DB,NO,0,,NOT_REQUIRED,YES,RETAINED_SINGLE_ROLE_OR_FROZEN_STRATEGY
LS-MD-0129,db/Publication_Current_Pointer_Switch_Procedure_LOCKED.sql,1B83F36970439506F3A0E15FC916D32C5CAC3EE0,FULL_DOCUMENT,IMPLEMENTATION_DB,NO,0,,NOT_REQUIRED,YES,RETAINED_SINGLE_ROLE_OR_FROZEN_STRATEGY
LS-MD-0130,db/Publication_Switch_Procedure_LOCKED.sql,0277FD5D907CA8CF94032A3F2F8A25FC88EEEAFB,FULL_DOCUMENT,IMPLEMENTATION_DB,NO,0,,NOT_REQUIRED,YES,RETAINED_SINGLE_ROLE_OR_FROZEN_STRATEGY
LS-MD-0131,db/README.md,47708F02975C4C5F5BF8CA05471CC15DC15014E4,FULL_DOCUMENT,IMPLEMENTATION_DB,NO,0,26,NOT_REQUIRED,YES,RETAINED_SINGLE_ROLE_OR_FROZEN_STRATEGY
LS-MD-0132,db/Schema_Enforcement_Notes_LOCKED.md,2A8D3FBE29C66A935B11DEFA6B7762B350278E6E,FULL_DOCUMENT,IMPLEMENTATION_DB,NO,0,72,NOT_REQUIRED,YES,RETAINED_SINGLE_ROLE_OR_FROZEN_STRATEGY
LS-MD-0133,evidence/corporate_actions/stage_6_ksei_stock_split_terms_v1.json,257A89B441785BECD9AA5BF43986B29CAD196557,FULL_DOCUMENT,EVIDENCE,NO,0,,NOT_REQUIRED,YES,RETAINED_SINGLE_ROLE_OR_FROZEN_STRATEGY
LS-MD-0134,evidence/corrections/correction_9001/correction_diff.json,D37FADDA3F2EF6B93FD90CCCF321F79EAE43E861,FULL_DOCUMENT,EVIDENCE,NO,0,,NOT_REQUIRED,YES,RETAINED_SINGLE_ROLE_OR_FROZEN_STRATEGY
LS-MD-0135,evidence/corrections/correction_9001/correction_request.json,BE5177E98E327C155BDA9C7DB29C49B5F301F73B,FULL_DOCUMENT,EVIDENCE,NO,0,,NOT_REQUIRED,YES,RETAINED_SINGLE_ROLE_OR_FROZEN_STRATEGY
LS-MD-0136,evidence/corrections/correction_9001/evidence_admission.json,D52E0FAA441ED43D23BA58F18746EE9F1E30A349,FULL_DOCUMENT,EVIDENCE,NO,0,,NOT_REQUIRED,YES,RETAINED_SINGLE_ROLE_OR_FROZEN_STRATEGY
LS-MD-0137,evidence/corrections/correction_9001/new_publication_manifest.json,247E0F0543B254087C85275DB1F4E6A17CE247F5,FULL_DOCUMENT,EVIDENCE,NO,0,,NOT_REQUIRED,YES,RETAINED_SINGLE_ROLE_OR_FROZEN_STRATEGY
LS-MD-0138,evidence/corrections/correction_9001/prior_publication_manifest.json,F98B3F84778047E6715620DE10B04D01B670E27C,FULL_DOCUMENT,EVIDENCE,NO,0,,NOT_REQUIRED,YES,RETAINED_SINGLE_ROLE_OR_FROZEN_STRATEGY
LS-MD-0139,evidence/corrections/correction_9001/publication_switch_result.json,F606E357A8CECD0A2405E7F3881069D4EFB8C46F,FULL_DOCUMENT,EVIDENCE,NO,0,,NOT_REQUIRED,YES,RETAINED_SINGLE_ROLE_OR_FROZEN_STRATEGY
LS-MD-0140,evidence/market_structure/stage_7_idx_regular_market_structure_v1.json,DABC0F49F07C036EFBA843C83689F0C150F7203E,FULL_DOCUMENT,EVIDENCE,NO,0,,NOT_REQUIRED,YES,RETAINED_SINGLE_ROLE_OR_FROZEN_STRATEGY
LS-MD-0141,evidence/README.md,B860FEE49ADB246B224A794CCB9E4F6D2376BA2B,FULL_DOCUMENT,HISTORY,NO,0,98,NOT_REQUIRED,YES,RETAINED_SINGLE_ROLE_OR_FROZEN_STRATEGY
LS-MD-0142,evidence/replays/replay_3001/evidence_admission.json,9229F08A452A5CF09EDB5541745876E81DB7E4F2,FULL_DOCUMENT,EVIDENCE,NO,0,,NOT_REQUIRED,YES,RETAINED_SINGLE_ROLE_OR_FROZEN_STRATEGY
LS-MD-0143,evidence/replays/replay_3001/replay_reason_code_counts.json,1DCA531AF0133030D8017BCB5356DCB9B68C73C4,FULL_DOCUMENT,EVIDENCE,NO,0,,NOT_REQUIRED,YES,RETAINED_SINGLE_ROLE_OR_FROZEN_STRATEGY
LS-MD-0144,evidence/replays/replay_3001/replay_result.json,2898B1F4294B472FAB5758DB5BDE00F605E66231,FULL_DOCUMENT,EVIDENCE,NO,0,,NOT_REQUIRED,YES,RETAINED_SINGLE_ROLE_OR_FROZEN_STRATEGY
LS-MD-0145,evidence/runs/run_8124/anomaly_report.md,4530DD5050EB86611B25514ED0175A87BA3E6A35,FULL_DOCUMENT,EVIDENCE,NO,0,11,NOT_REQUIRED,YES,RETAINED_SINGLE_ROLE_OR_FROZEN_STRATEGY
LS-MD-0146,evidence/runs/run_8124/eligibility_export.csv,C9E0283820FACE57D99E2B1D18B4CF8DCC53D944,FULL_DOCUMENT,EVIDENCE,NO,0,,NOT_REQUIRED,YES,RETAINED_SINGLE_ROLE_OR_FROZEN_STRATEGY
LS-MD-0147,evidence/runs/run_8124/evidence_admission.json,88252AB44FAF9ACBD00C27BAF3F88F9BD55B8E3C,FULL_DOCUMENT,EVIDENCE,NO,0,,NOT_REQUIRED,YES,RETAINED_SINGLE_ROLE_OR_FROZEN_STRATEGY
LS-MD-0148,evidence/runs/run_8124/publication_manifest.json,9904B6A00296A069C707261ADA5F662494E59C71,FULL_DOCUMENT,EVIDENCE,NO,0,,NOT_REQUIRED,YES,RETAINED_SINGLE_ROLE_OR_FROZEN_STRATEGY
LS-MD-0149,evidence/runs/run_8124/run_event_summary.json,91A882B942EC3458ADC92EB544280A99C8991C7D,FULL_DOCUMENT,EVIDENCE,NO,0,,NOT_REQUIRED,YES,RETAINED_SINGLE_ROLE_OR_FROZEN_STRATEGY
LS-MD-0150,evidence/runs/run_8124/run_summary.json,053D70D0F839301102E9DC29EDA2920ABA03D3E0,FULL_DOCUMENT,EVIDENCE,NO,0,,NOT_REQUIRED,YES,RETAINED_SINGLE_ROLE_OR_FROZEN_STRATEGY
LS-MD-0151,evidence/runs/run_8131_requested_date_failed/blocked_reason_code_counts.json,A92CA2CD4FAF91DED51498517071983B64F1D3DA,FULL_DOCUMENT,EVIDENCE,NO,0,,NOT_REQUIRED,YES,RETAINED_SINGLE_ROLE_OR_FROZEN_STRATEGY
LS-MD-0152,evidence/runs/run_8131_requested_date_failed/evidence_admission.json,16E895B3EA739E6ACEC6965A3722952690C3014C,FULL_DOCUMENT,EVIDENCE,NO,0,,NOT_REQUIRED,YES,RETAINED_SINGLE_ROLE_OR_FROZEN_STRATEGY
LS-MD-0153,evidence/runs/run_8131_requested_date_failed/failure_report.md,5E109993D80A782BEC3D848E9B1A1F81B18BEF73,FULL_DOCUMENT,EVIDENCE,NO,0,11,NOT_REQUIRED,YES,RETAINED_SINGLE_ROLE_OR_FROZEN_STRATEGY
LS-MD-0154,evidence/runs/run_8131_requested_date_failed/run_event_summary.json,C506C7375B1FEFA40F083D00233B6B59041D09B0,FULL_DOCUMENT,EVIDENCE,NO,0,,NOT_REQUIRED,YES,RETAINED_SINGLE_ROLE_OR_FROZEN_STRATEGY
LS-MD-0155,evidence/runs/run_8131_requested_date_failed/run_summary.json,360083E6F10181835EE996D41E4B43C046014317,FULL_DOCUMENT,EVIDENCE,NO,0,,NOT_REQUIRED,YES,RETAINED_SINGLE_ROLE_OR_FROZEN_STRATEGY
LS-MD-0156,evidence/tests/correction_failed_reseal_no_switch/evidence_admission.json,FA112F5B15891E4AB581D38EBD87D206CC25AF63,FULL_DOCUMENT,EVIDENCE,NO,0,,NOT_REQUIRED,YES,RETAINED_SINGLE_ROLE_OR_FROZEN_STRATEGY
LS-MD-0157,evidence/tests/correction_failed_reseal_no_switch/test_result.json,366BD81F514E4907F44106CF0FF712349FE88FF0,FULL_DOCUMENT,EVIDENCE,NO,0,,NOT_REQUIRED,YES,RETAINED_SINGLE_ROLE_OR_FROZEN_STRATEGY
LS-MD-0158,evidence/tests/hash_same_content_same_hash/evidence_admission.json,4E7B7407F4173C42FE99933AFFD2881F47FEB33E,FULL_DOCUMENT,EVIDENCE,NO,0,,NOT_REQUIRED,YES,RETAINED_SINGLE_ROLE_OR_FROZEN_STRATEGY
LS-MD-0159,evidence/tests/hash_same_content_same_hash/test_result.json,7D0C28745A34FDA548145F8815DAA61FB9C27D62,FULL_DOCUMENT,EVIDENCE,NO,0,,NOT_REQUIRED,YES,RETAINED_SINGLE_ROLE_OR_FROZEN_STRATEGY
LS-MD-0160,evidence/trading_status/stage_8_idx_long_suspension_2026-06-30_v1.json,6041F2B02E634B5BF4B7C0B40CB05C6C860FF0C6,FULL_DOCUMENT,EVIDENCE,NO,0,,NOT_REQUIRED,YES,RETAINED_SINGLE_ROLE_OR_FROZEN_STRATEGY
LS-MD-0161,examples/ARCHIVED_EVIDENCE_FOLDER_STRUCTURE_LOCKED.md,0747973DD748927D6E1C17BC3A9E113303CA2088,FULL_DOCUMENT,IMPLEMENTATION_EXAMPLE,NO,0,93,NOT_REQUIRED,YES,RETAINED_SINGLE_ROLE_OR_FROZEN_STRATEGY
LS-MD-0162,examples/Executed_Correction_Diff_Example_LOCKED.md,1F6536676CCFF853D81B8AE312F94BD462009036,FULL_DOCUMENT,IMPLEMENTATION_EXAMPLE,NO,0,43,NOT_REQUIRED,YES,RETAINED_SINGLE_ROLE_OR_FROZEN_STRATEGY
LS-MD-0163,examples/Executed_Publication_Manifest_Example_LOCKED.md,9B3E5CEFC7EFCD9747A8CC0BA7234505B2EF6084,FULL_DOCUMENT,IMPLEMENTATION_EXAMPLE,NO,0,55,NOT_REQUIRED,YES,RETAINED_SINGLE_ROLE_OR_FROZEN_STRATEGY
LS-MD-0164,examples/Executed_Replay_Evidence_Example_LOCKED.md,3ABBA7451A677E45997570F2C790D08B70AED6E1,FULL_DOCUMENT,IMPLEMENTATION_EXAMPLE,NO,0,45,NOT_REQUIRED,YES,RETAINED_SINGLE_ROLE_OR_FROZEN_STRATEGY
LS-MD-0165,examples/Executed_Run_Evidence_Bundle_Example_LOCKED.md,4B56A967C1CFC88A1E0A14C5FB1708DA2E0EC6D6,FULL_DOCUMENT,IMPLEMENTATION_EXAMPLE,NO,0,76,NOT_REQUIRED,YES,RETAINED_SINGLE_ROLE_OR_FROZEN_STRATEGY
LS-MD-0166,examples/Executed_Test_Run_Example_LOCKED.md,E522346D7BF4A12FB61223ABEC95DA9CAB33E12E,FULL_DOCUMENT,IMPLEMENTATION_EXAMPLE,NO,0,55,NOT_REQUIRED,YES,RETAINED_SINGLE_ROLE_OR_FROZEN_STRATEGY
LS-MD-0167,examples/README.md,D1933D72EB261D7A6CD37FE37D68675DDF986CFD,FULL_DOCUMENT,IMPLEMENTATION_EXAMPLE,NO,0,5,NOT_REQUIRED,YES,RETAINED_SINGLE_ROLE_OR_FROZEN_STRATEGY
LS-MD-0168,indicators/EOD_Indicators_Formula_Spec.md,F72C7BFD4657D1450A50D710C8CE6C7BB6E9696A,FULL_DOCUMENT,STRATEGY,NO,0,167,NOT_REQUIRED,YES,RETAINED_SINGLE_ROLE_OR_FROZEN_STRATEGY
LS-MD-0169,indicators/Indicator_Computation_Specification.md,9837A0212E672292EBA55755B70B59892AC6B097,FULL_DOCUMENT,STRATEGY,NO,0,78,NOT_REQUIRED,YES,RETAINED_SINGLE_ROLE_OR_FROZEN_STRATEGY
LS-MD-0170,ops/Archived_Actual_Execution_Evidence_Contract_LOCKED.md,A4F20DDC13F3B552646DADB3798CC9D50374594E,FULL_DOCUMENT,STRATEGY,NO,0,95,NOT_REQUIRED,YES,RETAINED_SINGLE_ROLE_OR_FROZEN_STRATEGY
LS-MD-0171,ops/Audit_Evidence_Pack_Contract_LOCKED.md,0B1739489EA556F9607AF0B962348E9EA6199876,FULL_DOCUMENT,STRATEGY,NO,0,237,NOT_REQUIRED,YES,RETAINED_SINGLE_ROLE_OR_FROZEN_STRATEGY
LS-MD-0172,ops/Audit_Query_Cookbook_LOCKED.md,968D6A1E6F55CE346F309A18D8DC58596D5FFF41,FULL_DOCUMENT,IMPLEMENTATION_GUIDANCE,NO,0,197,NOT_REQUIRED,YES,RETAINED_SINGLE_ROLE_OR_FROZEN_STRATEGY
LS-MD-0173,ops/Bootstrap_and_Backfill_Runbook_LOCKED.md,F951ADF91550A083E6DC09FA0EBB2BFF1896E155,FULL_DOCUMENT,IMPLEMENTATION_GUIDANCE,NO,0,30,NOT_REQUIRED,YES,RETAINED_SINGLE_ROLE_OR_FROZEN_STRATEGY
LS-MD-0174,ops/COMMAND_SURFACE_SAFETY_INVENTORY.md,4A1D5DF36286F6499A44A9A6E49E45976F3253D1,FULL_DOCUMENT,CONTEXT;EVIDENCE;FINDING;GOVERNANCE;IMPLEMENTATION,YES,6,128,FULL_100_PERCENT_EXACT,NO,REMOVED_AFTER_FULL_SEMANTIC_SPLIT
LS-MD-0175,ops/commands/01_DAILY_PIPELINE.md,DAB5198E14C3C211FC44D2B7BF7B86A8758096D0,FULL_DOCUMENT,IMPLEMENTATION_GUIDANCE,NO,0,69,NOT_REQUIRED,YES,RETAINED_SINGLE_ROLE_OR_FROZEN_STRATEGY
LS-MD-0176,ops/commands/02_IMPORT_DATA.md,EB63C6C735DD89924E693115DE22D45AE3DB0927,FULL_DOCUMENT,IMPLEMENTATION_GUIDANCE,NO,0,41,NOT_REQUIRED,YES,RETAINED_SINGLE_ROLE_OR_FROZEN_STRATEGY
LS-MD-0177,ops/commands/03_PROCESS_DATASET.md,6A7457278256D9BC6943A268545D87F042BC9817,FULL_DOCUMENT,IMPLEMENTATION_GUIDANCE,NO,0,26,NOT_REQUIRED,YES,RETAINED_SINGLE_ROLE_OR_FROZEN_STRATEGY
LS-MD-0178,ops/commands/04_FINALIZE_AND_PUBLISH.md,8D25208FE3B3E05BA02B1BD9548C02EE54CF2160,FULL_DOCUMENT,IMPLEMENTATION_GUIDANCE,NO,0,20,NOT_REQUIRED,YES,RETAINED_SINGLE_ROLE_OR_FROZEN_STRATEGY
LS-MD-0179,ops/commands/05_BACKFILL.md,7D024D1A49999C8FD30899BF32AC78581D6AE221,FULL_DOCUMENT,CONTEXT;EVIDENCE;GOVERNANCE;IMPLEMENTATION,YES,12,300,FULL_100_PERCENT_EXACT,NO,REMOVED_AFTER_FULL_SEMANTIC_SPLIT
LS-MD-0180,ops/commands/06_CORRECTION.md,ACE96468A4193A1B93A69CAFAFD4DAEE4144D903,FULL_DOCUMENT,IMPLEMENTATION_GUIDANCE,NO,0,16,NOT_REQUIRED,YES,RETAINED_SINGLE_ROLE_OR_FROZEN_STRATEGY
LS-MD-0181,ops/commands/07_REPLAY_AND_EVIDENCE.md,69ACD8C419949E186A34113EFB82E20FF9E2C0CD,FULL_DOCUMENT,IMPLEMENTATION_GUIDANCE,NO,0,43,NOT_REQUIRED,YES,RETAINED_SINGLE_ROLE_OR_FROZEN_STRATEGY
LS-MD-0182,ops/commands/08_SESSION_SNAPSHOT.md,9BA58A88F2700119830D4E006D2F97BB5DFAF8E7,FULL_DOCUMENT,IMPLEMENTATION_GUIDANCE,NO,0,62,NOT_REQUIRED,YES,RETAINED_SINGLE_ROLE_OR_FROZEN_STRATEGY
LS-MD-0183,ops/commands/README.md,A062A30EBA5E4C426F3E0BD2DEAF7BB0B5109556,FULL_DOCUMENT,IMPLEMENTATION_GUIDANCE,NO,0,81,NOT_REQUIRED,YES,RETAINED_SINGLE_ROLE_OR_FROZEN_STRATEGY
LS-MD-0184,ops/Commands_and_Runbook_LOCKED.md,4428F3611A536ECB6BAED4FB00D59A5031B0AA74,FULL_DOCUMENT,STRATEGY,NO,0,36,NOT_REQUIRED,YES,RETAINED_SINGLE_ROLE_OR_FROZEN_STRATEGY
LS-MD-0185,ops/Config_Change_Protocol_LOCKED.md,FBAC0291FEA9C1C4B073C44A62BF46D6198BA0CC,FULL_DOCUMENT,STRATEGY,NO,0,9,NOT_REQUIRED,YES,RETAINED_SINGLE_ROLE_OR_FROZEN_STRATEGY
LS-MD-0186,ops/Credentials_and_Secrets_Contract.md,BD75710F5EE9183EEE6F98EF243C47E3AF078BFA,FULL_DOCUMENT,STRATEGY,NO,0,4,NOT_REQUIRED,YES,RETAINED_SINGLE_ROLE_OR_FROZEN_STRATEGY
LS-MD-0187,ops/Daily_Pipeline_Execution_and_Sealing_Runbook_LOCKED.md,2FEE94EE5FDE6C2CE29C54E60DD423B9E2070171,FULL_DOCUMENT,IMPLEMENTATION_GUIDANCE,NO,0,40,NOT_REQUIRED,YES,RETAINED_SINGLE_ROLE_OR_FROZEN_STRATEGY
LS-MD-0188,ops/Error_Taxonomy_and_Run_Status_Decision_Table_LOCKED.md,92B4154C9DBD2CB2C3CC1DE625152F2A13F8D0DE,FULL_DOCUMENT,STRATEGY,NO,0,37,NOT_REQUIRED,YES,RETAINED_SINGLE_ROLE_OR_FROZEN_STRATEGY
LS-MD-0189,ops/Executed_Run_Admission_Criteria_LOCKED.md,16A5B0AEBC4157FF3414FD1CCF06235D85B5DFF3,FULL_DOCUMENT,STRATEGY,NO,0,64,NOT_REQUIRED,YES,RETAINED_SINGLE_ROLE_OR_FROZEN_STRATEGY
LS-MD-0190,ops/Failure_Playbook_LOCKED.md,4F901F134DC7B5E82CEE174CE11F773F2ECFC63C,FULL_DOCUMENT,IMPLEMENTATION_GUIDANCE,NO,0,33,NOT_REQUIRED,YES,RETAINED_SINGLE_ROLE_OR_FROZEN_STRATEGY
LS-MD-0191,ops/Historical_Correction_Runbook_LOCKED.md,54C0625ECFF018B30CB5A67FDE87DA54CF025B46,FULL_DOCUMENT,IMPLEMENTATION_GUIDANCE,NO,0,283,NOT_REQUIRED,YES,RETAINED_SINGLE_ROLE_OR_FROZEN_STRATEGY
LS-MD-0192,ops/History_Table_Immutability_Guards_LOCKED.sql,2294F27FB6F7CD12414A4FFE94A6775E8D2026A3,FULL_DOCUMENT,IMPLEMENTATION_GUIDANCE,NO,0,,NOT_REQUIRED,YES,RETAINED_SINGLE_ROLE_OR_FROZEN_STRATEGY
LS-MD-0193,ops/IMPLEMENTATION_GUIDE.md,B1C243C0495F656521E520460BA2D8DB0473686A,FULL_DOCUMENT,IMPLEMENTATION_GUIDANCE,NO,0,16,NOT_REQUIRED,YES,RETAINED_SINGLE_ROLE_OR_FROZEN_STRATEGY
LS-MD-0194,ops/Incident_Classification_and_Response_Matrix_LOCKED.md,4807F1AC422E996EC04951E7CA0BE6BBBE9B1FEB,FULL_DOCUMENT,STRATEGY,NO,0,30,NOT_REQUIRED,YES,RETAINED_SINGLE_ROLE_OR_FROZEN_STRATEGY
LS-MD-0195,ops/Locking_Implementation_Standard_LOCKED.md,68C4D47E37CEC7426C8DB16BB6F9FD6A79AC2D1D,FULL_DOCUMENT,IMPLEMENTATION_GUIDANCE,NO,0,9,NOT_REQUIRED,YES,RETAINED_SINGLE_ROLE_OR_FROZEN_STRATEGY
LS-MD-0196,ops/Logging_Schema_JSON_LOCKED.md,174C13F5F636C59D3A454FA8E4EAEBD761D902BE,FULL_DOCUMENT,IMPLEMENTATION_GUIDANCE,NO,0,38,NOT_REQUIRED,YES,RETAINED_SINGLE_ROLE_OR_FROZEN_STRATEGY
LS-MD-0197,ops/LOGGING_TRACEABILITY_REASON_CODES_INVENTORY.md,A1940E4465EB5BE5C45139CB797981907401A453,FULL_DOCUMENT,FINDING;GOVERNANCE;IMPLEMENTATION,YES,4,46,FULL_100_PERCENT_EXACT,NO,REMOVED_AFTER_FULL_SEMANTIC_SPLIT
LS-MD-0198,ops/Observability_Minimum_Contract_LOCKED.md,D4603CC806C63DA66F926BC34165F94252045542,FULL_DOCUMENT,STRATEGY,NO,0,29,NOT_REQUIRED,YES,RETAINED_SINGLE_ROLE_OR_FROZEN_STRATEGY
LS-MD-0199,ops/OPERATIONAL_RUNBOOK.md,2C25F532C2559924577739109EA36A9DE7267112,FULL_DOCUMENT,IMPLEMENTATION_GUIDANCE,NO,0,264,NOT_REQUIRED,YES,RETAINED_SINGLE_ROLE_OR_FROZEN_STRATEGY
LS-MD-0200,ops/Operator_Decision_Trees_LOCKED.md,FCB64429D4A520D95127800A9EBB87F100030B4E,FULL_DOCUMENT,STRATEGY,NO,0,73,NOT_REQUIRED,YES,RETAINED_SINGLE_ROLE_OR_FROZEN_STRATEGY
LS-MD-0201,ops/OPS_ENVIRONMENT_BASELINE.md,4CD43340DAE04A7BB47B9DBDD430FACBC6FCAEF5,FULL_DOCUMENT,CONTEXT;DECISION;EVIDENCE;GOVERNANCE;IMPLEMENTATION,YES,6,136,FULL_100_PERCENT_EXACT,NO,REMOVED_AFTER_FULL_SEMANTIC_SPLIT
LS-MD-0202,ops/Performance_SLO_and_Limits_LOCKED.md,29B65C554AF9BEA3742E11823A82D41DFBA11208,FULL_DOCUMENT,STRATEGY,NO,0,80,NOT_REQUIRED,YES,RETAINED_SINGLE_ROLE_OR_FROZEN_STRATEGY
LS-MD-0203,ops/Release_Gates_LOCKED.md,E2C5D627AAC62E1C58735DEA7433DCC336B1DD98,FULL_DOCUMENT,STRATEGY,NO,0,19,NOT_REQUIRED,YES,RETAINED_SINGLE_ROLE_OR_FROZEN_STRATEGY
LS-MD-0204,ops/Resumable_Backfill_Contract_LOCKED.md,689572A8815FC6D9FB6894A3E252CC6FB6A70F4B,FULL_DOCUMENT,STRATEGY,NO,0,36,NOT_REQUIRED,YES,RETAINED_SINGLE_ROLE_OR_FROZEN_STRATEGY
LS-MD-0205,ops/Run_Artifacts_Format_LOCKED.md,4D5A48BCAE4046BE1385B941DFE566CF5B9672A9,FULL_DOCUMENT,STRATEGY,NO,0,561,NOT_REQUIRED,YES,RETAINED_SINGLE_ROLE_OR_FROZEN_STRATEGY
LS-MD-0206,ops/Run_Execution_Evidence_Pack_Contract_LOCKED.md,FFA1C871D67F76E0171FD9FD40AB5083A13DC18F,FULL_DOCUMENT,STRATEGY,NO,0,81,NOT_REQUIRED,YES,RETAINED_SINGLE_ROLE_OR_FROZEN_STRATEGY
LS-MD-0207,ops/Run_Ownership_and_Recovery_LOCKED.md,2E16C17FDBC4E916FE9E57C3508CCC27A123E0BC,FULL_DOCUMENT,STRATEGY,NO,0,71,NOT_REQUIRED,YES,RETAINED_SINGLE_ROLE_OR_FROZEN_STRATEGY
LS-MD-0208,ops/RUN_PUBLICATION_POINTER_LINKAGE_INVENTORY.md,D27A829A793A182A7BEF9796B85546AC7329B73A,FULL_DOCUMENT,EVIDENCE;GOVERNANCE;IMPLEMENTATION,YES,3,54,FULL_100_PERCENT_EXACT,NO,REMOVED_AFTER_FULL_SEMANTIC_SPLIT
LS-MD-0209,ops/Scheduling_and_Locking_Contract_LOCKED.md,A20EB0B337834E2CB896F871B0DA97456FE9446B,FULL_DOCUMENT,STRATEGY,NO,0,44,NOT_REQUIRED,YES,RETAINED_SINGLE_ROLE_OR_FROZEN_STRATEGY
LS-MD-0210,patches/README.md,BB5EBE47ACC0D12B4B54A92F3E6ED4DC53B92143,FULL_DOCUMENT,HISTORY,NO,0,5,NOT_REQUIRED,YES,RETAINED_SINGLE_ROLE_OR_FROZEN_STRATEGY
LS-MD-0211,patches/TRADING_STATUS_NON_EXCLUSION_CLEAR_PATCH.md,D7FA2DA1E496AD9DA1448E9736FD87DDADE28E6C,FULL_DOCUMENT,EVIDENCE;GOVERNANCE;IMPLEMENTATION,YES,4,87,FULL_100_PERCENT_EXACT,NO,REMOVED_AFTER_FULL_SEMANTIC_SPLIT
LS-MD-0212,patches/TRADING_STATUS_SEMANTICS_LONG_SUSPENSION_CLOSURE_2026_07_02.md,A26CB394EAA179AFC224499200FE3C7B5AAE0E7B,FULL_DOCUMENT,CONTEXT;DECISION;EVIDENCE;FINDING;GOVERNANCE,YES,6,172,FULL_100_PERCENT_EXACT,NO,REMOVED_AFTER_FULL_SEMANTIC_SPLIT
LS-MD-0213,patches/TRADING_STATUS_SOURCE_MODEL_SIMPLIFICATION_2026_07_02.md,3A438F772827F234842C4CCDEBFE8AB9A783C588,FULL_DOCUMENT,CONTEXT;DECISION;GOVERNANCE;IMPLEMENTATION,YES,6,123,FULL_100_PERCENT_EXACT,NO,REMOVED_AFTER_FULL_SEMANTIC_SPLIT
LS-MD-0214,README.md,654D3D246A56C8BF587B40FF6D275D31F30FDC9B,FULL_DOCUMENT,STRATEGY,NO,0,270,NOT_REQUIRED,YES,RETAINED_SINGLE_ROLE_OR_FROZEN_STRATEGY
LS-MD-0215,registry/Corporate_Action_Type_Registry_LOCKED.md,A96DFA722A9480CE0D499EA54673C0B637DE8ADB,FULL_DOCUMENT,STRATEGY,NO,0,272,NOT_REQUIRED,YES,RETAINED_SINGLE_ROLE_OR_FROZEN_STRATEGY
LS-MD-0216,registry/Exchange_Market_Structure_Facts_LOCKED.md,9941E7163806F1B985AF1BA6D5028081B1D082AF,FULL_DOCUMENT,STRATEGY,NO,0,118,NOT_REQUIRED,YES,RETAINED_SINGLE_ROLE_OR_FROZEN_STRATEGY
LS-MD-0217,registry/Indicator_Registry_Baseline_LOCKED.md,3A19AB8F61FD1788B2FAE29D1F1ADE429DB9FE40,FULL_DOCUMENT,STRATEGY,NO,0,130,NOT_REQUIRED,YES,RETAINED_SINGLE_ROLE_OR_FROZEN_STRATEGY
LS-MD-0218,registry/Platform_Config_Registry_LOCKED.md,6B61EE4D591054BAF3F44BFE7AD159AD09DF1E36,FULL_DOCUMENT,STRATEGY,NO,0,304,NOT_REQUIRED,YES,RETAINED_SINGLE_ROLE_OR_FROZEN_STRATEGY
LS-MD-0219,registry/Price_Adjustment_Contract_LOCKED.md,303A8523DDC42DF2A3E7BDD22BEBC5547D99D7FF,FULL_DOCUMENT,STRATEGY,NO,0,133,NOT_REQUIRED,YES,RETAINED_SINGLE_ROLE_OR_FROZEN_STRATEGY
LS-MD-0220,registry/Price_Scale_Break_Detection_LOCKED.md,653297FE2D3C79E3376549918B6FC6A2EE796F77,FULL_DOCUMENT,STRATEGY,NO,0,115,NOT_REQUIRED,YES,RETAINED_SINGLE_ROLE_OR_FROZEN_STRATEGY
LS-MD-0221,registry/Reason_Codes_Registry.md,19E607D87B1A5E493DEB2756426746022681EC38,FULL_DOCUMENT,STRATEGY,NO,0,491,NOT_REQUIRED,YES,RETAINED_SINGLE_ROLE_OR_FROZEN_STRATEGY
LS-MD-0222,registry/Reason_Codes_Seed.sql,5371801AC4BA46D132B2B4321B1D101DCFD8969D,FULL_DOCUMENT,IMPLEMENTATION_DB,NO,0,,NOT_REQUIRED,YES,RETAINED_SINGLE_ROLE_OR_FROZEN_STRATEGY
LS-MD-0223,registry/Volume_and_Turnover_Normalization_LOCKED.md,8863399D0A5EDB40CDEC2594B29EDCEA1A5A9B00,FULL_DOCUMENT,STRATEGY,NO,0,93,NOT_REQUIRED,YES,RETAINED_SINGLE_ROLE_OR_FROZEN_STRATEGY
LS-MD-0224,session_snapshot/Session_Snapshot_Contract_LOCKED.md,805DB06F231E40AB8C501370F200239F06FEBD08,FULL_DOCUMENT,STRATEGY,NO,0,47,NOT_REQUIRED,YES,RETAINED_SINGLE_ROLE_OR_FROZEN_STRATEGY
LS-MD-0225,session_snapshot/Session_Snapshot_Date_Alignment_with_Effective_Date_LOCKED.md,14E373EDB6D1CA53A8550EDF0BAD53D77B514113,FULL_DOCUMENT,STRATEGY,NO,0,14,NOT_REQUIRED,YES,RETAINED_SINGLE_ROLE_OR_FROZEN_STRATEGY
LS-MD-0226,session_snapshot/Session_Snapshot_Retention_Defaults_LOCKED.md,DE89005539719AD5058094599436342A53628714,FULL_DOCUMENT,STRATEGY,NO,0,6,NOT_REQUIRED,YES,RETAINED_SINGLE_ROLE_OR_FROZEN_STRATEGY
LS-MD-0227,session_snapshot/Session_Snapshot_Scope_Selection_and_Dependencies_LOCKED.md,E0EAD95D45259C4069739EECB7439B03039E11D9,FULL_DOCUMENT,STRATEGY,NO,0,61,NOT_REQUIRED,YES,RETAINED_SINGLE_ROLE_OR_FROZEN_STRATEGY
LS-MD-0228,session_snapshot/Snapshot_Slot_Tolerances_and_Session_Rules_LOCKED.md,0DFD74697D1D8A7CCBED1528E81D3F9091BED393,FULL_DOCUMENT,STRATEGY,NO,0,5,NOT_REQUIRED,YES,RETAINED_SINGLE_ROLE_OR_FROZEN_STRATEGY
LS-MD-0229,system/README.md,79F56CCA21C43E5B9DCAD658BD234D0192508EFB,FULL_DOCUMENT,IMPLEMENTATION_GUIDANCE,NO,0,54,NOT_REQUIRED,YES,RETAINED_SINGLE_ROLE_OR_FROZEN_STRATEGY
LS-MD-0230,system/SYSTEM_ARTIFACT_MAP.md,DE8DA91F4288D5DF0926135CC5F7B2BC60CD7B3F,FULL_DOCUMENT,IMPLEMENTATION_GUIDANCE,NO,0,47,NOT_REQUIRED,YES,RETAINED_SINGLE_ROLE_OR_FROZEN_STRATEGY
LS-MD-0231,system/SYSTEM_BOUNDARY.md,3A05A2016E17444C4CB65234315C472C4EDA6AA0,FULL_DOCUMENT,IMPLEMENTATION_GUIDANCE,NO,0,32,NOT_REQUIRED,YES,RETAINED_SINGLE_ROLE_OR_FROZEN_STRATEGY
LS-MD-0232,system/SYSTEM_CONTEXT_AND_DEPENDENCIES.md,C033FF82E11FB607DA79720E2456112C1A021837,FULL_DOCUMENT,IMPLEMENTATION_GUIDANCE,NO,0,84,NOT_REQUIRED,YES,RETAINED_SINGLE_ROLE_OR_FROZEN_STRATEGY
LS-MD-0233,system/SYSTEM_DATA_PRODUCT_MAP.md,79CB34A0E4B5C718A9FD4F61D83B3385F3F5EA84,FULL_DOCUMENT,IMPLEMENTATION_GUIDANCE,NO,0,123,NOT_REQUIRED,YES,RETAINED_SINGLE_ROLE_OR_FROZEN_STRATEGY
LS-MD-0234,system/SYSTEM_OVERVIEW.md,F1FE58A76373DD291835D22E07279CDD0B252FF6,FULL_DOCUMENT,IMPLEMENTATION_GUIDANCE,NO,0,46,NOT_REQUIRED,YES,RETAINED_SINGLE_ROLE_OR_FROZEN_STRATEGY
LS-MD-0235,system/SYSTEM_OWNERSHIP_MAP.md,36ED5710A68ED464C1E2CC7DD066AF755D6170F0,FULL_DOCUMENT,IMPLEMENTATION_GUIDANCE,NO,0,49,NOT_REQUIRED,YES,RETAINED_SINGLE_ROLE_OR_FROZEN_STRATEGY
LS-MD-0236,system/SYSTEM_PUBLICATION_AND_CORRECTION_OVERVIEW.md,16730123BA314C68A83164A4B51E562AB954E563,FULL_DOCUMENT,IMPLEMENTATION_GUIDANCE,NO,0,17,NOT_REQUIRED,YES,RETAINED_SINGLE_ROLE_OR_FROZEN_STRATEGY
LS-MD-0237,system/SYSTEM_READ_ORDER.md,4D54B05B88918B10DB33F4A2FC6CFC5AE996888D,FULL_DOCUMENT,IMPLEMENTATION_GUIDANCE,NO,0,87,NOT_REQUIRED,YES,RETAINED_SINGLE_ROLE_OR_FROZEN_STRATEGY
LS-MD-0238,system/SYSTEM_RUNTIME_FLOW.md,39728B686D03C376850E70825211C7F08905D11B,FULL_DOCUMENT,IMPLEMENTATION_GUIDANCE,NO,0,85,NOT_REQUIRED,YES,RETAINED_SINGLE_ROLE_OR_FROZEN_STRATEGY
LS-MD-0239,tests/Behavioral_Test_Coverage_Inventory.md,742C746586E0501E4D5B9983BCDE37F7B3DFC30F,FULL_DOCUMENT,CONTEXT;DECISION;EVIDENCE;GOVERNANCE;IMPLEMENTATION,YES,7,89,FULL_100_PERCENT_EXACT,NO,REMOVED_AFTER_FULL_SEMANTIC_SPLIT
LS-MD-0240,tests/Contract_Test_Matrix_LOCKED.md,1D581BF5714A80FC0B36C7CD99B137367F4CA48E,FULL_DOCUMENT,IMPLEMENTATION_TEST,NO,0,21,NOT_REQUIRED,YES,RETAINED_SINGLE_ROLE_OR_FROZEN_STRATEGY
LS-MD-0241,tests/Contract_Tests_Specification.md,AC585FDD0F64F74D1BDDB9F511D8D24A57C87147,FULL_DOCUMENT,CONTEXT;EVIDENCE;IMPLEMENTATION,YES,4,52,FULL_100_PERCENT_EXACT,NO,REMOVED_AFTER_FULL_SEMANTIC_SPLIT
LS-MD-0242,tests/Correction_Lifecycle_Safety_Test_Matrix.md,EEE9521E90D6D9E06BFB7093235F4E97353D4310,FULL_DOCUMENT,IMPLEMENTATION_TEST,NO,0,39,NOT_REQUIRED,YES,RETAINED_SINGLE_ROLE_OR_FROZEN_STRATEGY
LS-MD-0243,tests/Db_Integrity_Constraint_Inventory.md,F8EC0B923A05E4141D9FEF6A1E71E132AA698D5B,FULL_DOCUMENT,DECISION;EVIDENCE;GOVERNANCE;IMPLEMENTATION,YES,5,82,FULL_100_PERCENT_EXACT,NO,REMOVED_AFTER_FULL_SEMANTIC_SPLIT
LS-MD-0244,tests/Executed_Proof_Admission_Criteria_LOCKED.md,6C8B093EFB0D6FD007AE21BC2BBCDF4E1C84BF21,FULL_DOCUMENT,IMPLEMENTATION_TEST,NO,0,64,NOT_REQUIRED,YES,RETAINED_SINGLE_ROLE_OR_FROZEN_STRATEGY
LS-MD-0245,tests/Fixture_Package_Manifest_LOCKED.md,055D00113312642F65B30EBEB7CB23650308E660,FULL_DOCUMENT,IMPLEMENTATION_TEST,NO,0,95,NOT_REQUIRED,YES,RETAINED_SINGLE_ROLE_OR_FROZEN_STRATEGY
LS-MD-0246,tests/Golden_Fixture_Catalog_LOCKED.md,A8B066831AF122E436D973046A48DE4166C5D642,FULL_DOCUMENT,EVIDENCE;IMPLEMENTATION,YES,2,38,FULL_100_PERCENT_EXACT,NO,REMOVED_AFTER_FULL_SEMANTIC_SPLIT
LS-MD-0247,tests/Golden_Fixture_Examples_LOCKED.md,3EEC1C7EA4D097844457225A9F313C989DF26E31,FULL_DOCUMENT,IMPLEMENTATION_TEST,NO,0,305,NOT_REQUIRED,YES,RETAINED_SINGLE_ROLE_OR_FROZEN_STRATEGY
LS-MD-0248,tests/Golden_Fixtures_Specification.md,E477B4291D088BC2B7604C24348FFC83D9218CFB,FULL_DOCUMENT,IMPLEMENTATION_TEST,NO,0,34,NOT_REQUIRED,YES,RETAINED_SINGLE_ROLE_OR_FROZEN_STRATEGY
LS-MD-0249,tests/Indicator_Expected_Output_Oracle_LOCKED.md,373E60F861147D65825EF62A8040596BB02CB0ED,FULL_DOCUMENT,IMPLEMENTATION_TEST,NO,0,91,NOT_REQUIRED,YES,RETAINED_SINGLE_ROLE_OR_FROZEN_STRATEGY
LS-MD-0250,tests/Indicator_Test_Vectors_LOCKED.md,C87062FC05E604353D61071688573115D33FBB8B,FULL_DOCUMENT,IMPLEMENTATION_TEST,NO,0,40,NOT_REQUIRED,YES,RETAINED_SINGLE_ROLE_OR_FROZEN_STRATEGY
LS-MD-0251,tests/Negative_Test_Catalog_LOCKED.md,1A8A5F74D03C5A689EDC37964ACBDD04075E0C25,FULL_DOCUMENT,IMPLEMENTATION_TEST,NO,0,25,NOT_REQUIRED,YES,RETAINED_SINGLE_ROLE_OR_FROZEN_STRATEGY
LS-MD-0252,tests/PHPUNIT_TEST_MATRIX.md,FEC9F51F5D950AD3C0DB1B40F3E0D3C4CD966FFA,FULL_DOCUMENT,CONTEXT;DECISION;EVIDENCE;IMPLEMENTATION,YES,7,153,FULL_100_PERCENT_EXACT,NO,REMOVED_AFTER_FULL_SEMANTIC_SPLIT
LS-MD-0253,tests/README.md,5A6196F7917994AF02140A03ED7C401287420EE2,FULL_DOCUMENT,IMPLEMENTATION_TEST,NO,0,57,NOT_REQUIRED,YES,RETAINED_SINGLE_ROLE_OR_FROZEN_STRATEGY
LS-MD-0254,tests/Test_Coverage_Closure_Contract_LOCKED.md,F1A2827D69129D70DD89CB99331D047E0A9D3435,FULL_DOCUMENT,IMPLEMENTATION_TEST,NO,0,21,NOT_REQUIRED,YES,RETAINED_SINGLE_ROLE_OR_FROZEN_STRATEGY
LS-MD-0255,tests/Test_Implementation_Guidance_LOCKED.md,1AE9555072B8E7C55BC77F082E2FB861D50706D2,FULL_DOCUMENT,IMPLEMENTATION_TEST,NO,0,177,NOT_REQUIRED,YES,RETAINED_SINGLE_ROLE_OR_FROZEN_STRATEGY
