dependency_id,stage_id,owner,status,evidence_ref,impact,resume_trigger,notes
MD-DEP-0001,MD-B03,MD-B03,RESOLVED,E-MD-B03-A001-001,"Clean install throws at migration 3 of 62 and MarketDataReasonCodesSeeder throws, because both bind to pre-normalization documentation paths. MD-B21 cannot prove clean install plus supported upgrade plus backfill while this holds.","CLOSED by MD-B03-A001. Clean install executed on an isolated database: 62/62 migrations applied, exit 0, 51 tables. Seeder executed: eod_reason_codes 43 -> 436, zero seed codes missing, ELIG_TRADING_SUSPENDED now registered.",Internal. No external state missing. Finding F-MD-B00-A001-001.
MD-DEP-0002,MD-B03,MD-B03,RESOLVED,E-MD-B03-A001-001,"The SQLite test mirror is hand-written and every test cross-checking it against the canonical schema is disabled by the same dead path, so no control proves the mirror matches authority. Any stage citing SQLite-backed tests as schema-conformant evidence is citing an unverified schema.","CLOSED by MD-B03-A001. MarketDataSqliteSchemaSyncTest, PublishedColumnHashCoverageTest, and ArtifactIntegrityPolicyTest rebound and executing: 30 tests, 721 assertions, PASS. The SQLite mirror is proven to match the canonical schema, so SQLite-backed evidence is no longer resting on an unverified schema.",Internal. Blocks MD-B21 convergence and weakens every SQLite-backed claim until resolved.
MD-DEP-0003,MD-B00,owning stages MD-B03/B15/B17/B19/B21/B22,OPEN_NON_BLOCKING,E-MD-B00-A001-002;E-MD-B03-A001-001;E-MD-B03-A002-001;E-MD-B06-A001-001,"Class R and Class S binding defects remain closed by B03. MD-B06-A001 separately revalidated the trading-status import/operator surface against current authority: import is transport-only, authority origin/reference/hash are mandatory, OPERATOR_ENTERED requires authoritative reference plus named operator plus governed reason, and both positive and fail-closed behavior pass. The six separate operator-facing contracts formerly supplied only by removed inventories still have no current owner implementation and remain downstream obligations.","Per-stage obligation at entry: MD-B19 owns production-validation, ops-command-surface, scheduler, and environment-baseline contracts; MD-B15/MD-B17 own coverage and read-side sweeps; MD-B21/MD-B22 own convergence and audit closure. Each writes the current-authority guard for its own surface. The dependency closes when every retired guard has either a current-authority replacement or a governed decision that the invariant is no longer required.",MD-B06 is discharged and removed from the remaining-owner list by E-MD-B06-A001-001. OPEN_NON_BLOCKING for the explicitly separate MD-B15/B17/B19/B21/B22 scopes.
MD-DEP-0004,MD-B01,each stage at entry,OPEN_NON_BLOCKING,E-MD-B01-A015-001;E-MD-B02-A001-001;E-MD-B04-A002-001;E-MD-B05-A001-001;E-MD-B06-A001-001;E-MD-B07-A001-001;E-MD-B08-A001-001;E-MD-B09-A001-001;MD-B10-A001-BL001;MD-B11-A001-BL001;MD-B12-A001-BL001;MD-B13-A001-BL001;E-MD-B13-A001-001;MD-B14-A001-BL001;MD-B15-A001-BL001;MD-B16-A001-BL001;MD-B17-A001-BL001;MD-B18-A001-BL001;MD-B19-A001-BL001,55 mixed-classification reference members remain across 2 unopened downstream stages after B18 entry normalization; B18 has zero mixed-classification debt.,"At each unopened downstream stage entry, normalize its remaining mixed-classification/context predicates before final denominator/proof. B18 and B19 portions are complete; B19 normalized all 936 active rows, resolving 222 transitional and promoting 424 obligations that had been filed as reference. Global dependency remains OPEN_NON_BLOCKING for B20.",B18 entry normalization discharged its full mixed-classification population. Current remaining classification debt is B19=46 and B20=9 (55 total / 2 stages). Do not resolve globally until both owning stages complete their entry obligations.
MD-DEP-0005,MD-B01,governance + explicit user authorization (DOCUMENT_CHANGE_POLICY section 2),RESOLVED,E-MD-B01-A015-001;D-MD-20260822-04;E-MD-B01-A016-001,"MD-S020-R0067 requires every contract that uses the eligible alias to repeat that it means data_usable. CONSUMER_READ_CONTRACT_LOCKED.md names `eligible = 1` in its response invariant and states data_usable nowhere. The document is frozen strategy, so DOCUMENT_CHANGE_POLICY section 2 requires an explicit strategy finding, evidence, a reviewed decision, explicit user authorization, a change-log entry, a new freeze identity, and revalidation of affected verification. No implementation attempt can supply item 4. MD-B01 therefore stands at 206/207 and cannot reach closure, which also holds MD-B02 shut.","CLOSED by D-MD-20260822-04. The review found no semantic gap: the canonical owner Terminology_and_Scope.md states that a compatibility field named eligible has only the upstream data-usability meaning, CONSUMER_READ_CONTRACT_LOCKED.md explicitly delegates field semantics to Downstream_Consumer_Read_Model_Contract_LOCKED.md, that contract repeats the meaning in full, and the owner boundary names it in Required cross-contract alignment. No strategy revision was authorised or required. MD-B01-A016 proved the chain link by link and bound MD-S020-R0067 to E-MD-B01-A016-001; MD-B01 closed at 207/207 with SC-MD-B01-A016-001.","Resolved by reviewed governance decision, not by strategy revision and not by reinterpretation. MD-S020-R0189 was deliberately NOT relied upon: its condition is a dependent document that conflates eligibility with readability, and the readiness contract does the opposite. If any link in the ownership chain is removed the decision basis fails and MD-S020-R0067 reopens; AliasMeaningOwnershipChainTest asserts each link individually so removal fails closed."
MD-DEP-0006,MD-B03,governance (reviewed decision),RESOLVED,E-MD-B03-A003-001;D-MD-20260822-05,"MD-B03-A001 was a material attempt with no correlated Change Impact Declaration. CHANGE_IMPACT_DECLARATION_STANDARD section 3 states that a missing declaration blocks DONE for a material attempt even when tests and other gates pass. Every other MD-B03 closure criterion is met: the 0/0 coverage claim is validated, both halves of the frozen exit intent are proven by current execution and by a new mutation-proven guard, the suite is green, residue is conformant, and relationships and gates pass. This single absent record is what holds the stage open.","CLOSED by D-MD-20260822-05, which accepted the MD-B03-A001 timing deviation as historical. All seven A001 defects have current executed proof under attempts that did declare their impact, and the one residual regression risk — three of the four trees A001 rebound were unguarded — was closed by extending TestPathBindingIntegrityTest to app/, config/, and database/. MD-B03 closed with SC-MD-B03-A003-001.","No Change Impact Declaration was written for MD-B03-A001 and no A001 record was edited: CHANGE_IMPACT_DECLARATION_STANDARD section 3 requires the declaration to exist early enough to guide the attempt, so writing it late would satisfy section 1 by falsifying section 3. The deviation is recorded permanently in F-MD-B03-A003-001 and D-MD-20260822-05. Not a general waiver."
MD-DEP-0007,MD-B04,"strategy authority change control, then MD-B04",RESOLVED,E-MD-B04-A001-001;F-MD-B04-A001-001;D-MD-20260822-06;E-MD-B04-A002-001;SC-MD-B04-A002-001,"D-MD-20260822-06 established the zero-byte empty string as canonical; DOC-CHG-20260822-001 corrected only MD-S082, successor freeze MD-STRATEGY-FREEZE-20260822-001 passed 91-document verification, and MD-B04-A002 revalidated config/hash/serializer metadata at 114/114.",RESOLVED_WITH_CLOSURE: no executable trigger remains on this dependency. Current progression is owned only by the Stage Register's single exact resume point.,"Resolved under SC-MD-B04-A002-001 without editing MD-S005, MD-S034, MD-B04-A001-BL001, or E-MD-B04-A001-001."
MD-DEP-0008,MD-B09,"strategy authority change control, then governed MD-B09 re-entry",RESOLVED,F-MD-B09-A001-001;E-MD-B09-A001-001;D-MD-20260823-01;E-MD-B09-A001-002,RESOLVED: explicit authorization applied the bounded MD-S085 vocabulary correction; successor freeze MD-STRATEGY-FREEZE-20260823-001 contains BAR_ZERO_VOLUME_PRICE_MOVEMENT without changing MD-S023-R0044 or any existing code meaning.,CLOSED by E-MD-B09-A001-002. MD-B09 execution resumes through successor MD-B09-A002 baseline/CI under the new freeze; runtime implementation/proof remains separate current work.,Authority blocker discharged only. A001 stays immutable/non-PASS; A002 must revalidate reason seed/runtime behavior and all current B09 predicates. MD-DEP-0004 remains independent/open non-blocking.
MD-DEP-0009,MD-B19,MD-B18,RESOLVED,F-MD-B19-A001-002;D-MD-B18-A002-001;D-MD-B18-A002-002;F-MD-B18-A002-008;D-MD-B18-A002-003;D-MD-B18-A002-022;E-MD-B18-A002-001;E-MD-B18-A002-122;SC-MD-B18-A002-001,MD-B19 remains blocked by withdrawn B18 closure. A002 has 115 unassessed predicates and four evidenced conditional N/A siblings; no successor closure or denominator PASS evidence.,"RESOLVED_WITH_CLOSURE (2026-10-08): MD-DEP-0015 resolved, every retained predicate completed with A002 runtime evidence and a mutation-proven closure gate, SC-MD-B18-A002-001 issued; MD-B19 returns to MD-B19-A001. Original trigger: MD-DEP-0014 resolved by D-MD-B18-A002-003. Resolve MD-DEP-0015, then complete every retained predicate with A002 runtime evidence and mutation-proven closure. Resolve this dependency before return to MD-B19-A001.",MD-DEP-0012 is RESOLVED. MD-DEP-0010/0011 remain downstream obligations. F-MD-B18-A002-005 current-artifact closure proof remains required. MD-DEP-0015 database crash blocks all MariaDB-backed proof. RESOLVED 2026-10-08 by SC-MD-B18-A002-001; MD-DEP-0010/0011/0024 remain downstream obligations of MD-B21/MD-B22.
MD-DEP-0010,MD-B21,MD-B21,OPEN_NON_BLOCKING,F-MD-B18-A002-003;D-MD-B18-A002-001,Approved mirror hardening deferral. SQLite does not prove foreign-key enforcement or production nullability; B18 constraint-bearing claims still require exact current MariaDB proof.,At recorded MD-B21 entry harden mirror constraints against base SQL and migrations with green controls and single-instance mutations.,Does not open B21. Finding remains OPEN and B18 predicates without necessary MariaDB proof remain blocked.
MD-DEP-0011,MD-B22,MD-B22 with MD-B18 supporting,OPEN_NON_BLOCKING,F-MD-B18-A002-004;D-MD-B18-A002-001,MD-S002-R0004 remains MANDATORY NOT_ASSESSED under release-validation owner MD-B22. Locale and order tests do not prove all supported runtime and concurrency conditions.,Before release acceptance define and execute the supported-condition corpus and compare exact outputs across runtimes locales and concurrency settings with mutation proof.,Blocks B22 release acceptance. Does not open B22 or authorize support narrowing. B18 supplies supporting guards without coverage transfer.
MD-DEP-0012,MD-B18,MD-B18 complete-parent normalization,RESOLVED,F-MD-B18-A002-006;D-MD-B18-A002-002;E-MD-B18-A002-005;E-MD-B18-A002-006,User approved the omitted siblings. Fresh capability controls and caught mutation establish the false condition; exactly four siblings changed pending to N/A with current evidence and zero source or owner changes.,No independent executable trigger. Do not repeat this resolved choice. Continue only MD-B18-A002 at the separate MD-DEP-0014 owner/relock decision.,Normalization gate has green controls around a caught single-row evidence-binding mutation. R0056 was not part of this applicability approval.
MD-DEP-0013,MD-B18,MD-B18 runtime verification,RESOLVED,F-MD-B18-A002-007;E-MD-B18-A002-003;E-MD-B18-A002-004,Runtime availability restored outside this work. Both tradeaxis and tradeaxis_testing answer as MariaDB 10.4.27 with 72 applied and zero pending migrations; full suite 2248/21399 passes without skips.,No independent executable trigger. Continue only the existing MD-B18-A002 resume under MD-DEP-0012.,Resolution is limited to observable runtime availability and regression execution. Previous LSN/plugin failures are retained; their cause and physical data integrity are not certified. No process start/stop or data recovery was performed.
MD-DEP-0014,MD-B18,explicit user proof-owner/relock acceptance decision,RESOLVED,F-MD-B18-A002-008;E-MD-B18-A002-006;D-MD-B18-A002-003,MD-S050-R0056 remains B18 mandatory but its mapped pair passes with one broken publication fixture and does not enforce the complete production-relock prerequisite.,"RESOLVED as a decision by D-MD-B18-A002-003: MD-B18 primary, MD-B22 supporting, predicate unchanged, production path = MariaDB engine + production repositories + migrated schema. No independent trigger remains; R0056 proof continues under F-MD-B18-A002-008.","Decision only, not proof. F-MD-B18-A002-008 stays OPEN until the reviewed aggregate guard is executed and probed. B18 denominator stays 115; B22 primary population stays 28. MD-DEP-0009 still blocks B19 return."
MD-DEP-0015,MD-B18,database owner (explicit user recovery decision),RESOLVED,F-MD-B18-A002-010;E-MD-B18-A002-007;E-MD-B18-A002-009;F-MD-B18-A002-011;F-MD-B18-A002-012;D-MD-B18-A002-004;E-MD-B18-A002-010;E-MD-B18-A002-015;E-MD-B18-A002-089;E-MD-B18-A002-090;D-MD-B18-A002-022;E-MD-B18-A002-120;E-MD-B18-A002-121;E-MD-B18-A002-122;SC-MD-B18-A002-001;MD-DEP-0024,"Old instance crashed; a clean XAMPP-template instance now provides availability, integrity (72/72 migrations, CHECK TABLE clean) and B18 runtime proof. The D-MD-B18-A002-003 criterion also requires a green full suite, which the clean instance does not reach because of environment-coupled guards (F-MD-B18-A002-011).","RESOLVED_WITH_CLOSURE (2026-10-08): D-MD-B18-A002-022 item 8 on the fresh MarketData execution of E-MD-B18-A002-122 (0 errors, 0 skips, every test outside ProductionCorpusInvariantOracleTest passing, the seven oracle failures recorded as real failures); the other D-MD-B18-A002-003 criteria hold on current evidence. This is NOT a full-suite pass. Original trigger: Resolve when the user decision on F-MD-B18-A002-011 is executed and the full suite runs green with zero skips on the clean instance; availability, integrity and runtime proof are already recorded in E-MD-B18-A002-009.","No recovery action on data_260914. Old-data recovery is MD-DEP-0016 and never mixed with B18 proof. The clean instance itself was found stopped at 2026-09-14 10:56 (between 10:35 and about 10:51; no log line, no crash event, pid file left; not performed by this work), so the final full suite ran without a database: the user restarts it and availability is re-verified before any runtime proof. Update 11:06: the clean instance restarted at 11:02:11 shows future-LSN pages after the forced stop (F-MD-B18-A002-012), so its integrity no longer meets the D003 criterion and MariaDB runtime proof is suspended until a sound instance exists. Per D-MD-B18-A002-004 the full-suite criterion additionally depends on the MD-DEP-0016 recovery for the deployed-corpus oracle. Update 14:02: the owner rebuilt the instance (mysql_install_db, graceful lifecycle); B18 verified it and rebuilt both databases; targeted green; full suite fails only on the seven corpus-oracle controls. F-MD-B18-A002-012 and -010 RESOLVED. The only unmet D003 criterion is the full suite, which waits on the MD-DEP-0016 recovery (not yet authorized). Current 2026-09-15T21:37:14+07:00: E-MD-B18-A002-015 re-executed full suite after package E014/registry issuance: 2258 tests, 21933 assertions, exactly 7 corpus-population failures, 0 errors/skips. Criterion remains unmet; no recovery performed. 2026-10-02 reassessment (E-MD-B18-A002-090): all D-MD-B18-A002-003 criteria except the full suite are met again on current evidence (origin intact and data_260914 untouched; no application residue; both databases migrated 79/79; 134 of 134 application tables CHECK TABLE OK). The full suite with zero skips remains unmet: seven deployed-corpus oracle controls wait on the MD-DEP-0016 recovery (D-MD-B18-A002-004). The dependency gates B18 closure; it does not block MD-DEP-0019 or the R0025 proof work. Status unchanged: BLOCKING. RESOLVED 2026-10-08 (SC-MD-B18-A002-001): the deployed-corpus obligation moved to MD-DEP-0024 (MD-B22, OPEN_NON_BLOCKING); MD-DEP-0016 stays open as the old-data track; F-MD-B18-A002-011(b) is OPEN GOVERNED_DEFERRAL_TO_MD-B22."
MD-DEP-0016,MD-B18,database owner (separate recovery track),OPEN_NON_BLOCKING,F-MD-B18-A002-010;D-MD-B18-A002-003;D-MD-B18-A002-004;D-MD-B18-A002-022;E-MD-B18-A002-120;E-MD-B18-A002-121,"The isolated old data directory D:/xampp/mysql/data_260914 may hold data that cannot be rebuilt from the repository. Its pages carry future-LSN damage, so its contents are uncertified.","Only after clean runtime proof is stable: inventory rebuildable versus old-only data; if old data must be saved, recover it through an isolated recovery instance and export it logically (SQL/CSV). Never import raw database files.","Separate recovery track; not part of B18 test-fixture execution. data_260914 must not be deleted, modified, repaired in place or copied from without separate user authorization. Per D-MD-B18-A002-004, B18 closure depends on the deployed-corpus full-suite criterion through BLOCKING MD-DEP-0015. The OPEN_NON_BLOCKING track status is unchanged; the earlier statement that it does not block B18 closure is superseded by this dependency description. Reconciled by E-MD-B18-A002-014; no recovery authorized. 2026-10-08: normal Option 1 recovery concluded at E-MD-B18-A002-121 (Phase A byte-copy verified E-MD-B18-A002-120; normal startup crashed on future-LSN redo/page mismatch and corrupt system pages; no innodb_force_recovery tried). Under D-MD-B18-A002-022 B18 closure no longer depends on this track; it stays OPEN_NON_BLOCKING as the old-data track, data_260914 and the byte-copy are retained, any innodb_force_recovery needs a new owner decision; the seven oracle controls are carried by MD-DEP-0024 (MD-B22). Not recovered, not resolved."
MD-DEP-0017,MD-B18,MD-B18 approved bounded remediation under D-MD-B18-A002-005,RESOLVED,F-MD-B18-A002-013;F-MD-B18-A002-014;F-MD-B18-A002-015;F-MD-B18-A002-016;F-MD-B18-A002-017;F-MD-B18-A002-018;E-MD-B18-A002-014;D-MD-B18-A002-005;E-MD-B18-A002-018;E-MD-B18-A002-020;E-MD-B18-A002-021;E-MD-B18-A002-022;E-MD-B18-A002-023;E-MD-B18-A002-024;E-MD-B18-A002-025;E-MD-B18-A002-026;E-MD-B18-A002-027;E-MD-B18-A002-028;E-MD-B18-A002-029;E-MD-B18-A002-080;E-MD-B18-A002-082;E-MD-B18-A002-083;E-MD-B18-A002-084;MD-DEP-0019;E-MD-B18-A002-001;E-MD-B18-A002-115;E-MD-B18-A002-122;SC-MD-B18-A002-001,"23 INCOMPLETE B18 predicate bases (F-013 reopened E070 -- MD-S050-R0014/MD-S019-R0071 returned to INCOMPLETE for their unproven AS_KNOWN scope, 2 remain; F-014/F-015/F-016 RESOLVED -- E051, E052-E057, E058-E065; F-017 G01-A closed E066, G03 executable defect fixed E067, closure audit E068 found two residual gaps, Gap A (config identity) closed E069, Gap B1 (read-model identity) implemented and proved E071, Gap B2 (reason-registry identity, fail-closed) implemented and proved E073, five-domain cumulative closure implemented and proved E074 (temporal_identity_hash/source_observation_manifest_hash/canonical_raw_input_hash fail-closed; calendar_status_hash/event_factor_hash's remaining sub-components confirmed already-protected or legitimately-empty) -- MD-S050-R0016 promoted PROVEN, MD-S050-R0014/MD-S019-R0071 remain INCOMPLETE (fail-closed BLOCKED does not supply their required positive binding, unaffected by R0016's completeness), MD-S050-R0005 remains INCOMPLETE (E073, its AS_KNOWN negative guard became structurally unreachable), G01-B closed E075 (MD-S003-R0023/MD-S004-R0004 rebound from a hand-built exported row to the real writer -> export path and PROVEN, both PROOF_GUARD_GAP, no production change), 12 remain; F-018 9 remain), 50 retained bases unbound, 0/114 SATISFIED. One unproven admission predicate transferred to B22 primary and B18/B17 supporting by D005/E018. F-018 executable remediation remains; F-017's own executable defect (Gap A/B1/B2/five-domain closure/G01-B) is now fully remediated, but F-017 stays OPEN -- its 2 remaining predicates are both blocked: MD-S003-R0025 (MariaDB unreachable, MD-DEP-0019, owner decision) and MD-S050-R0005 (one structurally-unreachable negative guard, IMPLEMENTATION_DEPENDENCY_UNAVAILABLE); the nine G05 predicates were reviewed by an executing acceptance aggregate (E-082), which declared eight PROVEN, the closure integrity review (E-083) returned MD-S002-R0007 and MD-S002-R0008 to INCOMPLETE (six stood), and the G05 residual (E-084) proved both again after binding the existing split-ratio oracle into R0007 and adding a behavioural atomic-switch guard to R0008; G07 MD-S002-R0003 proven by E-080 (proof-guard gap, no production change); R0014/R0071 belong to the reopened F-013. D-MD-B18-A002-010 (A1+C1+D2) formalized G09 through controlled revision DOC-CHG-20260925-001 of MD-S065 line 7 and transferred MD-S065-R0003 primary to MD-B21 (with MD-S082-R0207/R0209; B18/B04 supporting; MANDATORY, unproven, no proof inherited); readiness 91/113 after that transfer, 92/113 after G07, 100/113 after G05 (E-082) 98/113 after the G05 review (E-083) and 100/113 after the G05 residual (E-084), 0 SATISFIED.","RESOLVED_WITH_CLOSURE (2026-10-08): the consolidated remediation is complete -- 113/113 bases PROVEN (F-017 12, F-018 9 and F-013 2 INCOMPLETE bases all PROVEN) and 113/113 rows SATISFIED against E-MD-B18-A002-001; F-MD-B18-A002-017 RESOLVED (E-MD-B18-A002-122). Original trigger: MD-B18-A002: F-MD-B18-A002-017 (Point-in-time release criteria and config replay review gaps) -- five-domain cumulative closure implemented and proved (E074): temporal_identity_hash (whole-system-empty universe, unconditional) and source_observation_manifest_hash/canonical_raw_input_hash (zero observations on a trading day, gated on is_trading_day per the existing ExpectedBarDecisionService precedent) now fail-closed via TEMPORAL_IDENTITY_UNAVAILABLE/SOURCE_OBSERVATION_UNAVAILABLE markers; calendar_status_hash's calendar half proven already-throwing (MARKET_CALENDAR_EVIDENCE_MISSING), its trading-status half and event_factor_hash confirmed authority-permits-legitimate-empty with no missing-input failure mode. MD-S050-R0016 promoted PROVEN (89/25) -- every required input in BOUND_INPUT_FIELDS is now present-when-required, structurally protected, or authority-confirmed empty, no current/latest fallback anywhere. MD-S050-R0014/MD-S019-R0071/MD-S050-R0005 (F-013, reopened E070) explicitly untouched and remain INCOMPLETE, unaffected by R0016's completeness. G01-A closed E066; G03 partial E067, closure audit E068, Gap A closed E069, Gap B1 decided D-008 and implemented E071; R0014/R0071 corrected E070; Gap B2 implemented E073; five-domain closure implemented E074. Preserve E058-E074, D-008, MARKET_DATA_STRATEGY_FREEZE_MANIFEST.json (unchanged) and the F-016 closure; G01-B implemented and proved (E075): MD-S003-R0023/MD-S004-R0004 PROVEN by rebinding to the real writer -> md_replay_daily_metrics -> real export (per-row listing_id, factor-vs-formula independence, lineage-with-content; ten probes; no production change). F-017's own executable defect is fully remediated but the finding stays OPEN on 12 remaining predicates; G09 stopped (E077): MD-S065-R0003 is AUTHORITY_AMBIGUITY -- the real rerun/promote path binds the later live configuration, not the version effective for the requested trade date (earlier production-conforms claim disproven), the rule exception (explicitly documented override) is undefined, and the recompute/correction contracts conflict with a literal reading; no promotion, probe or code change. Owner chose Option 2 (D-MD-B18-A002-009: historical config by default, explicit governed override, no effective-date re-stamping); override mechanism undefined by authority and requires a bounded controlled revision of MD-S065. Owner chose A1+C1+D2 (D-MD-B18-A002-010): system may approve a governed correction but an override exists only when explicitly requested and recorded on it; without override a rerun whose effective-for-D config is not live is BLOCKED; R0003 primary proof to MD-B21. MD-S065 line 7 revised (DOC-CHG-20260925-001, freeze MD-STRATEGY-FREEZE-20260925-001); E-078 corrects E-077 843-runs statement; E-079 records transfer and validation. G07 closed (E-MD-B18-A002-080): MD-S002-R0003 PROVEN via eight-class own-field perturbations through the real replay service, 22 probes caught. G05 (E-MD-B18-A002-082): the executing acceptance aggregate; MD-S003-R0025 stays INCOMPLETE (MariaDB unreachable, MD-DEP-0019). G05 closure integrity review (E-MD-B18-A002-083): six of E-082's eight promotions stand, MD-S002-R0007 and MD-S002-R0008 return to INCOMPLETE. G05 residual (E-MD-B18-A002-084): MD-S002-R0007 and MD-S002-R0008 PROVEN again. No executable unit remains in F-017: the attempt is blocked at F-017 on MD-DEP-0019 (owner decision: start and verify an intact MariaDB, then run the aggregate for MD-S003-R0025) and on MD-S050-R0005. No authority rule found permits progressing to F-018 while F-017 is OPEN; F-018 G06 needs an explicit recorded owner decision and relationship first.","All six user decisions taken by D005. Q6 resolved separately by E017; Q5 one-row ownership correction executed/probed by E018. No proof transferred, no primary B22 stage entry. Remaining plans 10+4+14+11+16+9=64 plus 8 retained PAIR01 strengthening and 42 other retained revalidations. MD-DEP-0015 remains BLOCKING and old-data MD-DEP-0016 recovery remains separately unauthorized. E020: concrete C1 contract/schema + 12-slot producer mapping ready; 38 source files, 21 explicit method anchors, 85 callsite occurrences, base SQL plus 72 migrations inspected. Review package outstanding 1 to 0; one concrete C1 review point pending, not a repeat of Q1-Q6. Five implementation slices remain, 64 incomplete bases unchanged; no schema/code/matrix mutation. Current 2026-09-17T02:44:58.660158+00:00: C1 review explicitly accepted. E021 records implemented capture storage/config/ingest/indicator/eligibility paths, 10 persisted slots in the real pipeline fixture, 12 caught probes and actual DDL on both databases plus fresh schema. Capture remains partial: 5 implementation slices and 64 incomplete bases unchanged; F013 OPEN. Earlier pending-review chronology is superseded. Current 2026-09-17T16:42:41.024384+00:00: E022 adds calendar/revision, registry/build, market-structure capture and independent diagnostic completeness; 29 fixture slots do not establish C1 completeness. Seven full-revision domains remain unimplemented. F013 OPEN; 5 slices/64 bases/0-of114 unchanged. No binding admission or closure. E023: current test inventory, real-storage completion guard and explicit run fixture corrected; seven full-revision domains remain, dependency BLOCKING. E024: C02/C03 producer populations and content validator executed/probed; remaining full-revision input domains 7 -> 5, not a matrix/basis promotion. Still BLOCKING. E025: C05 status population and content validation targeted/probed; unfinished full-revision domains 5 -> 4. Still BLOCKING; whole-C1 coverage unchanged. Full suite not rerun for this partial slice per user direction. E026: C06 journal scoped proof, four full-revision domains still incomplete. BLOCKING; coverage unchanged. E027: C06 consumption completeness proven, three full-revision domains still incomplete. BLOCKING; coverage unchanged. E028: C07 RAW captures/probes partial; three domains still incomplete. Affected pipeline fixtures corrected; independent whole-C07 proof remains. BLOCKING; coverage unchanged. E029: C07 independent read/retained/projection/copy completeness proven; remaining C1 domains 3 -> 2 (event/factor, ancillary). Remains BLOCKING; coverage unchanged. State-alignment correction: the 64-predicate remaining count (10+4+14+11+16+9) above is superseded -- F-013/F-014/F-015/F-016 are RESOLVED (39 predicates now PROVEN), leaving exactly 25 (F-017 16 + F-018 9), matching current MarketDataReplayVerificationProofBasis (89 PROVEN / 25 INCOMPLETE). The C1 C08 resume point this row previously named is superseded by F-013's actual resolution path (E031-E050); current resume is F-017 G01-A. G01-A closed (E-MD-B18-A002-066): MD-S082-R0218/MD-S082-R0224 PROVEN, both REBIND_ONLY, independently verified with distinct probes. 25 INCOMPLETE -> 23 (F-017 16 -> 14, F-018 unchanged at 9), matching current MarketDataReplayVerificationProofBasis (91 PROVEN / 23 INCOMPLETE) and MarketDataReplayVerificationProofReadinessGate (91/114 bases present). Current resume is F-017 G03. E069 closed Gap A (config identity); E071 implemented Gap B1 (AS_KNOWN read-model identity, D-008); E070 corrected the MD-S050-R0014/MD-S019-R0071 AS_KNOWN over-claim, reopening F-013 (25 INCOMPLETE, 89 PROVEN). E073 implemented Gap B2 (AS_KNOWN reason-registry identity, fail-closed): the first full regression surfaced a genuine new defect (an emitted, unregistered reason code caught by EmittedReasonCodeRegistrationTest), and a first attempt to register it in the LOCKED Reason_Codes_Registry.md (MD-S085) was reverted after STRATEGY_FREEZE/TRACEABILITY_MATRIX gate failures showed it needs explicit user authorization this unit did not hold, precedent DOC-CHG-20260823-001; final_reason_code uses null instead, matching the existing NOT_ADMISSIBLE precedent, requiring no new registration. MD-S050-R0005 rebound PROVEN->INCOMPLETE (IMPLEMENTATION_DEPENDENCY_UNAVAILABLE). Proof basis now 88 PROVEN / 26 INCOMPLETE (F-017 15, F-018 9, F-013 2). F-017's own executable defect (Gap A/B1/B2) is now fully remediated; F-017 stays OPEN on unprobed-input residue and unmet reproducibility requirements. Current resume is G01-B (MD-S003-R0023/MD-S004-R0004), not started. E074 closed the five-domain cumulative review: temporal_identity_hash and source_observation_manifest_hash/canonical_raw_input_hash confirmed IMPLEMENTATION_DEFECT and fixed (fail-closed markers, the latter two gated on is_trading_day per the existing ExpectedBarDecisionService::decide() precedent, EXPECTED_BAR_NON_TRADING_DAY); calendar_status_hash's calendar half confirmed ALREADY_PROVEN_BY_EXECUTING_UPSTREAM_GUARD (MarketCalendarRepository::sessionContext() already throws MARKET_CALENDAR_EVIDENCE_MISSING); its trading-status half and event_factor_hash confirmed authority-permits-legitimate-empty, no missing-input failure mode exists for either. Four probes caught; full regression 2475/34674/7 failures, exact MD-DEP-0015 baseline match. MD-S050-R0016 promoted PROVEN; MD-S050-R0005/R0014/R0071 explicitly untouched. Proof basis now 89 PROVEN / 25 INCOMPLETE (F-017 14, F-018 9, F-013 2). F-017's own executable defect is now fully remediated across Gap A/B1/B2/five-domain closure. Current resume is G01-B (MD-S003-R0023/MD-S004-R0004), not started. E075 closed G01-B: both predicates classified PROOF_GUARD_GAP from the repository (the earlier REBIND_ONLY reading of R0023 corrected), rebound to B18ReplayPersistedEvidenceBindingTest (real ReplayVerificationService -> ReplayResultRepository -> md_replay_daily_metrics -> EodEvidenceRepository -> MarketDataEvidenceExportService) and B18AsKnownModeIsolationTest; ten probes caught, the old hand-built guard blind to all; no production change. MD-S050-R0005/R0014/R0071 untouched. Proof basis now 91 PROVEN / 23 INCOMPLETE (F-017 12, F-018 9, F-013 2). Current resume is G09 (MD-S065-R0003), not started. E077 stopped G09: MD-S065-R0003 classified AUTHORITY_AMBIGUITY after the real createPromoteRunFromSeed path was executed with two config versions and bound the later live one; four resolveForRun call sites (two lookups conform, two bind live content); assertConsumedConfiguration forbids the literal alternative; no documented override exists; the today-resolved-config comment is accurate. Proof basis unchanged at 91 PROVEN / 23 INCOMPLETE (F-017 12, F-018 9, F-013 2). Current resume is the owner decision on MD-S065-R0003, not started. D-MD-B18-A002-009 records owner Option 2; mechanism reconstruction: identity ALREADY_DEFINED, provenance CLARIFICATION_ONLY, invocation/authorization/execution-when-default-cannot-run/scope/new-version effective dating ADDITIVE_DECISION_REQUIRED, overall CONTROLLED_STRATEGY_REVISION_REQUIRED. Proof basis unchanged 91/23. Current resume is the owner authority decision on the override mechanism, not started. D-MD-B18-A002-010/E-078/E-079: MD-S065-R0003 transferred to MD-B21; B18 denominator 113 (tool-derived); proof basis 91 PROVEN / 22 INCOMPLETE (F-017 11, F-018 9, F-013 2); formal 0 SATISFIED. E-080: MD-S002-R0003 PROVEN; proof basis 92 PROVEN / 21 INCOMPLETE (F-017 10, F-018 9, F-013 2); readiness 92/113; formal 0 SATISFIED. E-082: eight G05 predicates declared PROVEN; proof basis 100 PROVEN / 13 INCOMPLETE (F-017 2, F-018 9, F-013 2); readiness 100/113. E-083 (G05 closure integrity review): MD-S002-R0007 and MD-S002-R0008 returned to INCOMPLETE; proof basis 98 PROVEN / 15 INCOMPLETE (F-017 4, F-018 9, F-013 2); readiness 98/113. E-084 (G05 residual): both PROVEN again; proof basis 100 PROVEN / 13 INCOMPLETE (F-017 2, F-018 9, F-013 2); readiness 100/113; formal 0 SATISFIED. Current state: blocked at F-017 (MD-DEP-0019 owner decision; MD-S050-R0005), no executable unit. RESOLVED 2026-10-08."
MD-DEP-0018,MD-B18,MD-B18 approved bounded remediation under D-MD-B18-A002-005,RESOLVED,F-MD-B18-A002-019;E-MD-B18-A002-016;D-MD-B18-A002-005;E-MD-B18-A002-017,Q6 immutable-output defect resolved by E017 executable preservation proof. Read-only gate stdout and acceptance unchanged. Corpus full-suite blocker MD-DEP-0015 remains.,None for Q6: executable criteria satisfied by E017. Continue approved Q1-Q5 package C1 after Q5 alignment; same B18 attempt.,"D005 authorization plus E017: 9 tests/5430 assertions, four landed mutations caught and restored, 663 immutable files byte-identical for all relevant gates/full suite. Documentation 15/15; Relationship validity/completeness PASS; self-test 14 caught/4 controls; Classification/Applicability PASS. Full suite 2267 tests/27406 assertions/seven known corpus failures/no errors/skips. No acceptance changes or immutable reclassification."
MD-DEP-0019,MD-B18,database owner (explicit user decision to start and verify the MariaDB instance),RESOLVED,F-MD-B18-A002-017;E-MD-B18-A002-082;E-MD-B18-A002-083;E-MD-B18-A002-084;MD-DEP-0015;MD-S003-R0025;E-MD-B18-A002-089;F-MD-B18-A002-024;E-MD-B18-A002-090;D-MD-B18-A002-012,"MariaDB was unreachable on 2026-09-26 (connection refused on 127.0.0.1:3306), so the six MD-S003 scenario families, which must pass on MariaDB production semantics with no skips, cannot be executed: the acceptance aggregate reports MD-S003-R0025 RED with all eight members SKIPPED. MD-S003-R0025 stays INCOMPLETE; a skip is never a pass, and no mirror result substitutes for the MariaDB half.","RESOLVED_WITH_CLOSURE: the environment conditions of the original resume trigger are met on current execution evidence (the owner-started instance is up; both application databases pass the integrity check and are migrated 79/79; the error log was read before the write-capable tests; the MD-S003-R0025 aggregate runs with zero skips; E-MD-B18-A002-089, E-MD-B18-A002-090). The remaining clause, discriminating probes for the family clauses before the predicate can move to PROVEN, belongs to MD-S003-R0025 under F-MD-B18-A002-017 and is not an environment condition. No executable trigger remains on this dependency. Current progression is owned only by the Stage Register's single exact resume point.","Environment state only; no semantic substitution. The instance was not started, restarted or recovered by this unit (standing instruction). E-083 confirmed this a required proof-environment dependency (precedent MD-DEP-0013/0015), unchanged. E-084 clarified the scope: it blocks MD-S003-R0025 only. MD-S002-R0008 is proven at the service level on the mirror (E-084) and does not wait on it; the MariaDB-side correction and read-path family is a member of R0025, and concurrent reads are MD-S022-R0033 (primary MD-B17). Distinct from MD-DEP-0015 (recovery and full-suite criterion) and MD-DEP-0016 (old-data recovery). Current 2026-09-27 authority-unit review (D-MD-B18-A002-011 / E-MD-B18-A002-085): MariaDB connectivity had returned for partial R0025 work, but no independently approved first fixture exists and the required zero-skip, discriminating MariaDB proof is incomplete. Status remains BLOCKING under the recorded resolution condition; the historical outage and scope are retained. 2026-10-02 E-MD-B18-A002-089 (verification only, nothing started, stopped or repaired by B18): application databases intact (67 InnoDB tables each CHECK TABLE OK, 79/79 migrations), MD-S003-R0025 aggregate run with zero skips (10 pass, 1 governed REPLAY_FIXTURE_SELF_GENERATED failure) and negative runs red; but mysql.db (Aria) was corrupt and the server repaired it on first access, its data file held server log text, the error log has had no entry after socket creation since 2026-09-14 13:24:15, and three system-schema repairs are unrecorded (F-MD-B18-A002-024). Status unchanged: BLOCKING; database-owner action required. 2026-10-02 RESOLVED (E-MD-B18-A002-090, D-MD-B18-A002-012): E089 raw observations stand, but its conclusion exceeded authority; no text requires the mysql system schema, Aria repair history, .BAK files or a log that reaches ready for connections. mysql.db and the log are local infrastructure for the database owner, outside the proof boundary; F-MD-B18-A002-024 is resolved by scope correction. The aggregate fails one member with REPLAY_FIXTURE_SELF_GENERATED, an R0025 proof matter, so MD-S003-R0025 stays INCOMPLETE. MD-DEP-0015 is a separate dependency and stays BLOCKING."
MD-DEP-0020,MD-B18,"MD-B10 successor audit-hash remediation, using the shared security-identity foundation owner",RESOLVED,F-MD-B18-A002-023;E-MD-B18-A002-086;E-MD-B10-A001-001;SC-MD-B10-A001-001;MD-S005-R0021;MD-S003-R0025;E-MD-B10-A002-001;E-MD-B10-A002-002;MD-DEP-0021;E-MD-B10-A002-003;E-MD-B10-A002-004;E-MD-B10-A002-005;D-MD-B10-A002-001;E-MD-B10-A002-006;D-MD-B10-A002-002;E-MD-B10-A002-007;E-MD-B10-A002-008;E-MD-B10-A002-009;E-MD-B10-A002-010;E-MD-B10-A002-011;E-MD-B10-A002-012;D-MD-B10-A002-003;E-MD-B10-A002-013;F-MD-B10-A002-003;E-MD-B10-A002-014;D-MD-B10-A002-005;F-MD-B10-A002-004;E-MD-B10-A002-015;E-MD-B10-A002-016;F-MD-B10-A002-005;E-MD-B10-A002-017;F-MD-B10-A002-006;E-MD-B10-A002-018;SC-MD-B10-A002-001,B18-A002 first independent R0025 fixture and exact-publication proof cannot rely on the nonconformant B10 semantic artifact/manifest preimages. Final complete-denominator correction E-MD-B10-A002-001 reopens 56/1072 B10 predicates; 1016 unaffected bindings retained. B05 117/117 remains valid.,"RESOLVED_WITH_CLOSURE: nested semantic hashes, controlled deployment, revalidation of all 56 predicates and successor B10 closure are done (E-MD-B10-A002-018, SC-MD-B10-A002-001). No executable trigger remains on this dependency. Return to MD-B18-A002 as the Stage Register's single exact resume point states; no B10 proof is inherited by B18.","Cross-stage path remains blocked MD-B18-A002 -> MD-DEP-0020 -> active remediation MD-B10-A002 -> return MD-B18-A002 F-017/R0025. MD-DEP-0019 remains separately BLOCKING. E011 implements V2 publication-manifest, correction/republication and seal semantic identity while preserving legacy V1 interpretation; E012 corrects E011, fixes its env-reader regression and proves that identity on the production repository path. Nested observation/factor/revision producers, controlled deployment, all 56-rule revalidation and successor closure remain outstanding. D-MD-B10-A002-003 settles V2 knowledge-time and publication-scope reason-set membership; the nested producers are next. E-MD-B10-A002-013 completes the remaining semantic producers; F-MD-B10-A002-003 (as-known exposure owned by MD-B18-A002) joins the return path. E-MD-B10-A002-014 resolves F-MD-B10-A002-002, the full-suite precondition of successor closure. D-MD-B10-A002-005 rule applied in E-MD-B18-A002-088: replay identities no longer carry run-scope capture allocation; F-MD-B10-A002-004 (V1 entity ids in captured content) joins the B18 return path and needs retained foundation roots. E-MD-B10-A002-015 completes controlled deployment of the B10 successor schema and foundation on the normal database; the 56-rule reproof, the successor full-suite control and B10 closure still gate the B18 return. E-MD-B10-A002-016: B10 closure not reached (25 of the 56 INCOMPLETE; F-MD-B10-A002-005 OPEN), so the return to B18 stays blocked. E-MD-B10-A002-017: all 56 proven but not promoted (F-MD-B10-A002-006), so B10 closure is not reached and the return to B18 stays blocked. 2026-10-02 RESOLVED: B10 closed at 1072/1072. MD-DEP-0019 (database owner, MD-S003-R0025) remains separately BLOCKING and keeps the return to B18 from executing; it is not resolved here."
MD-DEP-0021,MD-B10,TradeAxis Shared Security Identity Foundation (same-repository shared logical domain); TradeAxis project-owner role accountable for implementation/data stewardship; MD-B10 consumer coordination,RESOLVED,E-MD-B10-A002-002;F-MD-B18-A002-023;CI-MD-B10-A002-001;E-MD-B10-A002-001;MD-S057-R0028;MD-S057-R0029;E-MD-B10-A002-003;E-MD-B10-A002-004;E-MD-B10-A002-005;D-MD-B10-A002-001;E-MD-B10-A002-006;D-MD-B10-A002-002;E-MD-B10-A002-007;E-MD-B10-A002-008;E-MD-B10-A002-009;E-MD-B10-A002-010;E-MD-B10-A002-011;E-MD-B10-A002-012;D-MD-B10-A002-003;E-MD-B10-A002-013;D-MD-B10-A002-004;E-MD-B10-A002-014;D-MD-B10-A002-005;E-MD-B10-A002-015;E-MD-B10-A002-016;F-MD-B10-A002-005;E-MD-B10-A002-017;F-MD-B10-A002-006;E-MD-B10-A002-018;SC-MD-B10-A002-001,"E011/E012: V2 publication manifest, correction/republication identity and seal fingerprint consume V2 artifact roots, stable predecessor manifest/config identities and explicit profiles; on the production repository path equivalent allocation histories converge, tampered sealed material stops promotion and mixed profiles fail closed (E012, which also moved the artifact-profile switch from env() to config). Legacy V1 remains deliberate and historical hashes are not rewritten. E-MD-B10-A002-015 deployed the schema (79/79 migrations, batch 5) and bootstrapped the three governed IKPM packages on the normal tradeaxis database with exact retained roots, passed foundation and Market Data identity-intake acceptance there and synchronized tradeaxis_testing (foundation migration only); nested observation/factor/revision producers and full B10 proof are incomplete. All 56 predicates remain NOT_ASSESSED.","RESOLVED_WITH_CLOSURE: the resume trigger is met (foundation delivery for the consumed scope, controlled deployment, allocation-independent acceptance before B10 use: E-MD-B10-A002-010 to E-MD-B10-A002-018) and MD-B10 closed under MD-B10-A002 (SC-MD-B10-A002-001). No executable trigger remains on this dependency. Current progression is owned only by the Stage Register's single exact resume point.","Same foundation dependency and ownership; no strategy ambiguity or new attempt. E011 completes the bounded successor publication/correction/seal integration; E012 proves it on the production repository path. Dependency remains BLOCKING because nested semantic inputs are not fully remediated, the normal schema/foundation package is not deployed and complete 56-rule reproof has not occurred. D-MD-B10-A002-003 (owner) settles the membership questions that blocked the nested producers. E-MD-B10-A002-013 implements and proves the nested producers and publication-scope reasons; the dependency now waits on controlled deployment, F-MD-B10-A002-002 and the complete governed reproof. E-MD-B10-A002-014 records F-MD-B10-A002-002 resolved by its owners (D-MD-B10-A002-004, E-MD-B18-A002-087); the dependency now waits on controlled deployment and the complete governed reproof. D-MD-B10-A002-005 (owner) approves D-MD-B10-A002-004; deployment is not authorized by it. E-MD-B10-A002-015: SCHEMA DEPLOYED, FOUNDATION BOOTSTRAPPED, NORMAL DB ACCEPTANCE PASSED, MARKET DATA INTAKE ACCEPTED at the identity boundary, ALLOCATION-INDEPENDENT DEPLOYMENT PROVEN at deployment level; B10 REPROOF COMPLETE and DEPENDENCY RESOLVED are NO. Status unchanged: BLOCKING. E-MD-B10-A002-016: complete reproof executed, 31/56 PROVEN_CURRENT and 25 INCOMPLETE; F-MD-B10-A002-005 records the gaps. Successor full suite ran with only governed expected failures. Status unchanged: BLOCKING. E-MD-B10-A002-017: all 56 PROVEN_CURRENT after the remediation; successor full suite with only governed expected failures. The governed B10 binder cannot bind the A002 subset (F-MD-B10-A002-006), so nothing is promoted and the closure conditions are not yet evaluated. Status unchanged: BLOCKING. 2026-10-02 RESOLVED (E-MD-B10-A002-018, SC-MD-B10-A002-001): all 56 predicates promoted through the governed successor binder, B10 1072/1072. Coverage boundary, stated and not hidden: the retained foundation identity covers the IKPM listing at one admitted instant; every other listing or time is HELD by design and B10 fails closed for it. Widening it is data stewardship by the foundation owner, not a B10 closure condition."
MD-DEP-0022,MD-B18,MD-B10 successor bounded remediation (MD-B10-A003) of the V2 freshness semantic producers,RESOLVED,F-MD-B18-A002-033;F-MD-B18-A002-032;E-MD-B18-A002-098;D-MD-B18-A002-015;E-MD-B18-A002-097;MD-S005-R0056;MD-S005-R0071;MD-S045-R0058;CI-MD-B10-A003-001;E-MD-B10-A003-001;E-MD-B10-A003-002;E-MD-B10-A003-003;SC-MD-B10-A003-001,"The controlled authority correction DOC-CHG-20261005-001 defines freshness_state NOT_APPLICABLE for a READABLE publication whose requested trade date precedes operational activation. The V2 semantic-hash and manifest producers reject or collapse that state and the run label is decided by marker presence, so the target cannot emit what an independent expectation derives. B18 candidate-v4 and the R0025 exact-publication proof would compare against a non-conformant target. MD-S005-R0056, MD-S005-R0071 and MD-S045-R0058 are demoted to NOT_ASSESSED for revalidation; B10 stays otherwise closed (1069/1072 retain their bindings); the V1 profile and sealed history are not touched.","RESOLVED_WITH_CLOSURE: the V2 producers accept, canonicalise and hash NOT_APPLICABLE; the run label is decided from the requested trade date and the effective marker alone; the superseded pins are replaced; MD-S005-R0056, MD-S005-R0071 and MD-S045-R0058 are PROVEN_CURRENT and bound through the governed successor binder; SC-MD-B10-A003-001 reports 1072/1072 (E-MD-B10-A003-002, E-MD-B10-A003-003). Return to MD-B18-A002 for candidate-v4. RESOLVED when MD-B10-A003 closes: the V2 producers accept, canonicalise and hash NOT_APPLICABLE; the run freshness label is decided from the requested trade date and the effective marker alone; the superseded test pins are replaced; MD-S005-R0056, MD-S005-R0071 and MD-S045-R0058 are PROVEN_CURRENT and bound through the governed successor binder; closure SC-MD-B10-A003-001 reports 1072/1072. Return to MD-B18-A002 for candidate-v4 only after that closure. The MD-B17 impact of DOC-CHG-20261005-001 (244/257) is a separate bounded work unit and is not a prerequisite.","Dependency-driven remediation under STAGE_EXECUTION_AND_REWORK_STANDARD section 3: blocked logical stage MD-B18 (MD-B18-A002, resume at candidate-v4); active remediation stage MD-B10 attempt MD-B10-A003; return-to MD-B18-A002."
MD-DEP-0023,MD-B18,MD-B04 successor bounded remediation (MD-B04-A003): reason-registry semantic identity as a derived member of every new configuration snapshot,RESOLVED,F-MD-B18-A002-034;D-MD-B18-A002-018;E-MD-B18-A002-107;E-MD-B18-A002-106;D-MD-B18-A002-014;MD-S082-R0036;MD-S082-R0044;CI-MD-B04-A003-001;E-MD-B04-A003-001;E-MD-B04-A003-002;E-MD-B04-A003-003;SC-MD-B04-A003-001,"Owner decision Q9 = A1 (D-MD-B18-A002-018) makes the reason-registry semantic identity a derived member of every new immutable configuration snapshot. The current snapshot producer (MarketDataConfigSnapshotRepository::currentContent) carries resolved_config and semantic_bindings only, so no snapshot carries a reason-registry version although MD-S082-R0036 and MD-S082-R0044 were SATISFIED on a generic guard pair (F-MD-B18-A002-034). MD-B18 bindings MD-S050-R0005, MD-S050-R0014 and MD-S019-R0071 and the as-known reason-registry identity cannot be proven against a snapshot that lacks the member. MD-S082-R0036 and MD-S082-R0044 are demoted to NOT_ASSESSED; the other 112 mandatory B04 predicates keep their bindings and eight are re-confirmed with the member present; historical snapshots stay immutable and BLOCKED, never back-filled. The MD-S003-R0025 proof basis moves PROVEN to INCOMPLETE at the first implementation mutation because the build and snapshot content semantics change; candidate-v5 is required later.","RESOLVED_WITH_CLOSURE: every new snapshot carries the derived reason-registry member; MD-S082-R0036 and MD-S082-R0044 are PROVEN_CURRENT and bound through the governed B04 successor binder; SC-MD-B04-A003-001 reports 114/114 (E-MD-B04-A003-002, E-MD-B04-A003-003). Return to MD-B18-A002 for the reason-registry binding and proof. RESOLVED when MD-B04-A003 closes: every new snapshot carries the derived reason-registry member inside the canonical content and the config content hash; an empty or malformed registry blocks creation; historical snapshots are unmodified; the run-bound refusal INPUT_CAPTURE_LIVE_CONFIG_DIVERGENCE is preserved; MD-S082-R0036 and MD-S082-R0044 are PROVEN_CURRENT and bound through the governed B04 successor binder; the eight reconfirm rows re-pass; B10 impact is confirmed; closure SC-MD-B04-A003-001 reports 114/114. Return to MD-B18-A002 for the reason-registry binding and proof (MD-S050-R0005, MD-S050-R0014, MD-S019-R0071), then candidate-v5 last. MD-B17 (244/257) is a separate bounded work unit and is not a prerequisite.",Dependency-driven remediation under STAGE_EXECUTION_AND_REWORK_STANDARD section 3: blocked logical stage MD-B18 (MD-B18-A002); active remediation stage MD-B04 attempt MD-B04-A003; return-to MD-B18-A002.
MD-DEP-0024,MD-B22,MD-B22 (operational validation and relock owner); MD-B18 supporting,OPEN_NON_BLOCKING,D-MD-B18-A002-022;F-MD-B18-A002-011;D-MD-B18-A002-004;E-MD-B18-A002-120;E-MD-B18-A002-121;E-MD-B18-A002-001;E-MD-B18-A002-117;MD-DEP-0016,"The seven deployed-corpus controls of ProductionCorpusInvariantOracleTest (non-positive prices, OHLC ordering, one current publication per date, readable never on a failed run, factor decisions applied or held, no price-derived factor usable, every history row bound; each with its population control) are deployed-environment/corpus validation, not B18 predicate acceptance. They fail on a database without a real deployed corpus, truthfully (7 failures in E-MD-B18-A002-001 and E-MD-B18-A002-117). They are carried unchanged to MD-B22, whose baseline inventory already maps the test (E-MD-B00-A001-001).","Before MD-B22 operational validation/relock acceptance: a real deployed corpus (legitimately recovered, restored from a governed export or re-acquired under a governed decision) is available in the audited database and the seven controls pass with zero skips, with the recovered corpus identity recorded. It does not open MD-B22, is not B18 proof, and the oracle test is not edited, skipped or weakened to satisfy it.","Created by D-MD-B18-A002-022 item 7 and 11. MD-DEP-0016 (old-data recovery, OPEN_NON_BLOCKING) is one possible source; innodb_force_recovery needs its own owner decision. Precedent: MD-DEP-0011 (MD-S002-R0004 to MD-B22)."
MD-DEP-0025,MD-B19,project owner decision on the R0025 candidate re-freeze policy (D-MD-B18-A002-018 item 13); MD-B18 supporting,OPEN_NON_BLOCKING,F-MD-B19-A001-003;D-MD-B18-A002-018;D-MD-B18-A002-019;E-MD-B18-A002-115;SC-MD-B18-A002-001;E-MD-B19-A001-002;D-MD-B19-A001-001;E-MD-B19-A001-003;D-MD-B19-A001-002;E-MD-B19-A001-004;E-MD-B19-A001-005;D-MD-B19-A001-003;E-MD-B19-A001-006,"SUCCESSOR-PENDING ACTIVE since the first executable-build change under O1 (2026-10-08T08:57:11+07:00: app/Infrastructure/MarketData/Source/PublicApiEodBarsAdapter.php, then app/Application/MarketData/Services/ApiBackfillRangeAcquisitionService.php; E-MD-B19-A001-004; third file app/Application/MarketData/Services/MarketDataEvidenceExportService.php at 2026-10-08T11:26:42+07:00, E-MD-B19-A001-005; edited again under D-MD-B19-A001-003, E-MD-B19-A001-006: same three files differ, the 13-test set is unchanged). Candidate-v5 is immutable historical proof, no longer current-build R0025 proof; MD-B18 stays DONE/PASS. R0025SyntheticV2CandidateFixtureTest::test_the_publication_bound_build_identity_is_the_frozen_build_identity fails with 12 derived tests that carry the same single mismatch field bound_input_executable_build_identity (13 in the full suite; the other tests pass); it is never skipped, never PASS, never hidden, and candidate-v5 is never edited to cure it. Any other R0025 failure is a regression. BLOCKS MD-B19 CLOSURE until candidate-v6 is admitted. Production-changing MD-B19 units may proceed.","After the final MD-B19 executable-build change and before MD-B19 closure: author one candidate-v6 against the final build; independent review (non-author), owner approval, admission/binding and the current-build R0025 revalidation passing. A build change after candidate-v6 requires another freeze. Resolve this dependency only then.","Not resolved. Candidate-v6 not created. Executable-build files differing from the candidate-v5 manifest: ApiBackfillRangeAcquisitionService.php, MarketDataEvidenceExportService.php, PublicApiEodBarsAdapter.php (update this list at each later executable-build change). A build change after candidate-v6 invalidates it."
