source_id,legacy_work_key,original_path,original_sha1,removed_duplicate_path,retained_primary_path,retained_primary_role,disposition
LS-WS-0002,C03,audit/_artifacts/c03-forensic-summary.csv,BEC5706619FE7E46415B75DEA2110D4C2AFB831A,records/history/original_sources/LS-WS-0002.csv,records/evidence/artifacts/c03-forensic-summary.csv,EVIDENCE,PHYSICAL_DUPLICATE_REMOVED_PRIMARY_RETAINED
LS-WS-0003,C04,audit/_artifacts/c04-forensic-summary.csv,6AD47D253422FEB5799849A1AD88C5168213DCF2,records/history/original_sources/LS-WS-0003.csv,records/evidence/artifacts/c04-forensic-summary.csv,EVIDENCE,PHYSICAL_DUPLICATE_REMOVED_PRIMARY_RETAINED
LS-WS-0004,C05,audit/_artifacts/c05-forensic-summary.csv,82A1429A64D46C7DEEF422157A8E829DBC03291E,records/history/original_sources/LS-WS-0004.csv,records/evidence/artifacts/c05-forensic-summary.csv,EVIDENCE,PHYSICAL_DUPLICATE_REMOVED_PRIMARY_RETAINED
LS-WS-0005,C06,audit/_artifacts/c06-forensic-summary.csv,4F8C451B0805F96548879D8192CC7668FFB3CBDA,records/history/original_sources/LS-WS-0005.csv,records/evidence/artifacts/c06-forensic-summary.csv,EVIDENCE,PHYSICAL_DUPLICATE_REMOVED_PRIMARY_RETAINED
LS-WS-0006,C07,audit/_artifacts/c07-forensic-summary.csv,3D8FF6C68A9E2894093B077E295B47435E4F88A5,records/history/original_sources/LS-WS-0006.csv,records/evidence/artifacts/c07-forensic-summary.csv,EVIDENCE,PHYSICAL_DUPLICATE_REMOVED_PRIMARY_RETAINED
LS-WS-0007,C07,audit/_artifacts/c07-scoped-drilldown-summary.csv,020123355FF7258D72A2936A4443AB3C320B6214,records/history/original_sources/LS-WS-0007.csv,records/evidence/artifacts/c07-scoped-drilldown-summary.csv,EVIDENCE,PHYSICAL_DUPLICATE_REMOVED_PRIMARY_RETAINED
LS-WS-0008,C08+C07,audit/_artifacts/c08-batched-c07-drilldown-summary.csv,49101D6AA702A898A3F691A7553823A8DFB2F125,records/history/original_sources/LS-WS-0008.csv,records/evidence/artifacts/c08-batched-c07-drilldown-summary.csv,EVIDENCE,PHYSICAL_DUPLICATE_REMOVED_PRIMARY_RETAINED
LS-WS-0009,C09+C07,audit/_artifacts/c09-batched-c07-nullable-context-summary.csv,4A317C890F416619FA2F24396D1EC9DDDE8CC3AB,records/history/original_sources/LS-WS-0009.csv,records/evidence/artifacts/c09-batched-c07-nullable-context-summary.csv,EVIDENCE,PHYSICAL_DUPLICATE_REMOVED_PRIMARY_RETAINED
LS-WS-0010,C10+C07,audit/_artifacts/c10-batched-c07-exit-model-summary.csv,04EE547EE3F982901CABE23E55078868F14104C9,records/history/original_sources/LS-WS-0010.csv,records/evidence/artifacts/c10-batched-c07-exit-model-summary.csv,EVIDENCE,PHYSICAL_DUPLICATE_REMOVED_PRIMARY_RETAINED
LS-WS-0017,C15,audit/_artifacts/c15-final-evidence-summary.json,208304F0648207CED7EC3C7392C2904B881E2C05,records/history/original_sources/LS-WS-0017.json,records/evidence/artifacts/c15-final-evidence-summary.json,EVIDENCE,PHYSICAL_DUPLICATE_REMOVED_PRIMARY_RETAINED
LS-WS-0020,C15,audit/_artifacts/c15-root-cause-decision-supersession-note.json,EFD5D209FE864C1A1AB108A2E387C69CB93AAA0A,records/history/original_sources/LS-WS-0020.json,records/evidence/artifacts/c15-root-cause-decision-supersession-note.json,EVIDENCE,PHYSICAL_DUPLICATE_REMOVED_PRIMARY_RETAINED
LS-WS-0021,C15,audit/_artifacts/c15-root-cause-decision.json,B4B7FB82BB4C23112ABA7E128C8BA8BA58C0B397,records/history/original_sources/LS-WS-0021.json,records/evidence/artifacts/c15-root-cause-decision.json,EVIDENCE,PHYSICAL_DUPLICATE_REMOVED_PRIMARY_RETAINED
LS-WS-0023,C16,audit/_artifacts/c16-source-implementation-summary.json,8EA1F09C250074C3EE97D9C6BEF3D92EE433230A,records/history/original_sources/LS-WS-0023.json,records/evidence/artifacts/c16-source-implementation-summary.json,EVIDENCE,PHYSICAL_DUPLICATE_REMOVED_PRIMARY_RETAINED
LS-WS-0024,C17,audit/_artifacts/c17-drilldown-summary.csv,C58B91D222139F5205E439DE1C2AFB02CABA6721,records/history/original_sources/LS-WS-0024.csv,records/evidence/artifacts/c17-drilldown-summary.csv,EVIDENCE,PHYSICAL_DUPLICATE_REMOVED_PRIMARY_RETAINED
LS-WS-0025,C17,audit/_artifacts/c17-final-evidence-summary.json,E05A091686595D4E6AE59ED3782C3A8DD7800608,records/history/original_sources/LS-WS-0025.json,records/evidence/artifacts/c17-final-evidence-summary.json,EVIDENCE,PHYSICAL_DUPLICATE_REMOVED_PRIMARY_RETAINED
LS-WS-0028,C171,audit/_artifacts/c171-final-bounded-remediation-catalog-decision.json,90B18E7B93F497D7E193C52E18D2CAD539015280,records/history/original_sources/LS-WS-0028.json,records/evidence/artifacts/c171-final-bounded-remediation-catalog-decision.json,EVIDENCE,PHYSICAL_DUPLICATE_REMOVED_PRIMARY_RETAINED
LS-WS-0029,C171,audit/_artifacts/c171-final-failed-not-ready-closure-decision.json,CDAAA8271EBDF6711B6A3CFBD6732E1A6A70992B,records/history/original_sources/LS-WS-0029.json,records/evidence/artifacts/c171-final-failed-not-ready-closure-decision.json,EVIDENCE,PHYSICAL_DUPLICATE_REMOVED_PRIMARY_RETAINED
LS-WS-0030,C171,audit/_artifacts/c171-immutable-draft-paramset-candidate-design.json,FF838AC3C91F8681D4659094843B9DDD3C0973F3,records/history/original_sources/LS-WS-0030.json,records/evidence/artifacts/c171-immutable-draft-paramset-candidate-design.json,EVIDENCE,PHYSICAL_DUPLICATE_REMOVED_PRIMARY_RETAINED
LS-WS-0031,C171,audit/_artifacts/c171-immutable-draft-paramset-candidate-proxy-metrics.csv,C6DA4189141F181F23ECF5C3F14FE966C78295C5,records/history/original_sources/LS-WS-0031.csv,records/evidence/artifacts/c171-immutable-draft-paramset-candidate-proxy-metrics.csv,EVIDENCE,PHYSICAL_DUPLICATE_REMOVED_PRIMARY_RETAINED
LS-WS-0032,C171+C01,audit/_artifacts/c171-low-price-execution-quality-c01-draft-catalog-design.json,452443E74B9DBD3A7C63B49DD925109BFA9AB87C,records/history/original_sources/LS-WS-0032.json,records/evidence/artifacts/c171-low-price-execution-quality-c01-draft-catalog-design.json,EVIDENCE,PHYSICAL_DUPLICATE_REMOVED_PRIMARY_RETAINED
LS-WS-0033,C18,audit/_artifacts/c18-final-diagnostic-evidence-summary.json,5A12A3B467A5968E904A7BC85DF81BC792F2E829,records/history/original_sources/LS-WS-0033.json,records/evidence/artifacts/c18-final-diagnostic-evidence-summary.json,EVIDENCE,PHYSICAL_DUPLICATE_REMOVED_PRIMARY_RETAINED
LS-WS-0035,C19,audit/_artifacts/c19-final-diagnostic-result-summary.json,D49208672A7E4BA3869FA142AAE18DBC21A3CA13,records/history/original_sources/LS-WS-0035.json,records/evidence/artifacts/c19-final-diagnostic-result-summary.json,EVIDENCE,PHYSICAL_DUPLICATE_REMOVED_PRIMARY_RETAINED
LS-WS-0036,C19,audit/_artifacts/c19-quality-recovery-tahap-5b-source-summary.json,51895AF84FE563E03D8F1A2DD9B89F04E26CA096,records/history/original_sources/LS-WS-0036.json,records/evidence/artifacts/c19-quality-recovery-tahap-5b-source-summary.json,EVIDENCE,PHYSICAL_DUPLICATE_REMOVED_PRIMARY_RETAINED
LS-WS-0037,C19,audit/_artifacts/c19-quality-recovery-tahap-5c-source-summary.json,E5FCE3C523C391349C218CD88C1C9939A4974272,records/history/original_sources/LS-WS-0037.json,records/evidence/artifacts/c19-quality-recovery-tahap-5c-source-summary.json,EVIDENCE,PHYSICAL_DUPLICATE_REMOVED_PRIMARY_RETAINED
LS-WS-0038,C19,audit/_artifacts/c19-quality-recovery-tuning-diagnostic-fastfix-summary.json,D0EA97A7A5E5F16DFD638BD4A544E419FF153A0E,records/history/original_sources/LS-WS-0038.json,records/evidence/artifacts/c19-quality-recovery-tuning-diagnostic-fastfix-summary.json,EVIDENCE,PHYSICAL_DUPLICATE_REMOVED_PRIMARY_RETAINED
LS-WS-0039,C19,audit/_artifacts/c19-quality-recovery-tuning-diagnostic-source-summary.json,C2BB41F182D12255FBD70D03C6C425F2E58E2166,records/history/original_sources/LS-WS-0039.json,records/evidence/artifacts/c19-quality-recovery-tuning-diagnostic-source-summary.json,EVIDENCE,PHYSICAL_DUPLICATE_REMOVED_PRIMARY_RETAINED
LS-WS-0040,C19,audit/_artifacts/c19-selection-model-redesign-analysis.json,F6D5CDD6175510DB0A9F78007FFEA44DA52C9E3B,records/history/original_sources/LS-WS-0040.json,records/evidence/artifacts/c19-selection-model-redesign-analysis.json,EVIDENCE,PHYSICAL_DUPLICATE_REMOVED_PRIMARY_RETAINED
LS-WS-0041,C20,audit/_artifacts/c20-final-diagnostic-result-summary.json,FC23117558533C7C299AFEF3AC5533B1CE5EBADF,records/history/original_sources/LS-WS-0041.json,records/evidence/artifacts/c20-final-diagnostic-result-summary.json,EVIDENCE,PHYSICAL_DUPLICATE_REMOVED_PRIMARY_RETAINED
LS-WS-0046,C22,audit/_artifacts/c22-final-diagnostic-result-summary.json,0AC4CCC804207064D27F598AE91E9399938ADE85,records/history/original_sources/LS-WS-0046.json,records/evidence/artifacts/c22-final-diagnostic-result-summary.json,EVIDENCE,PHYSICAL_DUPLICATE_REMOVED_PRIMARY_RETAINED
LS-WS-0049,C25,audit/_artifacts/c25-no-signal-fallback-delay-diagnostic-source-summary.json,F642491455765CF08F1AD000FD5912E8843A552E,records/history/original_sources/LS-WS-0049.json,records/evidence/artifacts/c25-no-signal-fallback-delay-diagnostic-source-summary.json,EVIDENCE,PHYSICAL_DUPLICATE_REMOVED_PRIMARY_RETAINED
LS-WS-0050,C26,audit/_artifacts/c26-catalog-candidate-diagnostic-source-summary.json,3333BD27CEDB51E4B100C988FCCDEAE0C643C72B,records/history/original_sources/LS-WS-0050.json,records/evidence/artifacts/c26-catalog-candidate-diagnostic-source-summary.json,EVIDENCE,PHYSICAL_DUPLICATE_REMOVED_PRIMARY_RETAINED
LS-WS-0055,,audit/implementation/_refs/WATCHLIST_IMPLEMENTATION_AUDIT_REAL_API_REVIEW_EXAMPLE.md,2C89382DF27398B5A49D674F14AA2D181987460A,records/history/original_sources/LS-WS-0055.md,authority/governance/audit/IMPL_WATCHLIST_IMPLEMENTATION_AUDIT_REAL_API_REVIEW_EXAMPLE.md,GOVERNANCE,PHYSICAL_DUPLICATE_REMOVED_PRIMARY_RETAINED
LS-WS-0056,,audit/implementation/_refs/WATCHLIST_IMPLEMENTATION_AUDIT_REAL_PERSISTENCE_REVIEW_EXAMPLE.md,11AD9C280C4C86CAE958A0C408C67C6D1D3DC835,records/history/original_sources/LS-WS-0056.md,authority/governance/audit/IMPL_WATCHLIST_IMPLEMENTATION_AUDIT_REAL_PERSISTENCE_REVIEW_EXAMPLE.md,GOVERNANCE,PHYSICAL_DUPLICATE_REMOVED_PRIMARY_RETAINED
LS-WS-0071,,audit/WATCHLIST_CHANGE_IMPACT_MATRIX.md,D07482879CEADCD1F34578F0A3B38880E7F6AF3C,records/history/original_sources/LS-WS-0071.md,records/history/archive/H0031_governance__WATCHLIST_CHANGE_IMPACT_MATRIX.md,HISTORY,PHYSICAL_DUPLICATE_REMOVED_PRIMARY_RETAINED
LS-WS-0074,B01,audit/WS_BREAKOUT_INTEGRITY_B01_EXECUTION_AND_TARGET_ALIGNMENT.md,1473247F5FE1E6A9635A37100F4E2FA3BAF23E80,records/history/original_sources/LS-WS-0074.md,records/evidence/runs/WS_BREAKOUT_INTEGRITY_B01_EXECUTION_AND_TARGET_ALIGNMENT.md,EVIDENCE,PHYSICAL_DUPLICATE_REMOVED_PRIMARY_RETAINED
LS-WS-0076,C02,audit/WS_C02_OPERATOR_VALIDATION_COMMANDS.md,DDCD2815F344DEA430ED6ADEFDB6E8C7C909E807,records/history/original_sources/LS-WS-0076.md,records/evidence/runs/C02_OP_CMDS.md,EVIDENCE,PHYSICAL_DUPLICATE_REMOVED_PRIMARY_RETAINED
LS-WS-0080,C04,audit/WS_C04_OPERATOR_VALIDATION_COMMANDS.md,412BE29332C761CF39829B14F09EC176DDA1BA7D,records/history/original_sources/LS-WS-0080.md,records/evidence/runs/C04_OP_CMDS.md,EVIDENCE,PHYSICAL_DUPLICATE_REMOVED_PRIMARY_RETAINED
LS-WS-0082,C05,audit/WS_C05_OPERATOR_VALIDATION_COMMANDS.md,1B4024ABC45C98E483EF325DA117C26492845D7F,records/history/original_sources/LS-WS-0082.md,records/evidence/runs/C05_OP_CMDS.md,EVIDENCE,PHYSICAL_DUPLICATE_REMOVED_PRIMARY_RETAINED
LS-WS-0084,C06,audit/WS_C06_OPERATOR_VALIDATION_COMMANDS.md,D254182E44E6C1332DCD6386A4E38B9FFD5A5962,records/history/original_sources/LS-WS-0084.md,records/evidence/runs/C06_OP_CMDS.md,EVIDENCE,PHYSICAL_DUPLICATE_REMOVED_PRIMARY_RETAINED
LS-WS-0086,C07,audit/WS_C07_OPERATOR_VALIDATION_COMMANDS.md,70F282B5ECF2B4F622212E503F9589CAA939BEC0,records/history/original_sources/LS-WS-0086.md,records/evidence/runs/C07_OP_CMDS.md,EVIDENCE,PHYSICAL_DUPLICATE_REMOVED_PRIMARY_RETAINED
LS-WS-0092,C100,audit/WS_C100_OPERATOR_VALIDATION_COMMANDS.md,FCF6E5A72402716890E993549F53BF2708C130B8,records/history/original_sources/LS-WS-0092.md,records/evidence/runs/C100_OP_CMDS.md,EVIDENCE,PHYSICAL_DUPLICATE_REMOVED_PRIMARY_RETAINED
LS-WS-0093,C100,audit/WS_C100_WEEKLY_SWING_WATCHLIST_NON_LIVE_REHEARSAL_RESULT_REVIEW.md,8E656ADA0F4E09A5FE54CD9B9A8B55B0A29E3151,records/history/original_sources/LS-WS-0093.md,records/evidence/runs/C100_REH_RESULT.md,EVIDENCE,PHYSICAL_DUPLICATE_REMOVED_PRIMARY_RETAINED
LS-WS-0094,C101,audit/WS_C101_OPERATOR_VALIDATION_COMMANDS.md,8B2CA82D2D45C8768D890051BF588F9E97B8D556,records/history/original_sources/LS-WS-0094.md,records/evidence/runs/C101_OP_CMDS.md,EVIDENCE,PHYSICAL_DUPLICATE_REMOVED_PRIMARY_RETAINED
LS-WS-0096,C102,audit/WS_C102_OPERATOR_VALIDATION_COMMANDS.md,59BA3C48B754B6B46C34E971536A65D29B07CAD7,records/history/original_sources/LS-WS-0096.md,records/evidence/runs/C102_OP_CMDS.md,EVIDENCE,PHYSICAL_DUPLICATE_REMOVED_PRIMARY_RETAINED
LS-WS-0098,C103,audit/WS_C103_OPERATOR_VALIDATION_COMMANDS.md,2607453A55ECC0C27E47DFE6C35D06ECFE1770B6,records/history/original_sources/LS-WS-0098.md,records/evidence/runs/C103_OP_CMDS.md,EVIDENCE,PHYSICAL_DUPLICATE_REMOVED_PRIMARY_RETAINED
LS-WS-0100,C104,audit/WS_C104_OPERATOR_VALIDATION_COMMANDS.md,347684704F2E97694B15113866C8F012A237328D,records/history/original_sources/LS-WS-0100.md,records/evidence/runs/C104_OP_CMDS.md,EVIDENCE,PHYSICAL_DUPLICATE_REMOVED_PRIMARY_RETAINED
LS-WS-0101,C104,audit/WS_C104_WEEKLY_SWING_WATCHLIST_NON_LIVE_REHEARSAL_HANDOFF_READINESS_REVIEW.md,842FD79DADE9FC3438FE13D843912AE41DD4E143,records/history/original_sources/LS-WS-0101.md,records/decisions/C104_REH_HANDOFF_READY.md,DECISION,PHYSICAL_DUPLICATE_REMOVED_PRIMARY_RETAINED
LS-WS-0102,C105,audit/WS_C105_OPERATOR_VALIDATION_COMMANDS.md,26AA94581E21DD9A27E013CFA1A36E7452CAF8D5,records/history/original_sources/LS-WS-0102.md,records/evidence/runs/C105_OP_CMDS.md,EVIDENCE,PHYSICAL_DUPLICATE_REMOVED_PRIMARY_RETAINED
LS-WS-0103,C105,audit/WS_C105_WEEKLY_SWING_WATCHLIST_NON_LIVE_REHEARSAL_HANDOFF_FINALIZATION_REVIEW.md,9BA85CE78537817AC2478BAB288609B2F63E49F3,records/history/original_sources/LS-WS-0103.md,records/decisions/C105_REH_HANDOFF_FINAL_REVIEW.md,DECISION,PHYSICAL_DUPLICATE_REMOVED_PRIMARY_RETAINED
LS-WS-0104,C106,audit/WS_C106_OPERATOR_VALIDATION_COMMANDS.md,D1C92F79EC444290ECFD415138B9D0800108B417,records/history/original_sources/LS-WS-0104.md,records/evidence/runs/C106_OP_CMDS.md,EVIDENCE,PHYSICAL_DUPLICATE_REMOVED_PRIMARY_RETAINED
LS-WS-0109,C108,audit/WS_C108_WEEKLY_SWING_WATCHLIST_NON_LIVE_REHEARSAL_HANDOFF_AUDIT_ARCHIVE_REVIEW.md,EC6DC718AA4B0924A8274894C19DC4368D59F554,records/history/original_sources/LS-WS-0109.md,records/evidence/runs/C108_REH_ARCH_REVIEW.md,EVIDENCE,PHYSICAL_DUPLICATE_REMOVED_PRIMARY_RETAINED
LS-WS-0110,C109,audit/WS_C109_OPERATOR_VALIDATION_COMMANDS.md,88FC86339619C438934652B8AA4F4E38FA107469,records/history/original_sources/LS-WS-0110.md,records/evidence/runs/C109_OP_CMDS.md,EVIDENCE,PHYSICAL_DUPLICATE_REMOVED_PRIMARY_RETAINED
LS-WS-0111,C109,audit/WS_C109_WEEKLY_SWING_WATCHLIST_NON_LIVE_REHEARSAL_HANDOFF_AUDIT_ARCHIVE_COMPLETION_REVIEW.md,4D1458F26DB4FF5B1E875BC9722D5B5D2D448C4D,records/history/original_sources/LS-WS-0111.md,records/evidence/runs/C109_REH_ARCH_REVIEW.md,EVIDENCE,PHYSICAL_DUPLICATE_REMOVED_PRIMARY_RETAINED
LS-WS-0115,C110,audit/WS_C110_WEEKLY_SWING_WATCHLIST_NON_LIVE_REHEARSAL_HANDOFF_AUDIT_ARCHIVE_COMPLETION_SEAL_REVIEW.md,91F28B21F5B049A4A6235AA74B19E242AE7663EA,records/history/original_sources/LS-WS-0115.md,records/evidence/runs/C110_REH_ARCH_SEAL_REVIEW.md,EVIDENCE,PHYSICAL_DUPLICATE_REMOVED_PRIMARY_RETAINED
LS-WS-0120,C113,audit/WS_C113_OPERATOR_VALIDATION_COMMANDS.md,4398902C587DC337D5045759255FC50E49F2C52C,records/history/original_sources/LS-WS-0120.md,records/evidence/runs/C113_OP_CMDS.md,EVIDENCE,PHYSICAL_DUPLICATE_REMOVED_PRIMARY_RETAINED
LS-WS-0124,C115,audit/WS_C115_OPERATOR_VALIDATION_COMMANDS.md,1302D2B09E9E841D637E28D2C7F17C6A202272D1,records/history/original_sources/LS-WS-0124.md,records/evidence/runs/C115_OP_CMDS.md,EVIDENCE,PHYSICAL_DUPLICATE_REMOVED_PRIMARY_RETAINED
LS-WS-0126,C116,audit/WS_C116_OPERATOR_VALIDATION_COMMANDS.md,16544F259500E50DBC77117FCC461B3D88927497,records/history/original_sources/LS-WS-0126.md,records/evidence/runs/C116_OP_CMDS.md,EVIDENCE,PHYSICAL_DUPLICATE_REMOVED_PRIMARY_RETAINED
LS-WS-0127,C116,audit/WS_C116_WEEKLY_SWING_WATCHLIST_CONTROLLED_RUNTIME_WIRING_EXECUTION_REVIEW.md,AF6472DEC0459572B8838E8BFC30C78EBC53A9CF,records/history/original_sources/LS-WS-0127.md,records/evidence/runs/C116_WIRING_EXEC_REVIEW.md,EVIDENCE,PHYSICAL_DUPLICATE_REMOVED_PRIMARY_RETAINED
LS-WS-0128,C117,audit/WS_C117_OPERATOR_VALIDATION_COMMANDS.md,56FD64E6E305B620FBB8605A3BA7CDE309C195A5,records/history/original_sources/LS-WS-0128.md,records/evidence/runs/C117_OP_CMDS.md,EVIDENCE,PHYSICAL_DUPLICATE_REMOVED_PRIMARY_RETAINED
LS-WS-0129,C117,audit/WS_C117_WEEKLY_SWING_WATCHLIST_CONTROLLED_RUNTIME_WIRING_OBSERVATION_REVIEW.md,C475C2BB6C92833C54F1AC069F3339A9E64E10BA,records/history/original_sources/LS-WS-0129.md,records/evidence/runs/C117_WIRING_OBS_REVIEW.md,EVIDENCE,PHYSICAL_DUPLICATE_REMOVED_PRIMARY_RETAINED
LS-WS-0130,C118,audit/WS_C118_OPERATOR_VALIDATION_COMMANDS.md,A8EA64CE2B8F246C72B3BAEF2AAAB7050040F0A6,records/history/original_sources/LS-WS-0130.md,records/evidence/runs/C118_OP_CMDS.md,EVIDENCE,PHYSICAL_DUPLICATE_REMOVED_PRIMARY_RETAINED
LS-WS-0131,C118,audit/WS_C118_WEEKLY_SWING_WATCHLIST_CONTROLLED_RUNTIME_WIRING_OBSERVATION_RESULT_REVIEW.md,7D7FFFA6E19BED19587F4AEEB3AE2FEB0944AEBF,records/history/original_sources/LS-WS-0131.md,records/evidence/runs/C118_WIRING_OBS_RESULT.md,EVIDENCE,PHYSICAL_DUPLICATE_REMOVED_PRIMARY_RETAINED
LS-WS-0132,C119,audit/WS_C119_OPERATOR_VALIDATION_COMMANDS.md,684637D60C5D407F7C69E726C6AC57F00C594425,records/history/original_sources/LS-WS-0132.md,records/evidence/runs/C119_OP_CMDS.md,EVIDENCE,PHYSICAL_DUPLICATE_REMOVED_PRIMARY_RETAINED
LS-WS-0136,C120,audit/WS_C120_OPERATOR_VALIDATION_COMMANDS.md,2E3B3E482C4988B93DE21EB4CA20F5275EF6F139,records/history/original_sources/LS-WS-0136.md,records/evidence/runs/C120_OP_CMDS.md,EVIDENCE,PHYSICAL_DUPLICATE_REMOVED_PRIMARY_RETAINED
LS-WS-0138,C121,audit/WS_C121_OPERATOR_VALIDATION_COMMANDS.md,A11BF5E5637BC820CF713765B8F8F4218C973C38,records/history/original_sources/LS-WS-0138.md,records/evidence/runs/C121_OP_CMDS.md,EVIDENCE,PHYSICAL_DUPLICATE_REMOVED_PRIMARY_RETAINED
LS-WS-0142,C123,audit/WS_C123_OPERATOR_VALIDATION_COMMANDS.md,3FFDACED84F2A4701E8A18815760373055FE6F58,records/history/original_sources/LS-WS-0142.md,records/evidence/runs/C123_OP_CMDS.md,EVIDENCE,PHYSICAL_DUPLICATE_REMOVED_PRIMARY_RETAINED
LS-WS-0144,C124,audit/WS_C124_OPERATOR_VALIDATION_COMMANDS.md,3BD1F61C0ADBCEEAED92FD50ECE89BFBA5E3AEBE,records/history/original_sources/LS-WS-0144.md,records/evidence/runs/C124_OP_CMDS.md,EVIDENCE,PHYSICAL_DUPLICATE_REMOVED_PRIMARY_RETAINED
LS-WS-0149,C126,audit/WS_C126_WEEKLY_SWING_WATCHLIST_CONTROLLED_RUNTIME_WIRING_HANDOFF_AUDIT_ARCHIVE_REVIEW.md,E25A626CA032DCCCD517A13F527A263E3BE5CF0E,records/history/original_sources/LS-WS-0149.md,records/evidence/runs/C126_WIRING_ARCH_REVIEW.md,EVIDENCE,PHYSICAL_DUPLICATE_REMOVED_PRIMARY_RETAINED
LS-WS-0150,C127,audit/WS_C127_OPERATOR_VALIDATION_COMMANDS.md,2E588A0332F35951A684BE84C6EE9A911A22362E,records/history/original_sources/LS-WS-0150.md,records/evidence/runs/C127_OP_CMDS.md,EVIDENCE,PHYSICAL_DUPLICATE_REMOVED_PRIMARY_RETAINED
LS-WS-0151,C127,audit/WS_C127_WEEKLY_SWING_WATCHLIST_CONTROLLED_RUNTIME_WIRING_HANDOFF_AUDIT_ARCHIVE_COMPLETION_REVIEW.md,46E84E7D55B076BBDFCCC7CD55515D5641BFC377,records/history/original_sources/LS-WS-0151.md,records/evidence/runs/C127_WIRING_ARCH_REVIEW.md,EVIDENCE,PHYSICAL_DUPLICATE_REMOVED_PRIMARY_RETAINED
LS-WS-0152,C128,audit/WS_C128_OPERATOR_VALIDATION_COMMANDS.md,1902F16D432BAA29A22690D91862575D2E30C81D,records/history/original_sources/LS-WS-0152.md,records/evidence/runs/C128_OP_CMDS.md,EVIDENCE,PHYSICAL_DUPLICATE_REMOVED_PRIMARY_RETAINED
LS-WS-0153,C128,audit/WS_C128_WEEKLY_SWING_WATCHLIST_CONTROLLED_RUNTIME_WIRING_HANDOFF_AUDIT_ARCHIVE_COMPLETION_SEAL_REVIEW.md,78B2C5B803CAD9935AFFC58E3DBA3F5F8E3B1B1B,records/history/original_sources/LS-WS-0153.md,records/evidence/runs/C128_WIRING_ARCH_SEAL_REVIEW.md,EVIDENCE,PHYSICAL_DUPLICATE_REMOVED_PRIMARY_RETAINED
LS-WS-0154,C129,audit/WS_C129_OPERATOR_VALIDATION_COMMANDS.md,47981119B8223DB3F3399EAE959F7DF8127A99C4,records/history/original_sources/LS-WS-0154.md,records/evidence/runs/C129_OP_CMDS.md,EVIDENCE,PHYSICAL_DUPLICATE_REMOVED_PRIMARY_RETAINED
LS-WS-0158,C130,audit/WS_C130_OPERATOR_VALIDATION_COMMANDS.md,A6D214B2948BE30518FDDDBA5306BEAF0A110271,records/history/original_sources/LS-WS-0158.md,records/evidence/runs/C130_OP_CMDS.md,EVIDENCE,PHYSICAL_DUPLICATE_REMOVED_PRIMARY_RETAINED
LS-WS-0160,C131,audit/WS_C131_OPERATOR_VALIDATION_COMMANDS.md,6088163812013AE4BB5862094CFA8C243F03579A,records/history/original_sources/LS-WS-0160.md,records/evidence/runs/C131_OP_CMDS.md,EVIDENCE,PHYSICAL_DUPLICATE_REMOVED_PRIMARY_RETAINED
LS-WS-0162,C132,audit/WS_C132_OPERATOR_VALIDATION_COMMANDS.md,502E4679B50B5D2E625D68632E2C14DA1903D00A,records/history/original_sources/LS-WS-0162.md,records/evidence/runs/C132_OP_CMDS.md,EVIDENCE,PHYSICAL_DUPLICATE_REMOVED_PRIMARY_RETAINED
LS-WS-0163,C132,audit/WS_C132_WEEKLY_SWING_WATCHLIST_PRODUCTION_LIVE_RUNTIME_ACTIVATION_EXECUTION_REVIEW.md,3E078F21240544EFCD9508040826296B5A555A25,records/history/original_sources/LS-WS-0163.md,records/evidence/runs/C132_LIVE_ACT_EXEC_REVIEW.md,EVIDENCE,PHYSICAL_DUPLICATE_REMOVED_PRIMARY_RETAINED
LS-WS-0164,C133,audit/WS_C133_OPERATOR_VALIDATION_COMMANDS.md,998C3AA7DC3E99DA709ECBA719DB938C480212E7,records/history/original_sources/LS-WS-0164.md,records/evidence/runs/C133_OP_CMDS.md,EVIDENCE,PHYSICAL_DUPLICATE_REMOVED_PRIMARY_RETAINED
LS-WS-0165,C133,audit/WS_C133_WEEKLY_SWING_WATCHLIST_PRODUCTION_LIVE_RUNTIME_ACTIVATION_OBSERVATION_REVIEW.md,7B360618E6BAED07570D1542F64DFFFA272F58B9,records/history/original_sources/LS-WS-0165.md,records/evidence/runs/C133_LIVE_ACT_OBS_REVIEW.md,EVIDENCE,PHYSICAL_DUPLICATE_REMOVED_PRIMARY_RETAINED
LS-WS-0166,C134,audit/WS_C134_OPERATOR_VALIDATION_COMMANDS.md,30C57701E8170F8EE8880C0003E924A2684EFCD5,records/history/original_sources/LS-WS-0166.md,records/evidence/runs/C134_OP_CMDS.md,EVIDENCE,PHYSICAL_DUPLICATE_REMOVED_PRIMARY_RETAINED
LS-WS-0167,C134,audit/WS_C134_WEEKLY_SWING_WATCHLIST_PRODUCTION_LIVE_RUNTIME_ACTIVATION_OBSERVATION_RESULT_REVIEW.md,D46B87F090DE66B17C768D1F7155BC3F8E911920,records/history/original_sources/LS-WS-0167.md,records/evidence/runs/C134_LIVE_ACT_OBS_RESULT.md,EVIDENCE,PHYSICAL_DUPLICATE_REMOVED_PRIMARY_RETAINED
LS-WS-0168,C135,audit/WS_C135_OPERATOR_VALIDATION_COMMANDS.md,234F4C7A0DB25D4E03B3F0C6394EC9AF845CF8ED,records/history/original_sources/LS-WS-0168.md,records/evidence/runs/C135_OP_CMDS.md,EVIDENCE,PHYSICAL_DUPLICATE_REMOVED_PRIMARY_RETAINED
LS-WS-0170,C136,audit/WS_C136_OPERATOR_VALIDATION_COMMANDS.md,4C9A6397AD129849886670783CA77AC058F52849,records/history/original_sources/LS-WS-0170.md,records/evidence/runs/C136_OP_CMDS.md,EVIDENCE,PHYSICAL_DUPLICATE_REMOVED_PRIMARY_RETAINED
LS-WS-0172,C137,audit/WS_C137_OPERATOR_VALIDATION_COMMANDS.md,D505AF2568C73532F24806C904B94C47190220FE,records/history/original_sources/LS-WS-0172.md,records/evidence/runs/C137_OP_CMDS.md,EVIDENCE,PHYSICAL_DUPLICATE_REMOVED_PRIMARY_RETAINED
LS-WS-0174,C138,audit/WS_C138_OPERATOR_VALIDATION_COMMANDS.md,7C8844E0976E24337175E950950B6082D36ECF09,records/history/original_sources/LS-WS-0174.md,records/evidence/runs/C138_OP_CMDS.md,EVIDENCE,PHYSICAL_DUPLICATE_REMOVED_PRIMARY_RETAINED
LS-WS-0176,C139,audit/WS_C139_OPERATOR_VALIDATION_COMMANDS.md,EFA0278DC6542310630D09121B1648CAB50DC474,records/history/original_sources/LS-WS-0176.md,records/evidence/runs/C139_OP_CMDS.md,EVIDENCE,PHYSICAL_DUPLICATE_REMOVED_PRIMARY_RETAINED
LS-WS-0177,C139,audit/WS_C139_WEEKLY_SWING_WATCHLIST_PRODUCTION_LIVE_RUNTIME_ACTIVATION_EXECUTION_REVIEW.md,AE437A5CD15F58D00F7B3BBB0507AE7DBD589859,records/history/original_sources/LS-WS-0177.md,records/evidence/runs/C139_LIVE_ACT_EXEC_REVIEW.md,EVIDENCE,PHYSICAL_DUPLICATE_REMOVED_PRIMARY_RETAINED
LS-WS-0180,C140,audit/WS_C140_OPERATOR_VALIDATION_COMMANDS.md,AB08A728C05E963143B208A38050C09BCA9A7A83,records/history/original_sources/LS-WS-0180.md,records/evidence/runs/C140_OP_CMDS.md,EVIDENCE,PHYSICAL_DUPLICATE_REMOVED_PRIMARY_RETAINED
LS-WS-0181,C140,audit/WS_C140_WEEKLY_SWING_WATCHLIST_PRODUCTION_LIVE_RUNTIME_ACTIVATION_OBSERVATION_REVIEW.md,A084F887DE245A62771F7DC1796E632B7617C49E,records/history/original_sources/LS-WS-0181.md,records/evidence/runs/C140_LIVE_ACT_OBS_REVIEW.md,EVIDENCE,PHYSICAL_DUPLICATE_REMOVED_PRIMARY_RETAINED
LS-WS-0182,C141,audit/WS_C141_OPERATOR_VALIDATION_COMMANDS.md,9707B650D28CB68A6C497D49A6A0B2E3E612DC72,records/history/original_sources/LS-WS-0182.md,records/evidence/runs/C141_OP_CMDS.md,EVIDENCE,PHYSICAL_DUPLICATE_REMOVED_PRIMARY_RETAINED
LS-WS-0183,C141,audit/WS_C141_WEEKLY_SWING_WATCHLIST_PRODUCTION_LIVE_RUNTIME_ACTIVATION_OBSERVATION_RESULT_REVIEW.md,23FAE359E61EA52DEB17064D10A86BEBBCF77240,records/history/original_sources/LS-WS-0183.md,records/evidence/runs/C141_LIVE_ACT_OBS_RESULT.md,EVIDENCE,PHYSICAL_DUPLICATE_REMOVED_PRIMARY_RETAINED
LS-WS-0184,C142,audit/WS_C142_OPERATOR_VALIDATION_COMMANDS.md,1C0C1B9B5194BF9BA6504E0394A76C24F8CB874E,records/history/original_sources/LS-WS-0184.md,records/evidence/runs/C142_OP_CMDS.md,EVIDENCE,PHYSICAL_DUPLICATE_REMOVED_PRIMARY_RETAINED
LS-WS-0186,C143,audit/WS_C143_OPERATOR_VALIDATION_COMMANDS.md,CCC065CC27C4D03F8555504E04A062DF2FBB02F3,records/history/original_sources/LS-WS-0186.md,records/evidence/runs/C143_OP_CMDS.md,EVIDENCE,PHYSICAL_DUPLICATE_REMOVED_PRIMARY_RETAINED
LS-WS-0188,C144,audit/WS_C144_OPERATOR_VALIDATION_COMMANDS.md,452B4187A277058AAA03DD345CC8A0A5FE2ED167,records/history/original_sources/LS-WS-0188.md,records/evidence/runs/C144_OP_CMDS.md,EVIDENCE,PHYSICAL_DUPLICATE_REMOVED_PRIMARY_RETAINED
LS-WS-0190,C145,audit/WS_C145_OPERATOR_VALIDATION_COMMANDS.md,43411EC6167C5DCCA2B146D289565E5C62185E86,records/history/original_sources/LS-WS-0190.md,records/evidence/runs/C145_OP_CMDS.md,EVIDENCE,PHYSICAL_DUPLICATE_REMOVED_PRIMARY_RETAINED
LS-WS-0192,C146,audit/WS_C146_OPERATOR_VALIDATION_COMMANDS.md,5C22861BB88CECE0B706789196CCF64B49405A7C,records/history/original_sources/LS-WS-0192.md,records/evidence/runs/C146_OP_CMDS.md,EVIDENCE,PHYSICAL_DUPLICATE_REMOVED_PRIMARY_RETAINED
LS-WS-0193,C146,audit/WS_C146_WEEKLY_SWING_WATCHLIST_PRODUCTION_LIVE_RUNTIME_ACTIVATION_EXECUTION_REVIEW.md,98197BBD244957B1F8667ADCF3E4C26FB87B2D39,records/history/original_sources/LS-WS-0193.md,records/evidence/runs/C146_LIVE_ACT_EXEC_REVIEW.md,EVIDENCE,PHYSICAL_DUPLICATE_REMOVED_PRIMARY_RETAINED
LS-WS-0194,C147,audit/WS_C147_OPERATOR_VALIDATION_COMMANDS.md,FD4187DBF10C1DD08F351441FA3882C77278C445,records/history/original_sources/LS-WS-0194.md,records/evidence/runs/C147_OP_CMDS.md,EVIDENCE,PHYSICAL_DUPLICATE_REMOVED_PRIMARY_RETAINED
LS-WS-0195,C147,audit/WS_C147_WEEKLY_SWING_WATCHLIST_PRODUCTION_LIVE_RUNTIME_ACTIVATION_OBSERVATION_REVIEW.md,5E0565A1ACFE290E28908E6637F87D292B70517E,records/history/original_sources/LS-WS-0195.md,records/evidence/runs/C147_LIVE_ACT_OBS_REVIEW.md,EVIDENCE,PHYSICAL_DUPLICATE_REMOVED_PRIMARY_RETAINED
LS-WS-0196,C148,audit/WS_C148_OPERATOR_VALIDATION_COMMANDS.md,C22AD150FFD8D0F7E8C409E9244F22682760F8EA,records/history/original_sources/LS-WS-0196.md,records/evidence/runs/C148_OP_CMDS.md,EVIDENCE,PHYSICAL_DUPLICATE_REMOVED_PRIMARY_RETAINED
LS-WS-0197,C148,audit/WS_C148_WEEKLY_SWING_WATCHLIST_PRODUCTION_LIVE_RUNTIME_ACTIVATION_OBSERVATION_RESULT_REVIEW.md,E01E702F0F872E258DF41172E3CD59444F31F6CF,records/history/original_sources/LS-WS-0197.md,records/evidence/runs/C148_LIVE_ACT_OBS_RESULT.md,EVIDENCE,PHYSICAL_DUPLICATE_REMOVED_PRIMARY_RETAINED
LS-WS-0198,C149,audit/WS_C149_OPERATOR_VALIDATION_COMMANDS.md,024CF6222757577A64B23562EEA75849C0BB4A30,records/history/original_sources/LS-WS-0198.md,records/evidence/runs/C149_OP_CMDS.md,EVIDENCE,PHYSICAL_DUPLICATE_REMOVED_PRIMARY_RETAINED
LS-WS-0202,C150,audit/WS_C150_OPERATOR_VALIDATION_COMMANDS.md,F77E6ABA2D46DB42C9694457036F899AAF75AB72,records/history/original_sources/LS-WS-0202.md,records/evidence/runs/C150_OP_CMDS.md,EVIDENCE,PHYSICAL_DUPLICATE_REMOVED_PRIMARY_RETAINED
LS-WS-0203,C150,audit/WS_C150_WEEKLY_SWING_WATCHLIST_PRODUCTION_LIVE_RUNTIME_ACTIVATION_FINAL_EXECUTION.md,7C171A2E11476A84396077BA458ABB1EDE6D3BFB,records/history/original_sources/LS-WS-0203.md,records/evidence/runs/C150_LIVE_ACT_FINAL_EXEC.md,EVIDENCE,PHYSICAL_DUPLICATE_REMOVED_PRIMARY_RETAINED
LS-WS-0204,C151,audit/WS_C151_OPERATOR_VALIDATION_COMMANDS.md,40E8141870F872FA718708DE08434BA1722711F7,records/history/original_sources/LS-WS-0204.md,records/evidence/runs/C151_OP_CMDS.md,EVIDENCE,PHYSICAL_DUPLICATE_REMOVED_PRIMARY_RETAINED
LS-WS-0205,C151,audit/WS_C151_WEEKLY_SWING_WATCHLIST_PRODUCTION_LIVE_RUNTIME_ACTIVATION_POST_EXECUTION_OBSERVATION_REVIEW.md,556A53F6BAECA81681F65ADDEE5774615440717C,records/history/original_sources/LS-WS-0205.md,records/evidence/runs/C151_LIVE_ACT_POST_EXEC_OBS_REVIEW.md,EVIDENCE,PHYSICAL_DUPLICATE_REMOVED_PRIMARY_RETAINED
LS-WS-0206,C152,audit/WS_C152_OPERATOR_VALIDATION_COMMANDS.md,5DB0D9A4D624A85849ECF4E4B5E9E3FE24076E08,records/history/original_sources/LS-WS-0206.md,records/evidence/runs/C152_OP_CMDS.md,EVIDENCE,PHYSICAL_DUPLICATE_REMOVED_PRIMARY_RETAINED
LS-WS-0207,C152,audit/WS_C152_WEEKLY_SWING_WATCHLIST_PRODUCTION_LIVE_RUNTIME_ACTIVATION_POST_EXECUTION_OBSERVATION_RESULT_REVIEW.md,494BC8AC15D9D331A133839265E41E2321CAE848,records/history/original_sources/LS-WS-0207.md,records/evidence/runs/C152_LIVE_ACT_POST_EXEC_OBS_RESULT.md,EVIDENCE,PHYSICAL_DUPLICATE_REMOVED_PRIMARY_RETAINED
LS-WS-0208,C153,audit/WS_C153_OPERATOR_VALIDATION_COMMANDS.md,9EE6E3B82772EFEEC132CCAF4BE2C06153AD9E4E,records/history/original_sources/LS-WS-0208.md,records/evidence/runs/C153_OP_CMDS.md,EVIDENCE,PHYSICAL_DUPLICATE_REMOVED_PRIMARY_RETAINED
LS-WS-0210,C154,audit/WS_C154_OPERATOR_VALIDATION_COMMANDS.md,CE3E08581D58C5932F43E10982769626E69DB60F,records/history/original_sources/LS-WS-0210.md,records/evidence/runs/C154_OP_CMDS.md,EVIDENCE,PHYSICAL_DUPLICATE_REMOVED_PRIMARY_RETAINED
LS-WS-0212,C155,audit/WS_C155_OPERATOR_VALIDATION_COMMANDS.md,006D96A76F1A90A7696A8DC38AE08CC648CA1C69,records/history/original_sources/LS-WS-0212.md,records/evidence/runs/C155_OP_CMDS.md,EVIDENCE,PHYSICAL_DUPLICATE_REMOVED_PRIMARY_RETAINED
LS-WS-0214,C156,audit/WS_C156_OPERATOR_VALIDATION_COMMANDS.md,B533D09A1FAA20B7DE30F5EEC9B979A6637BACE6,records/history/original_sources/LS-WS-0214.md,records/evidence/runs/C156_OP_CMDS.md,EVIDENCE,PHYSICAL_DUPLICATE_REMOVED_PRIMARY_RETAINED
LS-WS-0216,C157,audit/WS_C157_OPERATOR_VALIDATION_COMMANDS.md,A031D0486177225055961AFE83BAD5DADFF30ABA,records/history/original_sources/LS-WS-0216.md,records/evidence/runs/C157_OP_CMDS.md,EVIDENCE,PHYSICAL_DUPLICATE_REMOVED_PRIMARY_RETAINED
LS-WS-0243,C162,audit/WS_C162_HANDOFF_AUDIT_ARCHIVE_COMPLETION_OPERATOR_VALIDATION_COMMANDS.md,1DFBE1707242EA43585A13D64526736AA9B4BEB1,records/history/original_sources/LS-WS-0243.md,records/evidence/runs/C162_ARCH_OP_CMDS_86ECB6.md,EVIDENCE,PHYSICAL_DUPLICATE_REMOVED_PRIMARY_RETAINED
LS-WS-0246,C162,audit/WS_C162_HANDOFF_AUDIT_ARCHIVE_OPERATOR_VALIDATION_COMMANDS.md,6F0B801E7ECD8F0F28E511809FE78DF937A770D6,records/history/original_sources/LS-WS-0246.md,records/evidence/runs/C162_ARCH_OP_CMDS_949D94.md,EVIDENCE,PHYSICAL_DUPLICATE_REMOVED_PRIMARY_RETAINED
LS-WS-0248,C162,audit/WS_C162_HANDOFF_COMPLETION_BOUNDARY_OPERATOR_VALIDATION_COMMANDS.md,BC1E86C60A090E29655568CE1AE29A65CC3CC234,records/history/original_sources/LS-WS-0248.md,records/evidence/runs/C162_HANDOFF_DONE_BOUNDARY_OP_CMDS.md,EVIDENCE,PHYSICAL_DUPLICATE_REMOVED_PRIMARY_RETAINED
LS-WS-0249,C162,audit/WS_C162_HANDOFF_FINALIZATION_OPERATOR_VALIDATION_COMMANDS.md,88EE5AC6901BDC1521BDB85077CF0B90B3E82096,records/history/original_sources/LS-WS-0249.md,records/evidence/runs/C162_HANDOFF_FINAL_OP_CMDS.md,EVIDENCE,PHYSICAL_DUPLICATE_REMOVED_PRIMARY_RETAINED
LS-WS-0259,C163,audit/WS_C163_POST_HANDOFF_ACTIVATION_APPROVAL_OPERATOR_VALIDATION_COMMANDS.md,0F596926B5175C7162AD428D3BBF74D71CB4B428,records/history/original_sources/LS-WS-0259.md,records/evidence/runs/C163_POST_HANDOFF_ACT_APPROVAL_OP_CMDS.md,EVIDENCE,PHYSICAL_DUPLICATE_REMOVED_PRIMARY_RETAINED
LS-WS-0260,C163,audit/WS_C163_POST_HANDOFF_ACTIVATION_EXECUTION_OPERATOR_VALIDATION_COMMANDS.md,E6B49E2E3CA740CA09158A7B424EA020021E6CBF,records/history/original_sources/LS-WS-0260.md,records/evidence/runs/C163_POST_HANDOFF_ACT_EXEC_OP_CMDS.md,EVIDENCE,PHYSICAL_DUPLICATE_REMOVED_PRIMARY_RETAINED
LS-WS-0261,C163,audit/WS_C163_POST_HANDOFF_ACTIVATION_GO_DECISION_FINALIZATION_OPERATOR_VALIDATION_COMMANDS.md,0DE7D9E177E93EDDBA63CD86FAA7FBC3CF10B8AE,records/history/original_sources/LS-WS-0261.md,records/evidence/runs/C163_POST_HANDOFF_ACT_GO_DECISION_FINAL_OP_CMDS.md,EVIDENCE,PHYSICAL_DUPLICATE_REMOVED_PRIMARY_RETAINED
LS-WS-0262,C163,audit/WS_C163_POST_HANDOFF_ACTIVATION_OBSERVATION_OPERATOR_VALIDATION_COMMANDS.md,3AF245639AA55A604C69D6CCFE9DD279BE2582F0,records/history/original_sources/LS-WS-0262.md,records/evidence/runs/C163_POST_HANDOFF_ACT_OBS_OP_CMDS.md,EVIDENCE,PHYSICAL_DUPLICATE_REMOVED_PRIMARY_RETAINED
LS-WS-0263,C163,audit/WS_C163_POST_HANDOFF_ACTIVATION_OBSERVATION_RESULT_OPERATOR_VALIDATION_COMMANDS.md,64EC1299CEAC1DE814D9D92046A518C70F3DE5BA,records/history/original_sources/LS-WS-0263.md,records/evidence/runs/C163_POST_HANDOFF_ACT_OBS_RESULT_OP_CMDS.md,EVIDENCE,PHYSICAL_DUPLICATE_REMOVED_PRIMARY_RETAINED
LS-WS-0264,C163,audit/WS_C163_POST_HANDOFF_ACTIVATION_OPERATOR_GO_NO_GO_OPERATOR_VALIDATION_COMMANDS.md,FECA5FF3C2AD4A8C89415825E4388FAF14294699,records/history/original_sources/LS-WS-0264.md,records/evidence/runs/C163_POST_HANDOFF_ACT_OP_GO_NO_GO_OP_CMDS.md,EVIDENCE,PHYSICAL_DUPLICATE_REMOVED_PRIMARY_RETAINED
LS-WS-0265,C163,audit/WS_C163_POST_HANDOFF_ACTIVATION_READINESS_OPERATOR_VALIDATION_COMMANDS.md,329430BD6BB01B496114F6498F5340450FEC5248,records/history/original_sources/LS-WS-0265.md,records/evidence/runs/C163_POST_HANDOFF_ACT_READY_OP_CMDS.md,EVIDENCE,PHYSICAL_DUPLICATE_REMOVED_PRIMARY_RETAINED
LS-WS-0266,C163,audit/WS_C163_POST_HANDOFF_BOUNDARY_OPERATOR_VALIDATION_COMMANDS.md,C167DEF7D762357FB7ED03524B8C42EADC7AE4C4,records/history/original_sources/LS-WS-0266.md,records/evidence/runs/C163_POST_HANDOFF_BOUNDARY_OP_CMDS.md,EVIDENCE,PHYSICAL_DUPLICATE_REMOVED_PRIMARY_RETAINED
LS-WS-0267,C163,audit/WS_C163_WEEKLY_SWING_WATCHLIST_PRODUCTION_LIVE_RUNTIME_PLAN_CONFIRM_COMPLETION_POST_HANDOFF_ACTIVATION_APPROVAL_REVIEW.md,F30FDAEB1078330DFC672FF08617EA5DC47F3699,records/history/original_sources/LS-WS-0267.md,records/decisions/C163_LIVE_PC_POST_HANDOFF_APPROVAL.md,DECISION,PHYSICAL_DUPLICATE_REMOVED_PRIMARY_RETAINED
LS-WS-0268,C163,audit/WS_C163_WEEKLY_SWING_WATCHLIST_PRODUCTION_LIVE_RUNTIME_PLAN_CONFIRM_COMPLETION_POST_HANDOFF_ACTIVATION_EXECUTION_REVIEW.md,FCE794A2A3F341296B83AD26B6F846A96A82CE7B,records/history/original_sources/LS-WS-0268.md,records/evidence/runs/C163_LIVE_PC_POST_HANDOFF_EXEC_REVIEW.md,EVIDENCE,PHYSICAL_DUPLICATE_REMOVED_PRIMARY_RETAINED
LS-WS-0269,C163,audit/WS_C163_WEEKLY_SWING_WATCHLIST_PRODUCTION_LIVE_RUNTIME_PLAN_CONFIRM_COMPLETION_POST_HANDOFF_ACTIVATION_GO_DECISION_FINALIZATION_REVIEW.md,2A143FBDB22A012F8DE2798E720211C25486F015,records/history/original_sources/LS-WS-0269.md,records/decisions/C163_LIVE_PC_POST_HANDOFF_GO_FINAL.md,DECISION,PHYSICAL_DUPLICATE_REMOVED_PRIMARY_RETAINED
LS-WS-0270,C163,audit/WS_C163_WEEKLY_SWING_WATCHLIST_PRODUCTION_LIVE_RUNTIME_PLAN_CONFIRM_COMPLETION_POST_HANDOFF_ACTIVATION_OBSERVATION_RESULT_REVIEW.md,A951D8A0BA15C742ADD476B48036258AFEE4F539,records/history/original_sources/LS-WS-0270.md,records/evidence/runs/C163_LIVE_PC_POST_HANDOFF_OBS_RESULT.md,EVIDENCE,PHYSICAL_DUPLICATE_REMOVED_PRIMARY_RETAINED
LS-WS-0271,C163,audit/WS_C163_WEEKLY_SWING_WATCHLIST_PRODUCTION_LIVE_RUNTIME_PLAN_CONFIRM_COMPLETION_POST_HANDOFF_ACTIVATION_OBSERVATION_REVIEW.md,3BC72B43E515D1FFFD4CFBC1A273EDAA5358F515,records/history/original_sources/LS-WS-0271.md,records/evidence/runs/C163_LIVE_PC_POST_HANDOFF_OBS_REVIEW.md,EVIDENCE,PHYSICAL_DUPLICATE_REMOVED_PRIMARY_RETAINED
LS-WS-0272,C163,audit/WS_C163_WEEKLY_SWING_WATCHLIST_PRODUCTION_LIVE_RUNTIME_PLAN_CONFIRM_COMPLETION_POST_HANDOFF_ACTIVATION_OPERATOR_GO_NO_GO_REVIEW.md,B7602CB53B88BF5C2B2D3184FEAA9BEEDC00E7FB,records/history/original_sources/LS-WS-0272.md,records/decisions/C163_LIVE_PC_POST_HANDOFF_OP_GO_NO_GO.md,DECISION,PHYSICAL_DUPLICATE_REMOVED_PRIMARY_RETAINED
LS-WS-0273,C163,audit/WS_C163_WEEKLY_SWING_WATCHLIST_PRODUCTION_LIVE_RUNTIME_PLAN_CONFIRM_COMPLETION_POST_HANDOFF_ACTIVATION_READINESS_REVIEW.md,DB6FEC663FEDA7C815957A077A0161C176D24A6A,records/history/original_sources/LS-WS-0273.md,records/decisions/C163_LIVE_PC_POST_HANDOFF_READY.md,DECISION,PHYSICAL_DUPLICATE_REMOVED_PRIMARY_RETAINED
LS-WS-0274,C163,audit/WS_C163_WEEKLY_SWING_WATCHLIST_PRODUCTION_LIVE_RUNTIME_PLAN_CONFIRM_COMPLETION_POST_HANDOFF_BOUNDARY_REVIEW.md,5816697B05910067913DC5D4C62BD6A867476F1B,records/history/original_sources/LS-WS-0274.md,records/decisions/C163_LIVE_PC_DONE_POST_HANDOFF_BOUNDARY.md,DECISION,PHYSICAL_DUPLICATE_REMOVED_PRIMARY_RETAINED
LS-WS-0275,C164,audit/WS_C164_POST_HANDOFF_ACTIVATION_COMPLETION_BOUNDARY_OPERATOR_VALIDATION_COMMANDS.md,1A5189079B7097B39AF1CCC0D8AFC41078E75EE7,records/history/original_sources/LS-WS-0275.md,records/evidence/runs/C164_POST_HANDOFF_ACT_DONE_BOUNDARY_OP_CMDS.md,EVIDENCE,PHYSICAL_DUPLICATE_REMOVED_PRIMARY_RETAINED
LS-WS-0276,C164,audit/WS_C164_POST_HANDOFF_ACTIVATION_COMPLETION_EXECUTION_OPERATOR_VALIDATION_COMMANDS.md,F23773604A81D33BB0EB75BA4DB76B28C3674B8B,records/history/original_sources/LS-WS-0276.md,records/evidence/runs/C164_POST_HANDOFF_ACT_DONE_EXEC_OP_CMDS.md,EVIDENCE,PHYSICAL_DUPLICATE_REMOVED_PRIMARY_RETAINED
LS-WS-0277,C164,audit/WS_C164_POST_HANDOFF_ACTIVATION_COMPLETION_GO_DECISION_FINALIZATION_OPERATOR_VALIDATION_COMMANDS.md,16EA1DE52174C8B74D4574A850C7F121A7130456,records/history/original_sources/LS-WS-0277.md,records/evidence/runs/C164_POST_HANDOFF_ACT_DONE_GO_DECISION_FINAL_OP_CMDS.md,EVIDENCE,PHYSICAL_DUPLICATE_REMOVED_PRIMARY_RETAINED
LS-WS-0278,C164,audit/WS_C164_POST_HANDOFF_ACTIVATION_COMPLETION_OPERATOR_GO_NO_GO_OPERATOR_VALIDATION_COMMANDS.md,20C33E51221B5C611AAA88317730EB93FDAF666B,records/history/original_sources/LS-WS-0278.md,records/evidence/runs/C164_POST_HANDOFF_ACT_DONE_OP_GO_NO_GO_OP_CMDS.md,EVIDENCE,PHYSICAL_DUPLICATE_REMOVED_PRIMARY_RETAINED
LS-WS-0279,C164,audit/WS_C164_POST_HANDOFF_ACTIVATION_COMPLETION_RESULT_REVIEW_OPERATOR_VALIDATION_COMMANDS.md,5349BACB823E667F270B2CD6181B896BF652CE75,records/history/original_sources/LS-WS-0279.md,records/evidence/runs/C164_POST_HANDOFF_ACT_DONE_RESULT_OP_CMDS.md,EVIDENCE,PHYSICAL_DUPLICATE_REMOVED_PRIMARY_RETAINED
LS-WS-0280,C164,audit/WS_C164_WEEKLY_SWING_WATCHLIST_PRODUCTION_LIVE_RUNTIME_PLAN_CONFIRM_COMPLETION_POST_HANDOFF_ACTIVATION_COMPLETION_BOUNDARY_REVIEW.md,13CEA9C7AB4416031B822F4876385E001CD10B72,records/history/original_sources/LS-WS-0280.md,records/decisions/C164_LIVE_PC_POST_HANDOFF_DONE_BOUNDARY.md,DECISION,PHYSICAL_DUPLICATE_REMOVED_PRIMARY_RETAINED
LS-WS-0281,C164,audit/WS_C164_WEEKLY_SWING_WATCHLIST_PRODUCTION_LIVE_RUNTIME_PLAN_CONFIRM_COMPLETION_POST_HANDOFF_ACTIVATION_COMPLETION_EXECUTION.md,830188574E9D17BBAE6A70A360C2579346956359,records/history/original_sources/LS-WS-0281.md,records/evidence/runs/C164_LIVE_PC_POST_HANDOFF_DONE_EXEC.md,EVIDENCE,PHYSICAL_DUPLICATE_REMOVED_PRIMARY_RETAINED
LS-WS-0284,C164,audit/WS_C164_WEEKLY_SWING_WATCHLIST_PRODUCTION_LIVE_RUNTIME_PLAN_CONFIRM_COMPLETION_POST_HANDOFF_ACTIVATION_COMPLETION_RESULT_REVIEW.md,275C07275E4832D74050A320A23297CD11AB19DB,records/history/original_sources/LS-WS-0284.md,records/evidence/runs/C164_LIVE_PC_POST_HANDOFF_DONE_RESULT.md,EVIDENCE,PHYSICAL_DUPLICATE_REMOVED_PRIMARY_RETAINED
LS-WS-0285,C165,audit/WS_C165_PLAN_CONFIRM_CONTROLLED_ROLLOUT_BOUNDARY_OPERATOR_VALIDATION_COMMANDS.md,18564FA52AC33C464B9E3A5FD1A87AFF710B450D,records/history/original_sources/LS-WS-0285.md,records/evidence/runs/C165_PC_CTRL_ROLLOUT_BOUNDARY_OP_CMDS.md,EVIDENCE,PHYSICAL_DUPLICATE_REMOVED_PRIMARY_RETAINED
LS-WS-0286,C165,audit/WS_C165_PLAN_CONFIRM_CONTROLLED_ROLLOUT_EXECUTION_OPERATOR_VALIDATION_COMMANDS.md,CBAFA439B3F13F33293F7C5B20B27C749DADE6B4,records/history/original_sources/LS-WS-0286.md,records/evidence/runs/C165_PC_CTRL_ROLLOUT_EXEC_OP_CMDS.md,EVIDENCE,PHYSICAL_DUPLICATE_REMOVED_PRIMARY_RETAINED
LS-WS-0287,C165,audit/WS_C165_PLAN_CONFIRM_CONTROLLED_ROLLOUT_GO_DECISION_FINALIZATION_OPERATOR_VALIDATION_COMMANDS.md,2E2DF1BF0E7A0415D9ADDE1F2094DD461BC47442,records/history/original_sources/LS-WS-0287.md,records/evidence/runs/C165_PC_CTRL_ROLLOUT_GO_DECISION_FINAL_OP_CMDS.md,EVIDENCE,PHYSICAL_DUPLICATE_REMOVED_PRIMARY_RETAINED
LS-WS-0289,C165,audit/WS_C165_PLAN_CONFIRM_CONTROLLED_ROLLOUT_RESULT_REVIEW_OPERATOR_VALIDATION_COMMANDS.md,FC0A94EDEA1197E73129DF3099A8E9328F19A35E,records/history/original_sources/LS-WS-0289.md,records/evidence/runs/C165_PC_CTRL_ROLLOUT_RESULT_OP_CMDS.md,EVIDENCE,PHYSICAL_DUPLICATE_REMOVED_PRIMARY_RETAINED
LS-WS-0291,C165,audit/WS_C165_WEEKLY_SWING_WATCHLIST_PRODUCTION_LIVE_RUNTIME_PLAN_CONFIRM_CONTROLLED_ROLLOUT_EXECUTION.md,9F7845BA5240FE58F129BE24BE425D8E34CD33D1,records/history/original_sources/LS-WS-0291.md,records/evidence/runs/C165_LIVE_PC_CTRL_ROLLOUT_EXEC.md,EVIDENCE,PHYSICAL_DUPLICATE_REMOVED_PRIMARY_RETAINED
LS-WS-0292,C165,audit/WS_C165_WEEKLY_SWING_WATCHLIST_PRODUCTION_LIVE_RUNTIME_PLAN_CONFIRM_CONTROLLED_ROLLOUT_GO_DECISION_FINALIZATION_REVIEW.md,08AD3054DA81A4AB439EAF07BB8FDFC8EB5FF9D6,records/history/original_sources/LS-WS-0292.md,records/decisions/C165_LIVE_PC_CTRL_ROLLOUT_GO_FINAL.md,DECISION,PHYSICAL_DUPLICATE_REMOVED_PRIMARY_RETAINED
LS-WS-0293,C165,audit/WS_C165_WEEKLY_SWING_WATCHLIST_PRODUCTION_LIVE_RUNTIME_PLAN_CONFIRM_CONTROLLED_ROLLOUT_OPERATOR_GO_NO_GO_REVIEW.md,E667C5BCAD57E60D971CDB0F9E6A7FF816525CD7,records/history/original_sources/LS-WS-0293.md,records/decisions/C165_LIVE_PC_CTRL_ROLLOUT_OP_GO_NO_GO.md,DECISION,PHYSICAL_DUPLICATE_REMOVED_PRIMARY_RETAINED
LS-WS-0294,C165,audit/WS_C165_WEEKLY_SWING_WATCHLIST_PRODUCTION_LIVE_RUNTIME_PLAN_CONFIRM_CONTROLLED_ROLLOUT_RESULT_REVIEW.md,CE1052E92EA4221620C6A997E9AAD3A1BD72F5B8,records/history/original_sources/LS-WS-0294.md,records/evidence/runs/C165_LIVE_PC_CTRL_ROLLOUT_RESULT.md,EVIDENCE,PHYSICAL_DUPLICATE_REMOVED_PRIMARY_RETAINED
LS-WS-0295,C166,audit/WS_C166_PLAN_CONFIRM_CONTROLLED_ROLLOUT_POST_ROLLOUT_OBSERVATION_GO_DECISION_FINALIZATION_OPERATOR_VALIDATION_COMMANDS.md,D168A0B26DD984C9028CA2B5F9091592DF4C4777,records/history/original_sources/LS-WS-0295.md,records/evidence/runs/C166_PC_ROLLOUT_OBS_GO_DECISION_FINAL_OP_CMDS.md,EVIDENCE,PHYSICAL_DUPLICATE_REMOVED_PRIMARY_RETAINED
LS-WS-0297,C166,audit/WS_C166_PLAN_CONFIRM_CONTROLLED_ROLLOUT_POST_ROLLOUT_OBSERVATION_OPERATOR_VALIDATION_COMMANDS.md,F6E0B0D0E3791C6A2B9E1CB9E1305497241C6F84,records/history/original_sources/LS-WS-0297.md,records/evidence/runs/C166_PC_ROLLOUT_OBS_OP_CMDS.md,EVIDENCE,PHYSICAL_DUPLICATE_REMOVED_PRIMARY_RETAINED
LS-WS-0298,C166,audit/WS_C166_PLAN_CONFIRM_CONTROLLED_ROLLOUT_POST_ROLLOUT_OBSERVATION_RESULT_REVIEW_OPERATOR_VALIDATION_COMMANDS.md,79640E5EF9C5E4AD54B9700B0F07CBB42FA2B261,records/history/original_sources/LS-WS-0298.md,records/evidence/runs/C166_PC_ROLLOUT_OBS_RESULT_OP_CMDS.md,EVIDENCE,PHYSICAL_DUPLICATE_REMOVED_PRIMARY_RETAINED
LS-WS-0299,C166,audit/WS_C166_WEEKLY_SWING_WATCHLIST_PRODUCTION_LIVE_RUNTIME_PLAN_CONFIRM_CONTROLLED_ROLLOUT_POST_ROLLOUT_OBSERVATION_GO_DECISION_FINALIZATION_REVIEW.md,F968F2FEDFA13EA9E8820F8857095C7045A2F59F,records/history/original_sources/LS-WS-0299.md,records/decisions/C166_LIVE_PC_ROLLOUT_OBS_GO_FINAL.md,DECISION,PHYSICAL_DUPLICATE_REMOVED_PRIMARY_RETAINED
LS-WS-0300,C166,audit/WS_C166_WEEKLY_SWING_WATCHLIST_PRODUCTION_LIVE_RUNTIME_PLAN_CONFIRM_CONTROLLED_ROLLOUT_POST_ROLLOUT_OBSERVATION_OPERATOR_GO_NO_GO_REVIEW.md,EEBBBC3D89FF49CCDB459B6F1E799AD3721F3230,records/history/original_sources/LS-WS-0300.md,records/decisions/C166_LIVE_PC_ROLLOUT_OBS_OP_GO_NO_GO.md,DECISION,PHYSICAL_DUPLICATE_REMOVED_PRIMARY_RETAINED
LS-WS-0301,C166,audit/WS_C166_WEEKLY_SWING_WATCHLIST_PRODUCTION_LIVE_RUNTIME_PLAN_CONFIRM_CONTROLLED_ROLLOUT_POST_ROLLOUT_OBSERVATION_RESULT_REVIEW.md,F89DB4A46B83FD60D372B08028A48F12AC7BBB34,records/history/original_sources/LS-WS-0301.md,records/evidence/runs/C166_LIVE_PC_ROLLOUT_OBS_RESULT.md,EVIDENCE,PHYSICAL_DUPLICATE_REMOVED_PRIMARY_RETAINED
LS-WS-0302,C166,audit/WS_C166_WEEKLY_SWING_WATCHLIST_PRODUCTION_LIVE_RUNTIME_PLAN_CONFIRM_CONTROLLED_ROLLOUT_POST_ROLLOUT_OBSERVATION_REVIEW.md,E15F425F97047AA38D041066056E6323953F2874,records/history/original_sources/LS-WS-0302.md,records/evidence/runs/C166_LIVE_PC_ROLLOUT_OBS_REVIEW.md,EVIDENCE,PHYSICAL_DUPLICATE_REMOVED_PRIMARY_RETAINED
LS-WS-0303,C167,audit/WS_C167_PLAN_CONFIRM_CONTROLLED_ROLLOUT_COMPLETION_BOUNDARY_OPERATOR_VALIDATION_COMMANDS.md,C514CBE419C1E20A275F6204AD45EFEE04733BB0,records/history/original_sources/LS-WS-0303.md,records/evidence/runs/C167_PC_CTRL_ROLLOUT_DONE_BOUNDARY_OP_CMDS.md,EVIDENCE,PHYSICAL_DUPLICATE_REMOVED_PRIMARY_RETAINED
LS-WS-0304,C167,audit/WS_C167_WEEKLY_SWING_WATCHLIST_PRODUCTION_LIVE_RUNTIME_PLAN_CONFIRM_CONTROLLED_ROLLOUT_COMPLETION_BOUNDARY_REVIEW.md,E075EB7A2BC9810BD0D54130DBFB0312539560E4,records/history/original_sources/LS-WS-0304.md,records/decisions/C167_LIVE_PC_CTRL_ROLLOUT_DONE_BOUNDARY.md,DECISION,PHYSICAL_DUPLICATE_REMOVED_PRIMARY_RETAINED
LS-WS-0305,C168,audit/WS_C168_OPERATOR_VALIDATION_COMMANDS.md,039A3503C2552E3A8C6D097A22B3F58D0417D21B,records/history/original_sources/LS-WS-0305.md,records/evidence/runs/C168_OP_CMDS.md,EVIDENCE,PHYSICAL_DUPLICATE_REMOVED_PRIMARY_RETAINED
LS-WS-0311,C170,audit/WS_C170_OPERATOR_VALIDATION_COMMANDS.md,4D6589B754B44BB70E00C2B8445F9F5018FDA25E,records/history/original_sources/LS-WS-0311.md,records/evidence/runs/C170_OP_CMDS.md,EVIDENCE,PHYSICAL_DUPLICATE_REMOVED_PRIMARY_RETAINED
LS-WS-0317,C171,audit/WS_C171_FINAL_BOUNDED_REMEDIATION_CATALOG_AND_CLOSURE_RULE_LOCK.md,9A91DA7EABF7AA7E866ED8B34A0A36C0C5CA3FEC,records/history/original_sources/LS-WS-0317.md,records/history/archive/H0286_C171_FINAL_BOUNDED_REMEDIATION_CATALOG_AND_CLOSURE_RULE_LOCK_H.md,HISTORY,PHYSICAL_DUPLICATE_REMOVED_PRIMARY_RETAINED
LS-WS-0318,C171,audit/WS_C171_FINAL_BOUNDED_REMEDIATION_OPERATOR_COMMANDS.md,2464E2B2CA8E576584B9C758B537935FCEC725D7,records/history/original_sources/LS-WS-0318.md,records/evidence/runs/C171_FINAL_BOUNDED_REMEDIATION_OP_COMMANDS.md,EVIDENCE,PHYSICAL_DUPLICATE_REMOVED_PRIMARY_RETAINED
LS-WS-0320,C171,audit/WS_C171_FINAL_FAILED_NOT_READY_CLOSURE_OPERATOR_COMMANDS.md,E76FC3FB4B8936936BAB8686AE41022B16E1AEB2,records/history/original_sources/LS-WS-0320.md,records/evidence/runs/C171_FINAL_FAILED_NOT_READY_CLOSURE_OP_COMMANDS.md,EVIDENCE,PHYSICAL_DUPLICATE_REMOVED_PRIMARY_RETAINED
LS-WS-0322,C171+C01,audit/WS_C171_LOW_PRICE_EXECUTION_QUALITY_C01_DRAFT_CATALOG_IMPLEMENTATION.md,E2DD481998D3E0FEE6EEA23D3050671EA63A7AF3,records/history/original_sources/LS-WS-0322.md,records/evidence/runs/C171_LOW_PRICE_EXEC_QUALITY_C01_DRAFT_CATALOG_IMPL.md,EVIDENCE,PHYSICAL_DUPLICATE_REMOVED_PRIMARY_RETAINED
LS-WS-0328,C171,audit/WS_C171_TARGETED_EXECUTABLE_IS_STRATEGY_REMEDIATION_AND_TRADE_EVIDENCE_DIAGNOSTIC.md,4368B5EABE87A1E4B6DCCF99734075925D6F2C3F,records/history/original_sources/LS-WS-0328.md,records/history/archive/H0296_C171_TARGETED_EXECUTABLE_IS_STRAT_REMEDIATION_AND_TRADE_EVIDEN.md,HISTORY,PHYSICAL_DUPLICATE_REMOVED_PRIMARY_RETAINED
LS-WS-0332,C17,audit/WS_C17_QUALITY_PRESERVING_SAMPLE_RECOVERY_DESIGN_RESULT.md,952F33AF8162A1DAE03777BE34450A832FD3FCA6,records/history/original_sources/LS-WS-0332.md,records/evidence/runs/C17_QUALITY_PRESERVING_SAMPLE_RECOVERY_DESIGN_RESULT.md,EVIDENCE,PHYSICAL_DUPLICATE_REMOVED_PRIMARY_RETAINED
LS-WS-0359,C29,audit/WS_C29_OPERATOR_VALIDATION_COMMANDS.md,4E4B76A874A81E3C993DF9A29B80D5422C13B56B,records/history/original_sources/LS-WS-0359.md,records/evidence/runs/C29_OP_CMDS.md,EVIDENCE,PHYSICAL_DUPLICATE_REMOVED_PRIMARY_RETAINED
LS-WS-0362,C31,audit/WS_C31_CONTROLLED_GATE_RECLASSIFICATION.md,54EFF56BF27A7E0A628A62E3AF9424EBC68D240B,records/history/original_sources/LS-WS-0362.md,records/evidence/runs/C31_CTRL_GATE_RECLASSIFICATION.md,EVIDENCE,PHYSICAL_DUPLICATE_REMOVED_PRIMARY_RETAINED
LS-WS-0365,C32,audit/WS_C32_OPERATOR_VALIDATION_COMMANDS.md,E5226B905E8E3EA7E07E20B0F547797B79C0D50B,records/history/original_sources/LS-WS-0365.md,records/evidence/runs/C32_OP_CMDS.md,EVIDENCE,PHYSICAL_DUPLICATE_REMOVED_PRIMARY_RETAINED
LS-WS-0367,C33,audit/WS_C33_OPERATOR_VALIDATION_COMMANDS.md,2C0EAB82F62D7E97E24BE7F3A2537FF0BBADAD1D,records/history/original_sources/LS-WS-0367.md,records/evidence/runs/C33_OP_CMDS.md,EVIDENCE,PHYSICAL_DUPLICATE_REMOVED_PRIMARY_RETAINED
LS-WS-0369,C34,audit/WS_C34_OPERATOR_VALIDATION_COMMANDS.md,68A6E8F4D03A78FACC547C06604B8BE432003E2E,records/history/original_sources/LS-WS-0369.md,records/evidence/runs/C34_OP_CMDS.md,EVIDENCE,PHYSICAL_DUPLICATE_REMOVED_PRIMARY_RETAINED
LS-WS-0374,C37,audit/WS_C37_IS_VALIDATION_AND_ANTI_OVERFIT_CHECK.md,6540A8A4D05027E1BC05D9C189A4115DD32E0667,records/history/original_sources/LS-WS-0374.md,records/evidence/runs/C37_IS_VALID_AND_ANTI_OVERFIT_CHECK.md,EVIDENCE,PHYSICAL_DUPLICATE_REMOVED_PRIMARY_RETAINED
LS-WS-0378,C39,audit/WS_C39_IS_CONTROLLED_REDESIGN_WITH_COVERAGE_AND_BRANCH_DIVERSIFICATION_GUARDS.md,01EE0C00C5973D89AC4BB87EEFD93925C690ACED,records/history/original_sources/LS-WS-0378.md,records/history/archive/H0262_C39_IS_CTRL_REDESIGN_WITH_COVERAGE_AND_BRANCH_DIVERSIFICATION_.md,HISTORY,PHYSICAL_DUPLICATE_REMOVED_PRIMARY_RETAINED
LS-WS-0379,C39,audit/WS_C39_OPERATOR_VALIDATION_COMMANDS.md,3DF82B55673F7ED3EA09D3E0AE080F5E9DC47379,records/history/original_sources/LS-WS-0379.md,records/evidence/runs/C39_OP_CMDS.md,EVIDENCE,PHYSICAL_DUPLICATE_REMOVED_PRIMARY_RETAINED
LS-WS-0380,C40+C39,audit/WS_C40_IS_VALIDATION_AND_ANTI_OVERFIT_CHECK_FOR_C39_GUARDED_CANDIDATE.md,E04E62BF0C81E5CCC2289C4C25789E7413A4C54D,records/history/original_sources/LS-WS-0380.md,records/history/archive/H0264_C40_IS_VALID_AND_ANTI_OVERFIT_CHECK_FOR_C39_GUARDED_CANDIDATE_.md,HISTORY,PHYSICAL_DUPLICATE_REMOVED_PRIMARY_RETAINED
LS-WS-0381,C40,audit/WS_C40_OPERATOR_VALIDATION_COMMANDS.md,585097A569A294616C8DE00D7C6993ADE265FFFE,records/history/original_sources/LS-WS-0381.md,records/evidence/runs/C40_OP_CMDS.md,EVIDENCE,PHYSICAL_DUPLICATE_REMOVED_PRIMARY_RETAINED
LS-WS-0383,C41,audit/WS_C41_OPERATOR_VALIDATION_COMMANDS.md,6F5B2A159F48AF0723DE8BB794612068F96249EA,records/history/original_sources/LS-WS-0383.md,records/evidence/runs/C41_OP_CMDS.md,EVIDENCE,PHYSICAL_DUPLICATE_REMOVED_PRIMARY_RETAINED
LS-WS-0386,C43,audit/WS_C43_OPERATOR_VALIDATION_COMMANDS.md,D80FCAE0CAD3F147F74D882AA1CCE6F1D1730776,records/history/original_sources/LS-WS-0386.md,records/evidence/runs/C43_OP_CMDS.md,EVIDENCE,PHYSICAL_DUPLICATE_REMOVED_PRIMARY_RETAINED
LS-WS-0389,C44,audit/WS_C44_OPERATOR_VALIDATION_COMMANDS.md,B2CA58D4AD8C1F2ED5CE52A7734F47410D528F17,records/history/original_sources/LS-WS-0389.md,records/evidence/runs/C44_OP_CMDS.md,EVIDENCE,PHYSICAL_DUPLICATE_REMOVED_PRIMARY_RETAINED
LS-WS-0391,C45,audit/WS_C45_OPERATOR_VALIDATION_COMMANDS.md,8E70CAF39A84BB560B984B7B9010855F27722FDC,records/history/original_sources/LS-WS-0391.md,records/evidence/runs/C45_OP_CMDS.md,EVIDENCE,PHYSICAL_DUPLICATE_REMOVED_PRIMARY_RETAINED
LS-WS-0393,C46,audit/WS_C46_OPERATOR_VALIDATION_COMMANDS.md,83E292B9E68F824368A66FBB12E738222B7A416B,records/history/original_sources/LS-WS-0393.md,records/evidence/runs/C46_OP_CMDS.md,EVIDENCE,PHYSICAL_DUPLICATE_REMOVED_PRIMARY_RETAINED
LS-WS-0395,C47,audit/WS_C47_OPERATOR_VALIDATION_COMMANDS.md,0065E1A6F6E5C05ACB1C3A4A97C63FF7061E8A46,records/history/original_sources/LS-WS-0395.md,records/evidence/runs/C47_OP_CMDS.md,EVIDENCE,PHYSICAL_DUPLICATE_REMOVED_PRIMARY_RETAINED
LS-WS-0405,C52,audit/WS_C52_OPERATOR_VALIDATION_COMMANDS.md,E1D82D2542D826C2E54BF7E7945F2EF242DDF778,records/history/original_sources/LS-WS-0405.md,records/evidence/runs/C52_OP_CMDS.md,EVIDENCE,PHYSICAL_DUPLICATE_REMOVED_PRIMARY_RETAINED
LS-WS-0407,C53,audit/WS_C53_OPERATOR_VALIDATION_COMMANDS.md,258052668F069CA32DBF73C5069533FD1147402A,records/history/original_sources/LS-WS-0407.md,records/evidence/runs/C53_OP_CMDS.md,EVIDENCE,PHYSICAL_DUPLICATE_REMOVED_PRIMARY_RETAINED
LS-WS-0408,C54,audit/WS_C54_OPERATOR_VALIDATION_COMMANDS.md,189E4190A0B08548141690300E668B8C09CEF525,records/history/original_sources/LS-WS-0408.md,records/evidence/runs/C54_OP_CMDS.md,EVIDENCE,PHYSICAL_DUPLICATE_REMOVED_PRIMARY_RETAINED
LS-WS-0417,C58,audit/WS_C58_OPERATOR_VALIDATION_COMMANDS.md,B26800493D88383E668F6EB60149B7C8BD7FFF84,records/history/original_sources/LS-WS-0417.md,records/evidence/runs/C58_OP_CMDS.md,EVIDENCE,PHYSICAL_DUPLICATE_REMOVED_PRIMARY_RETAINED
LS-WS-0419,C59,audit/WS_C59_OPERATOR_VALIDATION_COMMANDS.md,4822F39E8B5A3E8C31C72F6ADC61B9EC618C0990,records/history/original_sources/LS-WS-0419.md,records/evidence/runs/C59_OP_CMDS.md,EVIDENCE,PHYSICAL_DUPLICATE_REMOVED_PRIMARY_RETAINED
LS-WS-0420,C60,audit/WS_C60_OPERATOR_VALIDATION_COMMANDS.md,340BF6CADDD0E444E327DC95D9B960C88BD7D077,records/history/original_sources/LS-WS-0420.md,records/evidence/runs/C60_OP_CMDS.md,EVIDENCE,PHYSICAL_DUPLICATE_REMOVED_PRIMARY_RETAINED
LS-WS-0422,C61,audit/WS_C61_OPERATOR_VALIDATION_COMMANDS.md,0E9DAB1B0B423CE2528C13F9B26B0C4888D8DB89,records/history/original_sources/LS-WS-0422.md,records/evidence/runs/C61_OP_CMDS.md,EVIDENCE,PHYSICAL_DUPLICATE_REMOVED_PRIMARY_RETAINED
LS-WS-0424,C62,audit/WS_C62_OPERATOR_VALIDATION_COMMANDS.md,4D3508CFF8FCEE4B6B5447AB597F66FC2B13C93E,records/history/original_sources/LS-WS-0424.md,records/evidence/runs/C62_OP_CMDS.md,EVIDENCE,PHYSICAL_DUPLICATE_REMOVED_PRIMARY_RETAINED
LS-WS-0426,C63,audit/WS_C63_OPERATOR_VALIDATION_COMMANDS.md,FABD3C40E0EAC3D7BBCAD2D7A47D77C1E510900D,records/history/original_sources/LS-WS-0426.md,records/evidence/runs/C63_OP_CMDS.md,EVIDENCE,PHYSICAL_DUPLICATE_REMOVED_PRIMARY_RETAINED
LS-WS-0428,C64,audit/WS_C64_OPERATOR_VALIDATION_COMMANDS.md,518A376338D986234876865DEE7093537EE6A717,records/history/original_sources/LS-WS-0428.md,records/evidence/runs/C64_OP_CMDS.md,EVIDENCE,PHYSICAL_DUPLICATE_REMOVED_PRIMARY_RETAINED
LS-WS-0430,C65,audit/WS_C65_OPERATOR_VALIDATION_COMMANDS.md,D7D4D0E1A616B9F6C060076A56E581B89D37EBE3,records/history/original_sources/LS-WS-0430.md,records/evidence/runs/C65_OP_CMDS.md,EVIDENCE,PHYSICAL_DUPLICATE_REMOVED_PRIMARY_RETAINED
LS-WS-0432,C66,audit/WS_C66_OPERATOR_VALIDATION_COMMANDS.md,3CE34B295DC6DBB54E5EDF9AAF9B75A88F2FBE48,records/history/original_sources/LS-WS-0432.md,records/evidence/runs/C66_OP_CMDS.md,EVIDENCE,PHYSICAL_DUPLICATE_REMOVED_PRIMARY_RETAINED
LS-WS-0434,C67,audit/WS_C67_OPERATOR_VALIDATION_COMMANDS.md,CE732AF4A8710DCCBD51C8725AD346167996295F,records/history/original_sources/LS-WS-0434.md,records/evidence/runs/C67_OP_CMDS.md,EVIDENCE,PHYSICAL_DUPLICATE_REMOVED_PRIMARY_RETAINED
LS-WS-0436,C68,audit/WS_C68_OPERATOR_VALIDATION_COMMANDS.md,8BAD7833E99D980CD4C29828E07DDB5D6BDBC3AA,records/history/original_sources/LS-WS-0436.md,records/evidence/runs/C68_OP_CMDS.md,EVIDENCE,PHYSICAL_DUPLICATE_REMOVED_PRIMARY_RETAINED
LS-WS-0437,C68,audit/WS_C68_PRODUCTION_CATALOG_ACTIVATION_EXECUTION_REVIEW.md,419B18D15A2FEE25E7CFD2EA6099C5FF278AEB18,records/history/original_sources/LS-WS-0437.md,records/evidence/runs/C68_PROD_CATALOG_ACT_EXEC_REVIEW.md,EVIDENCE,PHYSICAL_DUPLICATE_REMOVED_PRIMARY_RETAINED
LS-WS-0438,C69,audit/WS_C69_OPERATOR_VALIDATION_COMMANDS.md,470481377DCA47E82CE9C72DF81BED410638119C,records/history/original_sources/LS-WS-0438.md,records/evidence/runs/C69_OP_CMDS.md,EVIDENCE,PHYSICAL_DUPLICATE_REMOVED_PRIMARY_RETAINED
LS-WS-0439,C69,audit/WS_C69_PRODUCTION_DEPLOYMENT_PREP_OR_BRIDGE_REVIEW.md,3C46543616055DDB21EFB608732B06251ED58085,records/history/original_sources/LS-WS-0439.md,records/evidence/runs/C69_PROD_DEPLOYMENT_PREP_OR_BRIDGE_REVIEW.md,EVIDENCE,PHYSICAL_DUPLICATE_REMOVED_PRIMARY_RETAINED
LS-WS-0440,C70,audit/WS_C70_OPERATOR_VALIDATION_COMMANDS.md,7E700640E95F45E0A98C6A97E622D59ECDD44438,records/history/original_sources/LS-WS-0440.md,records/evidence/runs/C70_OP_CMDS.md,EVIDENCE,PHYSICAL_DUPLICATE_REMOVED_PRIMARY_RETAINED
LS-WS-0441,C70,audit/WS_C70_PRODUCTION_DEPLOYMENT_EXECUTION_REVIEW.md,48C1195476A935249A293543B19CC9CC3E0FEE71,records/history/original_sources/LS-WS-0441.md,records/evidence/runs/C70_PROD_DEPLOYMENT_EXEC_REVIEW.md,EVIDENCE,PHYSICAL_DUPLICATE_REMOVED_PRIMARY_RETAINED
LS-WS-0442,C71,audit/WS_C71_OPERATOR_VALIDATION_COMMANDS.md,ACA89AB86ACE5FF37D66252319CA63CEBE04AF74,records/history/original_sources/LS-WS-0442.md,records/evidence/runs/C71_OP_CMDS.md,EVIDENCE,PHYSICAL_DUPLICATE_REMOVED_PRIMARY_RETAINED
LS-WS-0443,C71,audit/WS_C71_SHADOW_READ_OR_DRY_RUN_RUNTIME_VALIDATION.md,17FA63167E308B4E8EFCCA07E21F522C0A79677F,records/history/original_sources/LS-WS-0443.md,records/evidence/runs/C71_SHADOW_READ_OR_DRY_RUN_RUN_VALID.md,EVIDENCE,PHYSICAL_DUPLICATE_REMOVED_PRIMARY_RETAINED
LS-WS-0444,C72,audit/WS_C72_CONTROLLED_OPT_IN_RUNTIME_BRIDGE_VALIDATION.md,DECE12B5967D72EA119268496128869A5B257956,records/history/original_sources/LS-WS-0444.md,records/evidence/runs/C72_CTRL_OPT_IN_RUN_BRIDGE_VALID.md,EVIDENCE,PHYSICAL_DUPLICATE_REMOVED_PRIMARY_RETAINED
LS-WS-0445,C72,audit/WS_C72_OPERATOR_VALIDATION_COMMANDS.md,A2B00929C635D2C15F5B592FF7DA55FA258E4641,records/history/original_sources/LS-WS-0445.md,records/evidence/runs/C72_OP_CMDS.md,EVIDENCE,PHYSICAL_DUPLICATE_REMOVED_PRIMARY_RETAINED
LS-WS-0447,C73,audit/WS_C73_OPERATOR_VALIDATION_COMMANDS.md,031885AFC8222CDF08576BC1910A125DE3CC71E4,records/history/original_sources/LS-WS-0447.md,records/evidence/runs/C73_OP_CMDS.md,EVIDENCE,PHYSICAL_DUPLICATE_REMOVED_PRIMARY_RETAINED
LS-WS-0449,C74,audit/WS_C74_OPERATOR_VALIDATION_COMMANDS.md,48E3BD9C90C55EF0B9A7167AD35A7AF831A4E621,records/history/original_sources/LS-WS-0449.md,records/evidence/runs/C74_OP_CMDS.md,EVIDENCE,PHYSICAL_DUPLICATE_REMOVED_PRIMARY_RETAINED
LS-WS-0451,C75,audit/WS_C75_OPERATOR_VALIDATION_COMMANDS.md,5698B9A1B115FCE641CC9572F4D7FA9BF345FD87,records/history/original_sources/LS-WS-0451.md,records/evidence/runs/C75_OP_CMDS.md,EVIDENCE,PHYSICAL_DUPLICATE_REMOVED_PRIMARY_RETAINED
LS-WS-0453,C76,audit/WS_C76_OPERATOR_VALIDATION_COMMANDS.md,95FE1073BA30E49A0BCC5600E5BEF5F8765DC2C5,records/history/original_sources/LS-WS-0453.md,records/evidence/runs/C76_OP_CMDS.md,EVIDENCE,PHYSICAL_DUPLICATE_REMOVED_PRIMARY_RETAINED
LS-WS-0455,C77,audit/WS_C77_OPERATOR_VALIDATION_COMMANDS.md,A4629CA27F7A6A4FB9EAF2C52E6074121C8A70CE,records/history/original_sources/LS-WS-0455.md,records/evidence/runs/C77_OP_CMDS.md,EVIDENCE,PHYSICAL_DUPLICATE_REMOVED_PRIMARY_RETAINED
LS-WS-0456,C78,audit/WS_C78_CONTROLLED_LIMITED_RUNTIME_OPT_IN_PILOT_OR_SHADOW_ROLLOUT_OBSERVATION_REVIEW.md,B9AB2208732E911D0FA4091A1A5A790AE71C9C89,records/history/original_sources/LS-WS-0456.md,records/evidence/runs/C78_PILOT_OBS_REVIEW.md,EVIDENCE,PHYSICAL_DUPLICATE_REMOVED_PRIMARY_RETAINED
LS-WS-0457,C78,audit/WS_C78_OPERATOR_VALIDATION_COMMANDS.md,8C5FB8E304CF42ABCF34332C9E62ED0DEA0E24F7,records/history/original_sources/LS-WS-0457.md,records/evidence/runs/C78_OP_CMDS.md,EVIDENCE,PHYSICAL_DUPLICATE_REMOVED_PRIMARY_RETAINED
LS-WS-0458,C79,audit/WS_C79_CONTROLLED_LIMITED_RUNTIME_OPT_IN_PILOT_OR_SHADOW_ROLLOUT_OBSERVATION_RESULT_REVIEW.md,4438AEAF893B0BDEBE1D7BDA1F61D90C294C6B21,records/history/original_sources/LS-WS-0458.md,records/evidence/runs/C79_PILOT_OBS_RESULT.md,EVIDENCE,PHYSICAL_DUPLICATE_REMOVED_PRIMARY_RETAINED
LS-WS-0459,C79,audit/WS_C79_OPERATOR_VALIDATION_COMMANDS.md,31A627B9716CF59F35839EB0D809AA1A2075A998,records/history/original_sources/LS-WS-0459.md,records/evidence/runs/C79_OP_CMDS.md,EVIDENCE,PHYSICAL_DUPLICATE_REMOVED_PRIMARY_RETAINED
LS-WS-0461,C80,audit/WS_C80_OPERATOR_VALIDATION_COMMANDS.md,F2197DD4D4A2E60E391143C2C1D31441BD5C447F,records/history/original_sources/LS-WS-0461.md,records/evidence/runs/C80_OP_CMDS.md,EVIDENCE,PHYSICAL_DUPLICATE_REMOVED_PRIMARY_RETAINED
LS-WS-0463,C81,audit/WS_C81_OPERATOR_VALIDATION_COMMANDS.md,F29F8F69AECF6D9F5F4D77B4719FF2C4C5862B3C,records/history/original_sources/LS-WS-0463.md,records/evidence/runs/C81_OP_CMDS.md,EVIDENCE,PHYSICAL_DUPLICATE_REMOVED_PRIMARY_RETAINED
LS-WS-0465,C82,audit/WS_C82_OPERATOR_VALIDATION_COMMANDS.md,C6C9441ACBE51301AF2C646B46B8983DE2E043CC,records/history/original_sources/LS-WS-0465.md,records/evidence/runs/C82_OP_CMDS.md,EVIDENCE,PHYSICAL_DUPLICATE_REMOVED_PRIMARY_RETAINED
LS-WS-0467,C83,audit/WS_C83_OPERATOR_VALIDATION_COMMANDS.md,F77EBC238E81F6BCEAF787352EFBE088FE2206C5,records/history/original_sources/LS-WS-0467.md,records/evidence/runs/C83_OP_CMDS.md,EVIDENCE,PHYSICAL_DUPLICATE_REMOVED_PRIMARY_RETAINED
LS-WS-0468,C84,audit/WS_C84_CONTROLLED_LIMITED_RUNTIME_OPT_IN_PILOT_OR_SHADOW_ROLLOUT_ACTIVATION_EXECUTION_REVIEW.md,6241E95EC52D9C3327CCAF051A9EB773A4C7E398,records/history/original_sources/LS-WS-0468.md,records/evidence/runs/C84_PILOT_ACT_EXEC_REVIEW.md,EVIDENCE,PHYSICAL_DUPLICATE_REMOVED_PRIMARY_RETAINED
LS-WS-0469,C84,audit/WS_C84_OPERATOR_VALIDATION_COMMANDS.md,C0BCB269091FEBFD4ADF989FB3F19C410D009765,records/history/original_sources/LS-WS-0469.md,records/evidence/runs/C84_OP_CMDS.md,EVIDENCE,PHYSICAL_DUPLICATE_REMOVED_PRIMARY_RETAINED
LS-WS-0470,C85,audit/WS_C85_CONTROLLED_LIMITED_RUNTIME_OPT_IN_PILOT_OR_SHADOW_ROLLOUT_POST_ACTIVATION_OBSERVATION_REVIEW.md,BFB5E7E6C132A81F1E127735FB2A331F9E992891,records/history/original_sources/LS-WS-0470.md,records/evidence/runs/C85_PILOT_POST_ACT_OBS_REVIEW.md,EVIDENCE,PHYSICAL_DUPLICATE_REMOVED_PRIMARY_RETAINED
LS-WS-0471,C85,audit/WS_C85_OPERATOR_VALIDATION_COMMANDS.md,C4986B25D89FFF822FDA202FD5F5B067380D5C8A,records/history/original_sources/LS-WS-0471.md,records/evidence/runs/C85_OP_CMDS.md,EVIDENCE,PHYSICAL_DUPLICATE_REMOVED_PRIMARY_RETAINED
LS-WS-0472,C86,audit/WS_C86_CONTROLLED_LIMITED_RUNTIME_OPT_IN_PILOT_OR_SHADOW_ROLLOUT_POST_ACTIVATION_OBSERVATION_RESULT_REVIEW.md,24DABBE7E5DFC19FFAC46F113FBF2422973DBA98,records/history/original_sources/LS-WS-0472.md,records/evidence/runs/C86_PILOT_POST_ACT_OBS_RESULT.md,EVIDENCE,PHYSICAL_DUPLICATE_REMOVED_PRIMARY_RETAINED
LS-WS-0473,C86,audit/WS_C86_OPERATOR_VALIDATION_COMMANDS.md,17210F0B0CD8A9244D41D9C286C892ED142D904D,records/history/original_sources/LS-WS-0473.md,records/evidence/runs/C86_OP_CMDS.md,EVIDENCE,PHYSICAL_DUPLICATE_REMOVED_PRIMARY_RETAINED
LS-WS-0475,C87,audit/WS_C87_OPERATOR_VALIDATION_COMMANDS.md,82C83962362276A0929F23BE1EBFB34018AB4C9D,records/history/original_sources/LS-WS-0475.md,records/evidence/runs/C87_OP_CMDS.md,EVIDENCE,PHYSICAL_DUPLICATE_REMOVED_PRIMARY_RETAINED
LS-WS-0477,C88,audit/WS_C88_OPERATOR_VALIDATION_COMMANDS.md,041B9F35628BBE33AE5C720C824920C52AF62BA4,records/history/original_sources/LS-WS-0477.md,records/evidence/runs/C88_OP_CMDS.md,EVIDENCE,PHYSICAL_DUPLICATE_REMOVED_PRIMARY_RETAINED
LS-WS-0479,C89,audit/WS_C89_OPERATOR_VALIDATION_COMMANDS.md,3A584DE7E4FC36DAE57E63E1308A48BF67284DC1,records/history/original_sources/LS-WS-0479.md,records/evidence/runs/C89_OP_CMDS.md,EVIDENCE,PHYSICAL_DUPLICATE_REMOVED_PRIMARY_RETAINED
LS-WS-0481,C90,audit/WS_C90_OPERATOR_VALIDATION_COMMANDS.md,ED83BAA5204D81B6263B1746DDB0D2EDB20F58A7,records/history/original_sources/LS-WS-0481.md,records/evidence/runs/C90_OP_CMDS.md,EVIDENCE,PHYSICAL_DUPLICATE_REMOVED_PRIMARY_RETAINED
LS-WS-0483,C91,audit/WS_C91_OPERATOR_VALIDATION_COMMANDS.md,625658515FA86D62693E92B7F6F6B52B09F9094A,records/history/original_sources/LS-WS-0483.md,records/evidence/runs/C91_OP_CMDS.md,EVIDENCE,PHYSICAL_DUPLICATE_REMOVED_PRIMARY_RETAINED
LS-WS-0485,C92,audit/WS_C92_OPERATOR_VALIDATION_COMMANDS.md,B56B39CEB1C00C871FDCF890544C24E985CB169D,records/history/original_sources/LS-WS-0485.md,records/evidence/runs/C92_OP_CMDS.md,EVIDENCE,PHYSICAL_DUPLICATE_REMOVED_PRIMARY_RETAINED
LS-WS-0488,C94,audit/WS_C94_CONTROLLED_LIMITED_RUNTIME_OPT_IN_PILOT_OR_SHADOW_ROLLOUT_POST_ACTIVATION_AUDIT_ARCHIVE_REVIEW.md,AAC155B1A5AF95376AE2F41850CC294283407226,records/history/original_sources/LS-WS-0488.md,records/evidence/runs/C94_PILOT_POST_ACT_AUDIT_ARCH_REVIEW.md,EVIDENCE,PHYSICAL_DUPLICATE_REMOVED_PRIMARY_RETAINED
LS-WS-0490,C95,audit/WS_C95_CONTROLLED_LIMITED_RUNTIME_OPT_IN_PILOT_OR_SHADOW_ROLLOUT_POST_ACTIVATION_AUDIT_ARCHIVE_COMPLETION_REVIEW.md,1644B8116DE38851EDCAA41D55E9A3581AEF9BE5,records/history/original_sources/LS-WS-0490.md,records/evidence/runs/C95_PILOT_POST_ACT_AUDIT_ARCH_COMPLETE.md,EVIDENCE,PHYSICAL_DUPLICATE_REMOVED_PRIMARY_RETAINED
LS-WS-0491,C95,audit/WS_C95_OPERATOR_VALIDATION_COMMANDS.md,EAF710AA5B57F7956F95CD9E9B3E6ACD1E02E57F,records/history/original_sources/LS-WS-0491.md,records/evidence/runs/C95_OP_CMDS.md,EVIDENCE,PHYSICAL_DUPLICATE_REMOVED_PRIMARY_RETAINED
LS-WS-0496,C98,audit/WS_C98_OPERATOR_VALIDATION_COMMANDS.md,9A2DCD6CA03F4F81DE52AAAE887E3A7290C75B32,records/history/original_sources/LS-WS-0496.md,records/evidence/runs/C98_OP_CMDS.md,EVIDENCE,PHYSICAL_DUPLICATE_REMOVED_PRIMARY_RETAINED
LS-WS-0497,C98,audit/WS_C98_WEEKLY_SWING_WATCHLIST_NON_LIVE_REHEARSAL_REVIEW.md,725119675FCBBE0E81EC6000C6E89A24B02C1F99,records/history/original_sources/LS-WS-0497.md,records/evidence/runs/C98_REH_REVIEW.md,EVIDENCE,PHYSICAL_DUPLICATE_REMOVED_PRIMARY_RETAINED
LS-WS-0498,C99,audit/WS_C99_OPERATOR_VALIDATION_COMMANDS.md,741CF34E84C19BD7D0BC724735D2378247CE7AAA,records/history/original_sources/LS-WS-0498.md,records/evidence/runs/C99_OP_CMDS.md,EVIDENCE,PHYSICAL_DUPLICATE_REMOVED_PRIMARY_RETAINED
LS-WS-0499,C99,audit/WS_C99_WEEKLY_SWING_WATCHLIST_NON_LIVE_REHEARSAL_EXECUTION_REVIEW.md,31537BC4F3924895674980AE5E605BAEB4E5074F,records/history/original_sources/LS-WS-0499.md,records/evidence/runs/C99_REH_EXEC_REVIEW.md,EVIDENCE,PHYSICAL_DUPLICATE_REMOVED_PRIMARY_RETAINED
LS-WS-0505,R02,audit/WS_NEW_STRATEGY_R02_OPERATOR_VALIDATION_COMMANDS.md,61489005E01D7E71B1D25049309328B85946E9B8,records/history/original_sources/LS-WS-0505.md,records/evidence/runs/WS_NEW_STRATEGY_R02_OPERATOR_VALIDATION_COMMANDS.md,EVIDENCE,PHYSICAL_DUPLICATE_REMOVED_PRIMARY_RETAINED
LS-WS-0510,,LAYER_ACTIVATION_RULE.md,8D2570744F13A318C42E484F29014A1DBB153699,records/history/original_sources/LS-WS-0510.md,authority/governance/LAYER_ACTIVATION_RULE.md,GOVERNANCE,PHYSICAL_DUPLICATE_REMOVED_PRIMARY_RETAINED
LS-WS-0516,,system/db/04_DB_SEED_GLOBAL.sql,E17F5D0F9E98BA7E403CE22784DAD0221EA987B3,records/history/original_sources/LS-WS-0516.sql,development/implementation/db/DB_SEED_GLOBAL.sql,IMPLEMENTATION,PHYSICAL_DUPLICATE_REMOVED_PRIMARY_RETAINED
LS-WS-0517,,system/db/05_DB_DDL_MARIADB.sql,AC138A217248D94C8D86B99E348C7BB77DDCBF9E,records/history/original_sources/LS-WS-0517.sql,development/implementation/db/DB_DDL_MARIADB.sql,IMPLEMENTATION,PHYSICAL_DUPLICATE_REMOVED_PRIMARY_RETAINED
LS-WS-0518,,system/db/MIGRATIONS.sql,9EC64EC198E9D0BDA0C5D90722E159405D729486,records/history/original_sources/LS-WS-0518.sql,development/implementation/db/MIGRATIONS.sql,IMPLEMENTATION,PHYSICAL_DUPLICATE_REMOVED_PRIMARY_RETAINED
LS-WS-0520,,system/db/WATCHLIST_DB_DICTIONARY.md,7DE3886F6EDDFCF70FFFBDA02EDA8A8ADE47780A,records/history/original_sources/LS-WS-0520.md,records/history/archive/H0067_WATCHLIST_DB_DICTIONARY.md,HISTORY,PHYSICAL_DUPLICATE_REMOVED_PRIMARY_RETAINED
LS-WS-0530,,system/policies/_shared/01_POLICY_FRAMEWORK_OVERVIEW.md,2771793ABB0A26B78C0552D0998BE6CDD3224E21,records/history/original_sources/LS-WS-0530.md,records/history/archive/H0030_governance__STRATEGY_POLICY_FRAMEWORK.md,HISTORY,PHYSICAL_DUPLICATE_REMOVED_PRIMARY_RETAINED
LS-WS-0537,,system/policies/_shared/README.md,00C33692D2A95708AA6B17188EDB73E810C5987E,records/history/original_sources/LS-WS-0537.md,records/history/archive/H0033_implementation__shared__README.md,HISTORY,PHYSICAL_DUPLICATE_REMOVED_PRIMARY_RETAINED
LS-WS-0560,,system/policies/weekly_swing/22_WS_RECOMMENDATION_OVERVIEW.md,60E69D88412C63EDAB73BB574C570D20E6F75C3D,records/history/original_sources/LS-WS-0560.md,records/history/archive/H0092_22_WS_RECOMMENDATION_OVERVIEW.md,HISTORY,PHYSICAL_DUPLICATE_REMOVED_PRIMARY_RETAINED
LS-WS-0562,,system/policies/weekly_swing/24_WS_RECOMMENDATION_ALGORITHM.md,D282A2A00C8FA243E34AF222045329FBEB67C644,records/history/original_sources/LS-WS-0562.md,records/history/archive/H0093_24_WS_RECOMMENDATION_ALGORITHM.md,HISTORY,PHYSICAL_DUPLICATE_REMOVED_PRIMARY_RETAINED
LS-WS-0564,,system/policies/weekly_swing/_refs/README.md,E1724C42DFBAB96876139A68357B8932871BCB4F,records/history/original_sources/LS-WS-0564.md,records/history/archive/H0334_LEGACY_REFS_README.md,HISTORY,PHYSICAL_DUPLICATE_REMOVED_PRIMARY_RETAINED
LS-WS-0565,B01,system/policies/weekly_swing/_refs/WS_BREAKOUT_INTEGRITY_B01_ACTIVE_SHADOW_LOCK.md,277037690E8FD2EB6798E3FAF0B8B88AEC8CA7EC,records/history/original_sources/LS-WS-0565.md,records/evidence/WS_BREAKOUT_INTEGRITY_B01_ACTIVE_SHADOW_LOCK.md,EVIDENCE,PHYSICAL_DUPLICATE_REMOVED_PRIMARY_RETAINED
LS-WS-0567,B01,system/policies/weekly_swing/_refs/WS_BREAKOUT_INTEGRITY_B01_OFFICIAL_OOS_LOCK.md,3DDCCCDE0F522BE383723D992C179A801B6F3103,records/history/original_sources/LS-WS-0567.md,records/evidence/WS_BREAKOUT_INTEGRITY_B01_OFFICIAL_OOS_LOCK.md,EVIDENCE,PHYSICAL_DUPLICATE_REMOVED_PRIMARY_RETAINED
LS-WS-0568,B01,system/policies/weekly_swing/_refs/WS_BREAKOUT_INTEGRITY_B01_PREREGISTRATION_LOCK.md,8A66C8071F4F12AE137AE6038469CD4B9B8859F2,records/history/original_sources/LS-WS-0568.md,records/history/archive/H0285_WS_BREAKOUT_INTEGRITY_B01_PREREGISTRATION_LOCK_HISTORICAL.md,HISTORY,PHYSICAL_DUPLICATE_REMOVED_PRIMARY_RETAINED
LS-WS-0569,B01,system/policies/weekly_swing/_refs/WS_BREAKOUT_INTEGRITY_B01_PROMOTION_READINESS_LOCK.md,A04841B16A382D1F68B52B202F2A79FC4A93E065,records/history/original_sources/LS-WS-0569.md,records/decisions/WS_BREAKOUT_INTEGRITY_B01_PROMOTION_READINESS_LOCK.md,DECISION,PHYSICAL_DUPLICATE_REMOVED_PRIMARY_RETAINED
LS-WS-0573,C22+C24,system/policies/weekly_swing/_refs/WS_C22_SHADOW_GAP_BRIDGE_C24_DESIGN_NOTE.md,A028F4EC184734FCBD6A9550451C1D5A181CB20B,records/history/original_sources/LS-WS-0573.md,records/history/archive/H0261_C22_SHADOW_GAP_BRIDGE_C24_DESIGN_NOTE_HISTORICAL.md,HISTORY,PHYSICAL_DUPLICATE_REMOVED_PRIMARY_RETAINED
LS-WS-0575,C27,system/policies/weekly_swing/_refs/WS_CATALOG_CANDIDATE_C27_RAW_OHLC_VALIDATION_NOTE.md,D6907E23C758D1A64B6ABBC5E4E570D9E1AE6F5C,records/history/original_sources/LS-WS-0575.md,records/history/archive/H0332_C27_CATALOG_NOTE_HISTORICAL.md,HISTORY,PHYSICAL_DUPLICATE_REMOVED_PRIMARY_RETAINED
LS-WS-0576,C28,system/policies/weekly_swing/_refs/WS_CATALOG_CANDIDATE_C28_RULE_REVISION_TIEBREAK_NOTE.md,92338A20179F9AA34543B2B4D3AB9CB9070D5AB9,records/history/original_sources/LS-WS-0576.md,records/history/archive/H0333_C28_CATALOG_NOTE_HISTORICAL.md,HISTORY,PHYSICAL_DUPLICATE_REMOVED_PRIMARY_RETAINED
LS-WS-0599,,system/policies/weekly_swing/_refs/WS_OOS_EVIDENCE_NOTE.md,E12BDDE877F4265B40D5F882129F73A932CC91A4,records/history/original_sources/LS-WS-0599.md,records/evidence/WS_OOS_EVIDENCE_NOTE.md,EVIDENCE,PHYSICAL_DUPLICATE_REMOVED_PRIMARY_RETAINED
LS-WS-0601,P01,system/policies/weekly_swing/_refs/WS_PRICE_QUALITY_P01_IDENTITY_REPAIR_LOCK.md,7697FEB71A73B09D78201FA8524D15CD2A6A84A3,records/history/original_sources/LS-WS-0601.md,records/history/archive/H0250_WS_PRICE_QUALITY_P01_IDENTITY_REPAIR_LOCK_HISTORICAL.md,HISTORY,PHYSICAL_DUPLICATE_REMOVED_PRIMARY_RETAINED
LS-WS-0608,Q01,system/policies/weekly_swing/_refs/WS_SIGNAL_QUALITY_Q01_PREREGISTRATION_LOCK.md,89771DC99356635DC5DEA3F4F00A095DAB509D77,records/history/original_sources/LS-WS-0608.md,records/history/archive/H0255_WS_SIGNAL_QUALITY_Q01_PREREGISTRATION_LOCK_HISTORICAL.md,HISTORY,PHYSICAL_DUPLICATE_REMOVED_PRIMARY_RETAINED
LS-WS-0609,S01,system/policies/weekly_swing/_refs/WS_TAIL_RISK_S01_CANDIDATE_AND_REMEDIATION_LOCK.md,7DBAD59729BDBA9BA9409A8F9E2AE98298AA415E,records/history/original_sources/LS-WS-0609.md,records/history/archive/H0293_WS_TAIL_RISK_S01_CANDIDATE_AND_REMEDIATION_LOCK_HISTORICAL.md,HISTORY,PHYSICAL_DUPLICATE_REMOVED_PRIMARY_RETAINED
LS-WS-0611,,system/policies/weekly_swing/db/BACKTEST_OOS_RUNTIME_GAP_CLOSURE.sql,FAB8820BE2E1FE3D3DC41E78BDB1300EF45DA5F5,records/history/original_sources/LS-WS-0611.sql,development/implementation/db/BACKTEST_OOS_RUNTIME_GAP_CLOSURE.sql,IMPLEMENTATION,PHYSICAL_DUPLICATE_REMOVED_PRIMARY_RETAINED
LS-WS-0612,,system/policies/weekly_swing/db/BACKTEST_OOS_RUNTIME_VERIFY.sql,44A0124B5AC3D38FA128C7106F91B93E76500FA6,records/history/original_sources/LS-WS-0612.sql,development/implementation/db/BACKTEST_OOS_RUNTIME_VERIFY.sql,IMPLEMENTATION,PHYSICAL_DUPLICATE_REMOVED_PRIMARY_RETAINED
LS-WS-0613,,system/policies/weekly_swing/db/BACKTEST_PARAM_GRID_SEED.sql,A8BFAE91584A89BD7C7FB368D718241560301670,records/history/original_sources/LS-WS-0613.sql,development/implementation/db/BACKTEST_PARAM_GRID_SEED.sql,IMPLEMENTATION,PHYSICAL_DUPLICATE_REMOVED_PRIMARY_RETAINED
LS-WS-0615,,system/policies/weekly_swing/db/PARAMSET_WS_ACTIVE_EXAMPLE.json,394D4C4013D81B124DCF43886C534E321603A018,records/history/original_sources/LS-WS-0615.json,development/implementation/db/PARAMSET_WS_ACTIVE_EXAMPLE.json,IMPLEMENTATION,PHYSICAL_DUPLICATE_REMOVED_PRIMARY_RETAINED
LS-WS-0618,,system/policies/weekly_swing/db/README.md,712676135494D121EBE96D6D71DB75F235A78A7A,records/history/original_sources/LS-WS-0618.md,records/history/archive/H0144_REORG_implementation__weekly_swing__db__README.md,HISTORY,PHYSICAL_DUPLICATE_REMOVED_PRIMARY_RETAINED
LS-WS-0622,,system/policies/weekly_swing/examples/WS_CONFIRM_OUTPUT_NON_RECOMMENDED_CANDIDATE.json,4B73FE0C6FD9DB7C5ED01F9F6EB5CC20951CD07F,records/history/original_sources/LS-WS-0622.json,records/history/archive/H0096_WS_CONFIRM_OUTPUT_NON_RECOMMENDED_CANDIDATE.json,HISTORY,PHYSICAL_DUPLICATE_REMOVED_PRIMARY_RETAINED
LS-WS-0624,,system/policies/weekly_swing/examples/WS_PLAN_CONFIRM_RUNTIME_PAIR_EXAMPLE_A.json,938E27C37CDCF61CC9690AEF7AC87B7D70EB5B5E,records/history/original_sources/LS-WS-0624.json,records/history/archive/H0097_WS_PLAN_CONFIRM_RUNTIME_PAIR_EXAMPLE_A.json,HISTORY,PHYSICAL_DUPLICATE_REMOVED_PRIMARY_RETAINED
LS-WS-0627,,system/policies/weekly_swing/examples/WS_PLAN_RECOMMENDATION_PAIR_EXAMPLE_A.json,10BC85BC17097810479A77EE92D05D929B271786,records/history/original_sources/LS-WS-0627.json,development/implementation/examples/WS_PLAN_RECOMMENDATION_PAIR_EXAMPLE_A.json,IMPLEMENTATION,PHYSICAL_DUPLICATE_REMOVED_PRIMARY_RETAINED
LS-WS-0628,,system/policies/weekly_swing/examples/WS_PLAN_RUNTIME_OUTPUT_EXAMPLE_A.json,2866BA0CAFF0B1D7B2540B8DEB8B63664E7AD5BC,records/history/original_sources/LS-WS-0628.json,development/implementation/examples/WS_PLAN_RUNTIME_OUTPUT_EXAMPLE_A.json,IMPLEMENTATION,PHYSICAL_DUPLICATE_REMOVED_PRIMARY_RETAINED
LS-WS-0629,,system/policies/weekly_swing/examples/WS_PLAN_RUNTIME_OUTPUT_EXAMPLE_NO_TRADE.json,4555AFBE688E4C3919639CF2B27A82C94824A5D7,records/history/original_sources/LS-WS-0629.json,development/implementation/examples/WS_PLAN_RUNTIME_OUTPUT_EXAMPLE_NO_TRADE.json,IMPLEMENTATION,PHYSICAL_DUPLICATE_REMOVED_PRIMARY_RETAINED
LS-WS-0630,,system/policies/weekly_swing/examples/WS_RECOMMENDATION_RUNTIME_OUTPUT_EMPTY.json,BCFEA7663B288F3483DA405196194F47179958A3,records/history/original_sources/LS-WS-0630.json,development/implementation/examples/WS_RECOMMENDATION_RUNTIME_OUTPUT_EMPTY.json,IMPLEMENTATION,PHYSICAL_DUPLICATE_REMOVED_PRIMARY_RETAINED
LS-WS-0631,,system/policies/weekly_swing/examples/WS_RECOMMENDATION_RUNTIME_OUTPUT_EMPTY_DETAILED.json,24AA805B6E952EFF03774B99C9FE8589920EA00E,records/history/original_sources/LS-WS-0631.json,development/implementation/examples/WS_RECOMMENDATION_RUNTIME_OUTPUT_EMPTY_DETAILED.json,IMPLEMENTATION,PHYSICAL_DUPLICATE_REMOVED_PRIMARY_RETAINED
LS-WS-0632,,system/policies/weekly_swing/examples/WS_RECOMMENDATION_RUNTIME_OUTPUT_EXAMPLE_A.json,8A90D9072367A6D337450989C39C15FB3373C58D,records/history/original_sources/LS-WS-0632.json,development/implementation/examples/WS_RECOMMENDATION_RUNTIME_OUTPUT_EXAMPLE_A.json,IMPLEMENTATION,PHYSICAL_DUPLICATE_REMOVED_PRIMARY_RETAINED
LS-WS-0633,,system/policies/weekly_swing/examples/WS_RECOMMENDATION_RUNTIME_OUTPUT_EXAMPLE_B.json,0127795E1E40026AEDD743F6BF25E989F7A31978,records/history/original_sources/LS-WS-0633.json,development/implementation/examples/WS_RECOMMENDATION_RUNTIME_OUTPUT_EXAMPLE_B.json,IMPLEMENTATION,PHYSICAL_DUPLICATE_REMOVED_PRIMARY_RETAINED
LS-WS-0635,,system/policies/weekly_swing/fixtures/bt_coverage_guard_minimal.json,0D2025B18FBA293469669691351089C5EE063335,records/history/original_sources/LS-WS-0635.json,development/implementation/tests/bt_coverage_guard_minimal.json,IMPLEMENTATION,PHYSICAL_DUPLICATE_REMOVED_PRIMARY_RETAINED
LS-WS-0637,,system/policies/weekly_swing/fixtures/bt_oos_proof_minimal.json,2BABB906D2765525ED998A89BA78684DE5B4D687,records/history/original_sources/LS-WS-0637.json,development/implementation/tests/bt_oos_proof_minimal.json,IMPLEMENTATION,PHYSICAL_DUPLICATE_REMOVED_PRIMARY_RETAINED
LS-WS-0638,,system/policies/weekly_swing/fixtures/candidate_confirm_non_recommended.json,4478CA77746156EDFED6CBFA486167ED4FF5F776,records/history/original_sources/LS-WS-0638.json,records/history/archive/H0098_candidate_confirm_non_recommended.json,HISTORY,PHYSICAL_DUPLICATE_REMOVED_PRIMARY_RETAINED
LS-WS-0639,,system/policies/weekly_swing/fixtures/confirm_immutability_pair.json,A27ABBF77F5E193ED8846AE1AB9FC2D9499D56BF,records/history/original_sources/LS-WS-0639.json,development/implementation/tests/confirm_immutability_pair.json,IMPLEMENTATION,PHYSICAL_DUPLICATE_REMOVED_PRIMARY_RETAINED
LS-WS-0640,,system/policies/weekly_swing/fixtures/confirm_payload_with_orderbook_fields.json,06E839FA7ECFD65EA615D6DE55DAF403019D46BF,records/history/original_sources/LS-WS-0640.json,development/implementation/tests/confirm_payload_with_orderbook_fields.json,IMPLEMENTATION,PHYSICAL_DUPLICATE_REMOVED_PRIMARY_RETAINED
LS-WS-0641,,system/policies/weekly_swing/fixtures/confirm_payload_with_unknown_top_level_field.json,E1BB9FE6DFB2BC121A1CD7444FE55A30ABCE0C02,records/history/original_sources/LS-WS-0641.json,development/implementation/tests/confirm_payload_with_unknown_top_level_field.json,IMPLEMENTATION,PHYSICAL_DUPLICATE_REMOVED_PRIMARY_RETAINED
LS-WS-0642,,system/policies/weekly_swing/fixtures/confirm_snapshots_two.json,E8476811A24244E41782359ACC34B174B647A060,records/history/original_sources/LS-WS-0642.json,development/implementation/tests/confirm_snapshots_two.json,IMPLEMENTATION,PHYSICAL_DUPLICATE_REMOVED_PRIMARY_RETAINED
LS-WS-0643,,system/policies/weekly_swing/fixtures/hash_contract_vectors.json,1C96F8708ADFFAE6CE2EC37A450314435E8D37B0,records/history/original_sources/LS-WS-0643.json,development/implementation/tests/hash_contract_vectors.json,IMPLEMENTATION,PHYSICAL_DUPLICATE_REMOVED_PRIMARY_RETAINED
LS-WS-0644,,system/policies/weekly_swing/fixtures/paramset_bad_enum.json,E5CFC75600FDC64FFA26FE682169CE2CC7BA552A,records/history/original_sources/LS-WS-0644.json,development/implementation/tests/paramset_bad_enum.json,IMPLEMENTATION,PHYSICAL_DUPLICATE_REMOVED_PRIMARY_RETAINED
LS-WS-0645,,system/policies/weekly_swing/fixtures/paramset_bad_eval.json,38E0B1FCD30602A5FAF692B185CF738B29725865,records/history/original_sources/LS-WS-0645.json,development/implementation/tests/paramset_bad_eval.json,IMPLEMENTATION,PHYSICAL_DUPLICATE_REMOVED_PRIMARY_RETAINED
LS-WS-0646,,system/policies/weekly_swing/fixtures/paramset_bad_hash_contract.json,19781C40C57C1058A2FDE14D7FBE3C849D1D9E2B,records/history/original_sources/LS-WS-0646.json,development/implementation/tests/paramset_bad_hash_contract.json,IMPLEMENTATION,PHYSICAL_DUPLICATE_REMOVED_PRIMARY_RETAINED
LS-WS-0647,,system/policies/weekly_swing/fixtures/paramset_missing_audit_field.json,42FCFD751A473D7B1C04C56B4F1FCBECE009011A,records/history/original_sources/LS-WS-0647.json,development/implementation/tests/paramset_missing_audit_field.json,IMPLEMENTATION,PHYSICAL_DUPLICATE_REMOVED_PRIMARY_RETAINED
LS-WS-0648,,system/policies/weekly_swing/fixtures/paramset_missing_required_key.json,19D33A7DC0CDA2A089A565E5E89978E22A8713F0,records/history/original_sources/LS-WS-0648.json,development/implementation/tests/paramset_missing_required_key.json,IMPLEMENTATION,PHYSICAL_DUPLICATE_REMOVED_PRIMARY_RETAINED
LS-WS-0649,,system/policies/weekly_swing/fixtures/paramset_type_drift.json,9F24D57142B499420090216302A36D6C28957336,records/history/original_sources/LS-WS-0649.json,development/implementation/tests/paramset_type_drift.json,IMPLEMENTATION,PHYSICAL_DUPLICATE_REMOVED_PRIMARY_RETAINED
LS-WS-0650,,system/policies/weekly_swing/fixtures/paramset_unknown_key.json,43639734C9EDE7DF1D3969187E4F7057421BFFED,records/history/original_sources/LS-WS-0650.json,development/implementation/tests/paramset_unknown_key.json,IMPLEMENTATION,PHYSICAL_DUPLICATE_REMOVED_PRIMARY_RETAINED
LS-WS-0651,,system/policies/weekly_swing/fixtures/paramset_valid.json,B600DBB73F36B2958EBEE42BC2F425B31533730A,records/history/original_sources/LS-WS-0651.json,development/implementation/tests/paramset_valid.json,IMPLEMENTATION,PHYSICAL_DUPLICATE_REMOVED_PRIMARY_RETAINED
LS-WS-0652,,system/policies/weekly_swing/fixtures/PLAN_FIXTURE_A_TIES_V1.json,3FB26ACAE9EC3B3C55C7237FA810FF05D8A7B989,records/history/original_sources/LS-WS-0652.json,development/implementation/tests/PLAN_FIXTURE_A_TIES_V1.json,IMPLEMENTATION,PHYSICAL_DUPLICATE_REMOVED_PRIMARY_RETAINED
LS-WS-0653,,system/policies/weekly_swing/fixtures/plan_items_artificial_ties.json,9832E1CB388FA34E0749A6ACDD3C16672DD1AD9B,records/history/original_sources/LS-WS-0653.json,development/implementation/tests/plan_items_artificial_ties.json,IMPLEMENTATION,PHYSICAL_DUPLICATE_REMOVED_PRIMARY_RETAINED
LS-WS-0654,,system/policies/weekly_swing/fixtures/plan_items_forced_watch_only.json,3DE9A6A00865A98E7D449BBD907DCFA3601D1851,records/history/original_sources/LS-WS-0654.json,development/implementation/tests/plan_items_forced_watch_only.json,IMPLEMENTATION,PHYSICAL_DUPLICATE_REMOVED_PRIMARY_RETAINED
LS-WS-0655,,system/policies/weekly_swing/fixtures/plan_items_guard_fail.json,4DBDA4C331E9F75454464A70F713A8D9A3290D88,records/history/original_sources/LS-WS-0655.json,development/implementation/tests/plan_items_guard_fail.json,IMPLEMENTATION,PHYSICAL_DUPLICATE_REMOVED_PRIMARY_RETAINED
LS-WS-0656,,system/policies/weekly_swing/fixtures/plan_items_no_trade_hide_all.json,ABA8E16D1BC289B4832F9B5EEA44068FFB4A5F2D,records/history/original_sources/LS-WS-0656.json,development/implementation/tests/plan_items_no_trade_hide_all.json,IMPLEMENTATION,PHYSICAL_DUPLICATE_REMOVED_PRIMARY_RETAINED
LS-WS-0657,,system/policies/weekly_swing/fixtures/plan_items_no_trade_min_eligible.json,166522A1A61851ABC2AB04D32784500BC2E32B7C,records/history/original_sources/LS-WS-0657.json,development/implementation/tests/plan_items_no_trade_min_eligible.json,IMPLEMENTATION,PHYSICAL_DUPLICATE_REMOVED_PRIMARY_RETAINED
LS-WS-0658,,system/policies/weekly_swing/fixtures/plan_universe_snapshot_sample.json,134E10E067BC574355B1EB1AC1E24B005D0DB7CB,records/history/original_sources/LS-WS-0658.json,development/implementation/tests/plan_universe_snapshot_sample.json,IMPLEMENTATION,PHYSICAL_DUPLICATE_REMOVED_PRIMARY_RETAINED
LS-WS-0660,,system/policies/weekly_swing/fixtures/recommendation_capital_aware.json,AA9F73D4907FE98D27F96E98841D84D77D9F2A67,records/history/original_sources/LS-WS-0660.json,development/implementation/tests/recommendation_capital_aware.json,IMPLEMENTATION,PHYSICAL_DUPLICATE_REMOVED_PRIMARY_RETAINED
LS-WS-0661,,system/policies/weekly_swing/fixtures/recommendation_capital_free.json,F16A81BEE36D627DB2331E31B329FC70B1B8881F,records/history/original_sources/LS-WS-0661.json,development/implementation/tests/recommendation_capital_free.json,IMPLEMENTATION,PHYSICAL_DUPLICATE_REMOVED_PRIMARY_RETAINED
LS-WS-0662,,system/policies/weekly_swing/fixtures/recommendation_capital_free_vs_capital_aware_pair.json,0CA9BAEBDB6C1CB98B2BF97BA6E02E64F0BBC900,records/history/original_sources/LS-WS-0662.json,development/implementation/tests/recommendation_capital_free_vs_capital_aware_pair.json,IMPLEMENTATION,PHYSICAL_DUPLICATE_REMOVED_PRIMARY_RETAINED
LS-WS-0663,,system/policies/weekly_swing/fixtures/recommendation_deterministic_ties.json,34BBF567430DF400A8EF9D8187E05729DF771ED5,records/history/original_sources/LS-WS-0663.json,development/implementation/tests/recommendation_deterministic_ties.json,IMPLEMENTATION,PHYSICAL_DUPLICATE_REMOVED_PRIMARY_RETAINED
LS-WS-0664,,system/policies/weekly_swing/fixtures/recommendation_empty_but_prioritized_groups_nonempty.json,526898BD532FBF4596EDDDCD64C2601C0C779D77,records/history/original_sources/LS-WS-0664.json,development/implementation/tests/recommendation_empty_but_prioritized_groups_nonempty.json,IMPLEMENTATION,PHYSICAL_DUPLICATE_REMOVED_PRIMARY_RETAINED
LS-WS-0665,,system/policies/weekly_swing/fixtures/recommended_and_confirmed_pair.json,F59C5C417ADCFD4FF502C710EA47629AFAB040FB,records/history/original_sources/LS-WS-0665.json,development/implementation/tests/recommended_and_confirmed_pair.json,IMPLEMENTATION,PHYSICAL_DUPLICATE_REMOVED_PRIMARY_RETAINED
LS-WS-0666,,system/policies/weekly_swing/fixtures/recommended_and_confirmed_pair_detailed.json,F337B8E244E468A07DB370BFB87A6E1A7A56B962,records/history/original_sources/LS-WS-0666.json,development/implementation/tests/recommended_and_confirmed_pair_detailed.json,IMPLEMENTATION,PHYSICAL_DUPLICATE_REMOVED_PRIMARY_RETAINED
LS-WS-0667,,system/policies/weekly_swing/fixtures/scored_items_quantile_cutoff.json,CE38A6647C90A719EC45DD1868820BA6F4520468,records/history/original_sources/LS-WS-0667.json,development/implementation/tests/scored_items_quantile_cutoff.json,IMPLEMENTATION,PHYSICAL_DUPLICATE_REMOVED_PRIMARY_RETAINED
LS-WS-0668,,system/policies/weekly_swing/fixtures/universe_equivalence_sample.json,0E82BC88A282189A3D952134533E190760184BBE,records/history/original_sources/LS-WS-0668.json,development/implementation/tests/universe_equivalence_sample.json,IMPLEMENTATION,PHYSICAL_DUPLICATE_REMOVED_PRIMARY_RETAINED
