legacy_work_key,source_count,source_ids,original_paths,note
B01,6,LS-WS-0074;LS-WS-0565;LS-WS-0566;LS-WS-0567;LS-WS-0568;LS-WS-0569,audit/WS_BREAKOUT_INTEGRITY_B01_EXECUTION_AND_TARGET_ALIGNMENT.md;system/policies/weekly_swing/_refs/WS_BREAKOUT_INTEGRITY_B01_ACTIVE_SHADOW_LOCK.md;system/policies/weekly_swing/_refs/WS_BREAKOUT_INTEGRITY_B01_IS_IDENTITY_REVIEW_LOCK.md;system/policies/weekly_swing/_refs/WS_BREAKOUT_INTEGRITY_B01_OFFICIAL_OOS_LOCK.md;system/policies/weekly_swing/_refs/WS_BREAKOUT_INTEGRITY_B01_PREREGISTRATION_LOCK.md;system/policies/weekly_swing/_refs/WS_BREAKOUT_INTEGRITY_B01_PROMOTION_READINESS_LOCK.md,Historical correlation key only; not a WS-Bxx Attempt ID.
C01,3,LS-WS-0570;LS-WS-0571;LS-WS-0577,system/policies/weekly_swing/_refs/WS_C01_FAILURE_DIAGNOSTIC_NOTE.md;system/policies/weekly_swing/_refs/WS_C01_IS_FAILURE_DRILLDOWN_NOTE.md;system/policies/weekly_swing/_refs/WS_DOWNSIDE_STABILITY_C01_CALIBRATION_NOTE.md,Historical correlation key only; not a WS-Bxx Attempt ID.
C02,4,LS-WS-0001;LS-WS-0075;LS-WS-0076;LS-WS-0578,audit/_artifacts/c02-forensic-summary.csv;audit/WS_C02_OPERATOR_FORENSIC_FINAL_RESULT.md;audit/WS_C02_OPERATOR_VALIDATION_COMMANDS.md;system/policies/weekly_swing/_refs/WS_DOWNSIDE_STABILITY_C02_DESIGN_NOTE.md,Historical correlation key only; not a WS-Bxx Attempt ID.
C03,4,LS-WS-0002;LS-WS-0077;LS-WS-0078;LS-WS-0579,audit/_artifacts/c03-forensic-summary.csv;audit/WS_C03_OPERATOR_FORENSIC_FINAL_RESULT.md;audit/WS_C03_OPERATOR_VALIDATION_COMMANDS.md;system/policies/weekly_swing/_refs/WS_DOWNSIDE_STABILITY_C03_DESIGN_NOTE.md,Historical correlation key only; not a WS-Bxx Attempt ID.
C04,5,LS-WS-0003;LS-WS-0079;LS-WS-0080;LS-WS-0580;LS-WS-0581,audit/_artifacts/c04-forensic-summary.csv;audit/WS_C04_OPERATOR_FORENSIC_FINAL_RESULT.md;audit/WS_C04_OPERATOR_VALIDATION_COMMANDS.md;system/policies/weekly_swing/_refs/WS_DOWNSIDE_STABILITY_C04_DESIGN_INPUT_NOTE.md;system/policies/weekly_swing/_refs/WS_DOWNSIDE_STABILITY_C04_DESIGN_NOTE.md,Historical correlation key only; not a WS-Bxx Attempt ID.
C05,4,LS-WS-0004;LS-WS-0081;LS-WS-0082;LS-WS-0582,audit/_artifacts/c05-forensic-summary.csv;audit/WS_C05_OPERATOR_FORENSIC_FINAL_RESULT.md;audit/WS_C05_OPERATOR_VALIDATION_COMMANDS.md;system/policies/weekly_swing/_refs/WS_DOWNSIDE_STABILITY_C05_DESIGN_NOTE.md,Historical correlation key only; not a WS-Bxx Attempt ID.
C06,4,LS-WS-0005;LS-WS-0083;LS-WS-0084;LS-WS-0583,audit/_artifacts/c06-forensic-summary.csv;audit/WS_C06_OPERATOR_FORENSIC_FINAL_RESULT.md;audit/WS_C06_OPERATOR_VALIDATION_COMMANDS.md;system/policies/weekly_swing/_refs/WS_DOWNSIDE_STABILITY_C06_DESIGN_NOTE.md,Historical correlation key only; not a WS-Bxx Attempt ID.
C07,6,LS-WS-0006;LS-WS-0007;LS-WS-0085;LS-WS-0086;LS-WS-0087;LS-WS-0584,audit/_artifacts/c07-forensic-summary.csv;audit/_artifacts/c07-scoped-drilldown-summary.csv;audit/WS_C07_OPERATOR_FORENSIC_FINAL_RESULT.md;audit/WS_C07_OPERATOR_VALIDATION_COMMANDS.md;audit/WS_C07_SCOPED_FAILURE_DRILLDOWN_FINAL_RESULT.md;system/policies/weekly_swing/_refs/WS_DOWNSIDE_STABILITY_C07_DESIGN_NOTE.md,Historical correlation key only; not a WS-Bxx Attempt ID.
C08,1,LS-WS-0088,audit/WS_C08_OPERATOR_VALIDATION_COMMANDS.md,Historical correlation key only; not a WS-Bxx Attempt ID.
C08+C07,2,LS-WS-0008;LS-WS-0089,audit/_artifacts/c08-batched-c07-drilldown-summary.csv;audit/WS_C08_RUNTIME_PAYLOAD_AND_BATCHED_C07_DRILLDOWN_FINAL_RESULT.md,Historical correlation key only; not a WS-Bxx Attempt ID.
C09,2,LS-WS-0090;LS-WS-0091,audit/WS_C09_NULLABLE_EVENT_CONTEXT_RUNTIME_COVERAGE_FINAL_RESULT.md;audit/WS_C09_OPERATOR_VALIDATION_COMMANDS.md,Historical correlation key only; not a WS-Bxx Attempt ID.
C09+C07,1,LS-WS-0009,audit/_artifacts/c09-batched-c07-nullable-context-summary.csv,Historical correlation key only; not a WS-Bxx Attempt ID.
C10,2,LS-WS-0112;LS-WS-0113,audit/WS_C10_EXIT_MODEL_DIAGNOSTIC_FINAL_RESULT.md;audit/WS_C10_OPERATOR_VALIDATION_COMMANDS.md,Historical correlation key only; not a WS-Bxx Attempt ID.
C10+C07,1,LS-WS-0010,audit/_artifacts/c10-batched-c07-exit-model-summary.csv,Historical correlation key only; not a WS-Bxx Attempt ID.
C100,2,LS-WS-0092;LS-WS-0093,audit/WS_C100_OPERATOR_VALIDATION_COMMANDS.md;audit/WS_C100_WEEKLY_SWING_WATCHLIST_NON_LIVE_REHEARSAL_RESULT_REVIEW.md,Historical correlation key only; not a WS-Bxx Attempt ID.
C101,2,LS-WS-0094;LS-WS-0095,audit/WS_C101_OPERATOR_VALIDATION_COMMANDS.md;audit/WS_C101_WEEKLY_SWING_WATCHLIST_NON_LIVE_REHEARSAL_OPERATOR_GO_NO_GO_REVIEW.md,Historical correlation key only; not a WS-Bxx Attempt ID.
C102,2,LS-WS-0096;LS-WS-0097,audit/WS_C102_OPERATOR_VALIDATION_COMMANDS.md;audit/WS_C102_WEEKLY_SWING_WATCHLIST_NON_LIVE_REHEARSAL_GO_DECISION_FINALIZATION_REVIEW.md,Historical correlation key only; not a WS-Bxx Attempt ID.
C103,2,LS-WS-0098;LS-WS-0099,audit/WS_C103_OPERATOR_VALIDATION_COMMANDS.md;audit/WS_C103_WEEKLY_SWING_WATCHLIST_NON_LIVE_REHEARSAL_COMPLETION_BOUNDARY_REVIEW.md,Historical correlation key only; not a WS-Bxx Attempt ID.
C104,2,LS-WS-0100;LS-WS-0101,audit/WS_C104_OPERATOR_VALIDATION_COMMANDS.md;audit/WS_C104_WEEKLY_SWING_WATCHLIST_NON_LIVE_REHEARSAL_HANDOFF_READINESS_REVIEW.md,Historical correlation key only; not a WS-Bxx Attempt ID.
C105,2,LS-WS-0102;LS-WS-0103,audit/WS_C105_OPERATOR_VALIDATION_COMMANDS.md;audit/WS_C105_WEEKLY_SWING_WATCHLIST_NON_LIVE_REHEARSAL_HANDOFF_FINALIZATION_REVIEW.md,Historical correlation key only; not a WS-Bxx Attempt ID.
C106,2,LS-WS-0104;LS-WS-0105,audit/WS_C106_OPERATOR_VALIDATION_COMMANDS.md;audit/WS_C106_WEEKLY_SWING_WATCHLIST_NON_LIVE_REHEARSAL_HANDOFF_COMPLETION_BOUNDARY_REVIEW.md,Historical correlation key only; not a WS-Bxx Attempt ID.
C107,2,LS-WS-0106;LS-WS-0107,audit/WS_C107_OPERATOR_VALIDATION_COMMANDS.md;audit/WS_C107_WEEKLY_SWING_WATCHLIST_NON_LIVE_REHEARSAL_HANDOFF_CLOSURE_SEAL_REVIEW.md,Historical correlation key only; not a WS-Bxx Attempt ID.
C108,2,LS-WS-0108;LS-WS-0109,audit/WS_C108_OPERATOR_VALIDATION_COMMANDS.md;audit/WS_C108_WEEKLY_SWING_WATCHLIST_NON_LIVE_REHEARSAL_HANDOFF_AUDIT_ARCHIVE_REVIEW.md,Historical correlation key only; not a WS-Bxx Attempt ID.
C109,2,LS-WS-0110;LS-WS-0111,audit/WS_C109_OPERATOR_VALIDATION_COMMANDS.md;audit/WS_C109_WEEKLY_SWING_WATCHLIST_NON_LIVE_REHEARSAL_HANDOFF_AUDIT_ARCHIVE_COMPLETION_REVIEW.md,Historical correlation key only; not a WS-Bxx Attempt ID.
C11,3,LS-WS-0011;LS-WS-0134;LS-WS-0135,audit/_artifacts/c11-exit-model-contract-audit.json;audit/WS_C11_EXIT_MODEL_CONTRACT_AUDIT_FINAL_RESULT.md;audit/WS_C11_OPERATOR_VALIDATION_COMMANDS.md,Historical correlation key only; not a WS-Bxx Attempt ID.
C110,2,LS-WS-0114;LS-WS-0115,audit/WS_C110_OPERATOR_VALIDATION_COMMANDS.md;audit/WS_C110_WEEKLY_SWING_WATCHLIST_NON_LIVE_REHEARSAL_HANDOFF_AUDIT_ARCHIVE_COMPLETION_SEAL_REVIEW.md,Historical correlation key only; not a WS-Bxx Attempt ID.
C111,2,LS-WS-0116;LS-WS-0117,audit/WS_C111_OPERATOR_VALIDATION_COMMANDS.md;audit/WS_C111_WEEKLY_SWING_WATCHLIST_NON_LIVE_REHEARSAL_HANDOFF_AUDIT_ARCHIVE_FINAL_CLOSURE_REVIEW.md,Historical correlation key only; not a WS-Bxx Attempt ID.
C112,2,LS-WS-0118;LS-WS-0119,audit/WS_C112_OPERATOR_VALIDATION_COMMANDS.md;audit/WS_C112_WEEKLY_SWING_WATCHLIST_PRODUCTION_PHASE_APPROVAL_REVIEW.md,Historical correlation key only; not a WS-Bxx Attempt ID.
C113,2,LS-WS-0120;LS-WS-0121,audit/WS_C113_OPERATOR_VALIDATION_COMMANDS.md;audit/WS_C113_WEEKLY_SWING_WATCHLIST_PRODUCTION_READINESS_REVIEW.md,Historical correlation key only; not a WS-Bxx Attempt ID.
C114,2,LS-WS-0122;LS-WS-0123,audit/WS_C114_OPERATOR_VALIDATION_COMMANDS.md;audit/WS_C114_WEEKLY_SWING_WATCHLIST_PRODUCTION_RUNTIME_WIRING_READINESS_REVIEW.md,Historical correlation key only; not a WS-Bxx Attempt ID.
C115,2,LS-WS-0124;LS-WS-0125,audit/WS_C115_OPERATOR_VALIDATION_COMMANDS.md;audit/WS_C115_WEEKLY_SWING_WATCHLIST_CONTROLLED_RUNTIME_WIRING_EXECUTION_APPROVAL_REVIEW.md,Historical correlation key only; not a WS-Bxx Attempt ID.
C116,2,LS-WS-0126;LS-WS-0127,audit/WS_C116_OPERATOR_VALIDATION_COMMANDS.md;audit/WS_C116_WEEKLY_SWING_WATCHLIST_CONTROLLED_RUNTIME_WIRING_EXECUTION_REVIEW.md,Historical correlation key only; not a WS-Bxx Attempt ID.
C117,2,LS-WS-0128;LS-WS-0129,audit/WS_C117_OPERATOR_VALIDATION_COMMANDS.md;audit/WS_C117_WEEKLY_SWING_WATCHLIST_CONTROLLED_RUNTIME_WIRING_OBSERVATION_REVIEW.md,Historical correlation key only; not a WS-Bxx Attempt ID.
C118,2,LS-WS-0130;LS-WS-0131,audit/WS_C118_OPERATOR_VALIDATION_COMMANDS.md;audit/WS_C118_WEEKLY_SWING_WATCHLIST_CONTROLLED_RUNTIME_WIRING_OBSERVATION_RESULT_REVIEW.md,Historical correlation key only; not a WS-Bxx Attempt ID.
C119,2,LS-WS-0132;LS-WS-0133,audit/WS_C119_OPERATOR_VALIDATION_COMMANDS.md;audit/WS_C119_WEEKLY_SWING_WATCHLIST_CONTROLLED_RUNTIME_WIRING_OPERATOR_GO_NO_GO_REVIEW.md,Historical correlation key only; not a WS-Bxx Attempt ID.
C12,3,LS-WS-0012;LS-WS-0156;LS-WS-0157,audit/_artifacts/c12-exit-model-redesign-contract.json;audit/WS_C12_EXIT_MODEL_REDESIGN_CONTRACT_FINAL_RESULT.md;audit/WS_C12_OPERATOR_VALIDATION_COMMANDS.md,Historical correlation key only; not a WS-Bxx Attempt ID.
C120,2,LS-WS-0136;LS-WS-0137,audit/WS_C120_OPERATOR_VALIDATION_COMMANDS.md;audit/WS_C120_WEEKLY_SWING_WATCHLIST_CONTROLLED_RUNTIME_WIRING_GO_DECISION_FINALIZATION_REVIEW.md,Historical correlation key only; not a WS-Bxx Attempt ID.
C121,2,LS-WS-0138;LS-WS-0139,audit/WS_C121_OPERATOR_VALIDATION_COMMANDS.md;audit/WS_C121_WEEKLY_SWING_WATCHLIST_CONTROLLED_RUNTIME_WIRING_COMPLETION_BOUNDARY_REVIEW.md,Historical correlation key only; not a WS-Bxx Attempt ID.
C122,2,LS-WS-0140;LS-WS-0141,audit/WS_C122_OPERATOR_VALIDATION_COMMANDS.md;audit/WS_C122_WEEKLY_SWING_WATCHLIST_CONTROLLED_RUNTIME_WIRING_HANDOFF_READINESS_REVIEW.md,Historical correlation key only; not a WS-Bxx Attempt ID.
C123,2,LS-WS-0142;LS-WS-0143,audit/WS_C123_OPERATOR_VALIDATION_COMMANDS.md;audit/WS_C123_WEEKLY_SWING_WATCHLIST_CONTROLLED_RUNTIME_WIRING_HANDOFF_FINALIZATION_REVIEW.md,Historical correlation key only; not a WS-Bxx Attempt ID.
C124,2,LS-WS-0144;LS-WS-0145,audit/WS_C124_OPERATOR_VALIDATION_COMMANDS.md;audit/WS_C124_WEEKLY_SWING_WATCHLIST_CONTROLLED_RUNTIME_WIRING_HANDOFF_COMPLETION_BOUNDARY_REVIEW.md,Historical correlation key only; not a WS-Bxx Attempt ID.
C125,2,LS-WS-0146;LS-WS-0147,audit/WS_C125_OPERATOR_VALIDATION_COMMANDS.md;audit/WS_C125_WEEKLY_SWING_WATCHLIST_CONTROLLED_RUNTIME_WIRING_HANDOFF_CLOSURE_SEAL_REVIEW.md,Historical correlation key only; not a WS-Bxx Attempt ID.
C126,2,LS-WS-0148;LS-WS-0149,audit/WS_C126_OPERATOR_VALIDATION_COMMANDS.md;audit/WS_C126_WEEKLY_SWING_WATCHLIST_CONTROLLED_RUNTIME_WIRING_HANDOFF_AUDIT_ARCHIVE_REVIEW.md,Historical correlation key only; not a WS-Bxx Attempt ID.
C127,2,LS-WS-0150;LS-WS-0151,audit/WS_C127_OPERATOR_VALIDATION_COMMANDS.md;audit/WS_C127_WEEKLY_SWING_WATCHLIST_CONTROLLED_RUNTIME_WIRING_HANDOFF_AUDIT_ARCHIVE_COMPLETION_REVIEW.md,Historical correlation key only; not a WS-Bxx Attempt ID.
C128,2,LS-WS-0152;LS-WS-0153,audit/WS_C128_OPERATOR_VALIDATION_COMMANDS.md;audit/WS_C128_WEEKLY_SWING_WATCHLIST_CONTROLLED_RUNTIME_WIRING_HANDOFF_AUDIT_ARCHIVE_COMPLETION_SEAL_REVIEW.md,Historical correlation key only; not a WS-Bxx Attempt ID.
C129,2,LS-WS-0154;LS-WS-0155,audit/WS_C129_OPERATOR_VALIDATION_COMMANDS.md;audit/WS_C129_WEEKLY_SWING_WATCHLIST_CONTROLLED_RUNTIME_WIRING_HANDOFF_AUDIT_ARCHIVE_FINAL_CLOSURE_REVIEW.md,Historical correlation key only; not a WS-Bxx Attempt ID.
C13,3,LS-WS-0013;LS-WS-0178;LS-WS-0179,audit/_artifacts/c13-exit-axis-support-audit.json;audit/WS_C13_EXIT_AXIS_SUPPORT_FINAL_RESULT.md;audit/WS_C13_OPERATOR_VALIDATION_COMMANDS.md,Historical correlation key only; not a WS-Bxx Attempt ID.
C130,2,LS-WS-0158;LS-WS-0159,audit/WS_C130_OPERATOR_VALIDATION_COMMANDS.md;audit/WS_C130_WEEKLY_SWING_WATCHLIST_PRODUCTION_LIVE_RUNTIME_ACTIVATION_READINESS_REVIEW.md,Historical correlation key only; not a WS-Bxx Attempt ID.
C131,2,LS-WS-0160;LS-WS-0161,audit/WS_C131_OPERATOR_VALIDATION_COMMANDS.md;audit/WS_C131_WEEKLY_SWING_WATCHLIST_PRODUCTION_LIVE_RUNTIME_ACTIVATION_APPROVAL_REVIEW.md,Historical correlation key only; not a WS-Bxx Attempt ID.
C132,2,LS-WS-0162;LS-WS-0163,audit/WS_C132_OPERATOR_VALIDATION_COMMANDS.md;audit/WS_C132_WEEKLY_SWING_WATCHLIST_PRODUCTION_LIVE_RUNTIME_ACTIVATION_EXECUTION_REVIEW.md,Historical correlation key only; not a WS-Bxx Attempt ID.
C133,2,LS-WS-0164;LS-WS-0165,audit/WS_C133_OPERATOR_VALIDATION_COMMANDS.md;audit/WS_C133_WEEKLY_SWING_WATCHLIST_PRODUCTION_LIVE_RUNTIME_ACTIVATION_OBSERVATION_REVIEW.md,Historical correlation key only; not a WS-Bxx Attempt ID.
C134,2,LS-WS-0166;LS-WS-0167,audit/WS_C134_OPERATOR_VALIDATION_COMMANDS.md;audit/WS_C134_WEEKLY_SWING_WATCHLIST_PRODUCTION_LIVE_RUNTIME_ACTIVATION_OBSERVATION_RESULT_REVIEW.md,Historical correlation key only; not a WS-Bxx Attempt ID.
C135,2,LS-WS-0168;LS-WS-0169,audit/WS_C135_OPERATOR_VALIDATION_COMMANDS.md;audit/WS_C135_WEEKLY_SWING_WATCHLIST_PRODUCTION_LIVE_RUNTIME_ACTIVATION_OPERATOR_GO_NO_GO_REVIEW.md,Historical correlation key only; not a WS-Bxx Attempt ID.
C136,2,LS-WS-0170;LS-WS-0171,audit/WS_C136_OPERATOR_VALIDATION_COMMANDS.md;audit/WS_C136_WEEKLY_SWING_WATCHLIST_PRODUCTION_LIVE_RUNTIME_ACTIVATION_GO_DECISION_FINALIZATION_REVIEW.md,Historical correlation key only; not a WS-Bxx Attempt ID.
C137,2,LS-WS-0172;LS-WS-0173,audit/WS_C137_OPERATOR_VALIDATION_COMMANDS.md;audit/WS_C137_WEEKLY_SWING_WATCHLIST_PRODUCTION_LIVE_RUNTIME_ACTIVATION_PRE_ACTIVATION_BOUNDARY_REVIEW.md,Historical correlation key only; not a WS-Bxx Attempt ID.
C138,2,LS-WS-0174;LS-WS-0175,audit/WS_C138_OPERATOR_VALIDATION_COMMANDS.md;audit/WS_C138_WEEKLY_SWING_WATCHLIST_PRODUCTION_LIVE_RUNTIME_ACTIVATION_AUTHORIZATION_REVIEW.md,Historical correlation key only; not a WS-Bxx Attempt ID.
C139,2,LS-WS-0176;LS-WS-0177,audit/WS_C139_OPERATOR_VALIDATION_COMMANDS.md;audit/WS_C139_WEEKLY_SWING_WATCHLIST_PRODUCTION_LIVE_RUNTIME_ACTIVATION_EXECUTION_REVIEW.md,Historical correlation key only; not a WS-Bxx Attempt ID.
C14,6,LS-WS-0014;LS-WS-0015;LS-WS-0016;LS-WS-0200;LS-WS-0201;LS-WS-0585,audit/_artifacts/c14-forensic-summary.csv;audit/_artifacts/c14-is-run-1.json;audit/_artifacts/c14-is-run-2.json;audit/WS_C14_OPERATOR_VALIDATION_COMMANDS.md;audit/WS_C14_VARIABLE_RISK_EXIT_CATALOG_FINAL_RESULT.md;system/policies/weekly_swing/_refs/WS_DOWNSIDE_STABILITY_C14_DESIGN_NOTE.md,Historical correlation key only; not a WS-Bxx Attempt ID.
C140,2,LS-WS-0180;LS-WS-0181,audit/WS_C140_OPERATOR_VALIDATION_COMMANDS.md;audit/WS_C140_WEEKLY_SWING_WATCHLIST_PRODUCTION_LIVE_RUNTIME_ACTIVATION_OBSERVATION_REVIEW.md,Historical correlation key only; not a WS-Bxx Attempt ID.
C141,2,LS-WS-0182;LS-WS-0183,audit/WS_C141_OPERATOR_VALIDATION_COMMANDS.md;audit/WS_C141_WEEKLY_SWING_WATCHLIST_PRODUCTION_LIVE_RUNTIME_ACTIVATION_OBSERVATION_RESULT_REVIEW.md,Historical correlation key only; not a WS-Bxx Attempt ID.
C142,2,LS-WS-0184;LS-WS-0185,audit/WS_C142_OPERATOR_VALIDATION_COMMANDS.md;audit/WS_C142_WEEKLY_SWING_WATCHLIST_PRODUCTION_LIVE_RUNTIME_ACTIVATION_OPERATOR_GO_NO_GO_REVIEW.md,Historical correlation key only; not a WS-Bxx Attempt ID.
C143,2,LS-WS-0186;LS-WS-0187,audit/WS_C143_OPERATOR_VALIDATION_COMMANDS.md;audit/WS_C143_WEEKLY_SWING_WATCHLIST_PRODUCTION_LIVE_RUNTIME_ACTIVATION_GO_DECISION_FINALIZATION_REVIEW.md,Historical correlation key only; not a WS-Bxx Attempt ID.
C144,2,LS-WS-0188;LS-WS-0189,audit/WS_C144_OPERATOR_VALIDATION_COMMANDS.md;audit/WS_C144_WEEKLY_SWING_WATCHLIST_PRODUCTION_LIVE_RUNTIME_ACTIVATION_PRE_ACTIVATION_BOUNDARY_REVIEW.md,Historical correlation key only; not a WS-Bxx Attempt ID.
C145,2,LS-WS-0190;LS-WS-0191,audit/WS_C145_OPERATOR_VALIDATION_COMMANDS.md;audit/WS_C145_WEEKLY_SWING_WATCHLIST_PRODUCTION_LIVE_RUNTIME_ACTIVATION_AUTHORIZATION_REVIEW.md,Historical correlation key only; not a WS-Bxx Attempt ID.
C146,2,LS-WS-0192;LS-WS-0193,audit/WS_C146_OPERATOR_VALIDATION_COMMANDS.md;audit/WS_C146_WEEKLY_SWING_WATCHLIST_PRODUCTION_LIVE_RUNTIME_ACTIVATION_EXECUTION_REVIEW.md,Historical correlation key only; not a WS-Bxx Attempt ID.
C147,2,LS-WS-0194;LS-WS-0195,audit/WS_C147_OPERATOR_VALIDATION_COMMANDS.md;audit/WS_C147_WEEKLY_SWING_WATCHLIST_PRODUCTION_LIVE_RUNTIME_ACTIVATION_OBSERVATION_REVIEW.md,Historical correlation key only; not a WS-Bxx Attempt ID.
C148,2,LS-WS-0196;LS-WS-0197,audit/WS_C148_OPERATOR_VALIDATION_COMMANDS.md;audit/WS_C148_WEEKLY_SWING_WATCHLIST_PRODUCTION_LIVE_RUNTIME_ACTIVATION_OBSERVATION_RESULT_REVIEW.md,Historical correlation key only; not a WS-Bxx Attempt ID.
C149,2,LS-WS-0198;LS-WS-0199,audit/WS_C149_OPERATOR_VALIDATION_COMMANDS.md;audit/WS_C149_WEEKLY_SWING_WATCHLIST_PRODUCTION_LIVE_RUNTIME_ACTIVATION_OPERATOR_GO_NO_GO_REVIEW.md,Historical correlation key only; not a WS-Bxx Attempt ID.
C15,9,LS-WS-0017;LS-WS-0018;LS-WS-0019;LS-WS-0020;LS-WS-0021;LS-WS-0022;LS-WS-0229;LS-WS-0230;LS-WS-0572,audit/_artifacts/c15-final-evidence-summary.json;audit/_artifacts/c15-fix4-param-summary.csv;audit/_artifacts/c15-root-cause-cross-catalog-summary.csv;audit/_artifacts/c15-root-cause-decision-supersession-note.json;audit/_artifacts/c15-root-cause-decision.json;audit/_artifacts/c15-root-cause-param-metrics.csv;audit/WS_C15_OPERATOR_VALIDATION_COMMANDS.md;audit/WS_C15_STRATEGY_QUALITY_ROOT_CAUSE_FINAL_RESULT.md;system/policies/weekly_swing/_refs/WS_C15_ROOT_CAUSE_AND_DIAGNOSTIC_PREREQUISITE_NOTE.md,Historical correlation key only; not a WS-Bxx Attempt ID.
C150,2,LS-WS-0202;LS-WS-0203,audit/WS_C150_OPERATOR_VALIDATION_COMMANDS.md;audit/WS_C150_WEEKLY_SWING_WATCHLIST_PRODUCTION_LIVE_RUNTIME_ACTIVATION_FINAL_EXECUTION.md,Historical correlation key only; not a WS-Bxx Attempt ID.
C151,2,LS-WS-0204;LS-WS-0205,audit/WS_C151_OPERATOR_VALIDATION_COMMANDS.md;audit/WS_C151_WEEKLY_SWING_WATCHLIST_PRODUCTION_LIVE_RUNTIME_ACTIVATION_POST_EXECUTION_OBSERVATION_REVIEW.md,Historical correlation key only; not a WS-Bxx Attempt ID.
C152,2,LS-WS-0206;LS-WS-0207,audit/WS_C152_OPERATOR_VALIDATION_COMMANDS.md;audit/WS_C152_WEEKLY_SWING_WATCHLIST_PRODUCTION_LIVE_RUNTIME_ACTIVATION_POST_EXECUTION_OBSERVATION_RESULT_REVIEW.md,Historical correlation key only; not a WS-Bxx Attempt ID.
C153,2,LS-WS-0208;LS-WS-0209,audit/WS_C153_OPERATOR_VALIDATION_COMMANDS.md;audit/WS_C153_WEEKLY_SWING_WATCHLIST_PRODUCTION_LIVE_RUNTIME_CONTROLLED_OUTPUT_GENERATION_BOUNDARY_REVIEW.md,Historical correlation key only; not a WS-Bxx Attempt ID.
C154,2,LS-WS-0210;LS-WS-0211,audit/WS_C154_OPERATOR_VALIDATION_COMMANDS.md;audit/WS_C154_WEEKLY_SWING_WATCHLIST_PRODUCTION_LIVE_RUNTIME_CONTROLLED_OUTPUT_GENERATION_EXECUTION.md,Historical correlation key only; not a WS-Bxx Attempt ID.
C155,2,LS-WS-0212;LS-WS-0213,audit/WS_C155_OPERATOR_VALIDATION_COMMANDS.md;audit/WS_C155_WEEKLY_SWING_WATCHLIST_PRODUCTION_LIVE_RUNTIME_CONTROLLED_OUTPUT_GENERATION_RESULT_REVIEW.md,Historical correlation key only; not a WS-Bxx Attempt ID.
C156,2,LS-WS-0214;LS-WS-0215,audit/WS_C156_OPERATOR_VALIDATION_COMMANDS.md;audit/WS_C156_WEEKLY_SWING_WATCHLIST_PRODUCTION_LIVE_RUNTIME_CONTROLLED_OUTPUT_GENERATION_OPERATOR_GO_NO_GO_REVIEW.md,Historical correlation key only; not a WS-Bxx Attempt ID.
C157,2,LS-WS-0216;LS-WS-0217,audit/WS_C157_OPERATOR_VALIDATION_COMMANDS.md;audit/WS_C157_WEEKLY_SWING_WATCHLIST_PRODUCTION_LIVE_RUNTIME_CONTROLLED_OUTPUT_GENERATION_GO_DECISION_FINALIZATION_REVIEW.md,Historical correlation key only; not a WS-Bxx Attempt ID.
C158,6,LS-WS-0218;LS-WS-0219;LS-WS-0220;LS-WS-0221;LS-WS-0222;LS-WS-0223,audit/WS_C158_OPERATOR_VALIDATION_COMMANDS.md;audit/WS_C158_WEEKLY_SWING_WATCHLIST_PRODUCTION_LIVE_RUNTIME_CONTROLLED_OUTPUT_PUBLICATION_BOUNDARY_REVIEW.md;audit/WS_C158_WEEKLY_SWING_WATCHLIST_PRODUCTION_LIVE_RUNTIME_CONTROLLED_OUTPUT_PUBLICATION_EXECUTION.md;audit/WS_C158_WEEKLY_SWING_WATCHLIST_PRODUCTION_LIVE_RUNTIME_CONTROLLED_OUTPUT_PUBLICATION_GO_DECISION_FINALIZATION_REVIEW.md;audit/WS_C158_WEEKLY_SWING_WATCHLIST_PRODUCTION_LIVE_RUNTIME_CONTROLLED_OUTPUT_PUBLICATION_OPERATOR_GO_NO_GO_REVIEW.md;audit/WS_C158_WEEKLY_SWING_WATCHLIST_PRODUCTION_LIVE_RUNTIME_CONTROLLED_OUTPUT_PUBLICATION_RESULT_REVIEW.md,Historical correlation key only; not a WS-Bxx Attempt ID.
C159,5,LS-WS-0224;LS-WS-0225;LS-WS-0226;LS-WS-0227;LS-WS-0228,audit/WS_C159_OPERATOR_VALIDATION_COMMANDS.md;audit/WS_C159_WEEKLY_SWING_WATCHLIST_PRODUCTION_LIVE_RUNTIME_CONTROLLED_OUTPUT_PUBLICATION_POST_PUBLICATION_OBSERVATION_GO_DECISION_FINALIZATION_REVIEW.md;audit/WS_C159_WEEKLY_SWING_WATCHLIST_PRODUCTION_LIVE_RUNTIME_CONTROLLED_OUTPUT_PUBLICATION_POST_PUBLICATION_OBSERVATION_OPERATOR_GO_NO_GO_REVIEW.md;audit/WS_C159_WEEKLY_SWING_WATCHLIST_PRODUCTION_LIVE_RUNTIME_CONTROLLED_OUTPUT_PUBLICATION_POST_PUBLICATION_OBSERVATION_RESULT_REVIEW.md;audit/WS_C159_WEEKLY_SWING_WATCHLIST_PRODUCTION_LIVE_RUNTIME_CONTROLLED_OUTPUT_PUBLICATION_POST_PUBLICATION_OBSERVATION_REVIEW.md,Historical correlation key only; not a WS-Bxx Attempt ID.
C16,4,LS-WS-0023;LS-WS-0309;LS-WS-0310;LS-WS-0586,audit/_artifacts/c16-source-implementation-summary.json;audit/WS_C16_OPERATOR_VALIDATION_COMMANDS.md;audit/WS_C16_QUALITY_RECOVERY_DESIGN_RESULT.md;system/policies/weekly_swing/_refs/WS_DOWNSIDE_STABILITY_C16_DESIGN_NOTE.md,Historical correlation key only; not a WS-Bxx Attempt ID.
C160,6,LS-WS-0231;LS-WS-0232;LS-WS-0233;LS-WS-0234;LS-WS-0235;LS-WS-0236,audit/WS_C160_OPERATOR_VALIDATION_COMMANDS.md;audit/WS_C160_WEEKLY_SWING_WATCHLIST_PRODUCTION_LIVE_RUNTIME_PLAN_CONFIRM_BOUNDARY_REVIEW.md;audit/WS_C160_WEEKLY_SWING_WATCHLIST_PRODUCTION_LIVE_RUNTIME_PLAN_CONFIRM_EXECUTION.md;audit/WS_C160_WEEKLY_SWING_WATCHLIST_PRODUCTION_LIVE_RUNTIME_PLAN_CONFIRM_GO_DECISION_FINALIZATION_REVIEW.md;audit/WS_C160_WEEKLY_SWING_WATCHLIST_PRODUCTION_LIVE_RUNTIME_PLAN_CONFIRM_OPERATOR_GO_NO_GO_REVIEW.md;audit/WS_C160_WEEKLY_SWING_WATCHLIST_PRODUCTION_LIVE_RUNTIME_PLAN_CONFIRM_RESULT_REVIEW.md,Historical correlation key only; not a WS-Bxx Attempt ID.
C161,6,LS-WS-0237;LS-WS-0238;LS-WS-0239;LS-WS-0240;LS-WS-0241;LS-WS-0242,audit/WS_C161_OPERATOR_VALIDATION_COMMANDS.md;audit/WS_C161_WEEKLY_SWING_WATCHLIST_PRODUCTION_LIVE_RUNTIME_PLAN_CONFIRM_COMPLETION_BOUNDARY_REVIEW.md;audit/WS_C161_WEEKLY_SWING_WATCHLIST_PRODUCTION_LIVE_RUNTIME_PLAN_CONFIRM_COMPLETION_EXECUTION.md;audit/WS_C161_WEEKLY_SWING_WATCHLIST_PRODUCTION_LIVE_RUNTIME_PLAN_CONFIRM_COMPLETION_GO_DECISION_FINALIZATION_REVIEW.md;audit/WS_C161_WEEKLY_SWING_WATCHLIST_PRODUCTION_LIVE_RUNTIME_PLAN_CONFIRM_COMPLETION_OPERATOR_GO_NO_GO_REVIEW.md;audit/WS_C161_WEEKLY_SWING_WATCHLIST_PRODUCTION_LIVE_RUNTIME_PLAN_CONFIRM_COMPLETION_RESULT_REVIEW.md,Historical correlation key only; not a WS-Bxx Attempt ID.
C162,16,LS-WS-0243;LS-WS-0244;LS-WS-0245;LS-WS-0246;LS-WS-0247;LS-WS-0248;LS-WS-0249;LS-WS-0250;LS-WS-0251;LS-WS-0252;LS-WS-0253;LS-WS-0254;LS-WS-0255;LS-WS-0256;LS-WS-0257;LS-WS-0258,audit/WS_C162_HANDOFF_AUDIT_ARCHIVE_COMPLETION_OPERATOR_VALIDATION_COMMANDS.md;audit/WS_C162_HANDOFF_AUDIT_ARCHIVE_COMPLETION_SEAL_OPERATOR_VALIDATION_COMMANDS.md;audit/WS_C162_HANDOFF_AUDIT_ARCHIVE_FINAL_CLOSURE_OPERATOR_VALIDATION_COMMANDS.md;audit/WS_C162_HANDOFF_AUDIT_ARCHIVE_OPERATOR_VALIDATION_COMMANDS.md;audit/WS_C162_HANDOFF_CLOSURE_SEAL_OPERATOR_VALIDATION_COMMANDS.md;audit/WS_C162_HANDOFF_COMPLETION_BOUNDARY_OPERATOR_VALIDATION_COMMANDS.md;audit/WS_C162_HANDOFF_FINALIZATION_OPERATOR_VALIDATION_COMMANDS.md;audit/WS_C162_OPERATOR_VALIDATION_COMMANDS.md;audit/WS_C162_WEEKLY_SWING_WATCHLIST_PRODUCTION_LIVE_RUNTIME_PLAN_CONFIRM_COMPLETION_HANDOFF_AUDIT_ARCHIVE_COMPLETION_REVIEW.md;audit/WS_C162_WEEKLY_SWING_WATCHLIST_PRODUCTION_LIVE_RUNTIME_PLAN_CONFIRM_COMPLETION_HANDOFF_AUDIT_ARCHIVE_COMPLETION_SEAL_REVIEW.md;audit/WS_C162_WEEKLY_SWING_WATCHLIST_PRODUCTION_LIVE_RUNTIME_PLAN_CONFIRM_COMPLETION_HANDOFF_AUDIT_ARCHIVE_FINAL_CLOSURE_REVIEW.md;audit/WS_C162_WEEKLY_SWING_WATCHLIST_PRODUCTION_LIVE_RUNTIME_PLAN_CONFIRM_COMPLETION_HANDOFF_AUDIT_ARCHIVE_REVIEW.md;audit/WS_C162_WEEKLY_SWING_WATCHLIST_PRODUCTION_LIVE_RUNTIME_PLAN_CONFIRM_COMPLETION_HANDOFF_CLOSURE_SEAL_REVIEW.md;audit/WS_C162_WEEKLY_SWING_WATCHLIST_PRODUCTION_LIVE_RUNTIME_PLAN_CONFIRM_COMPLETION_HANDOFF_COMPLETION_BOUNDARY_REVIEW.md;audit/WS_C162_WEEKLY_SWING_WATCHLIST_PRODUCTION_LIVE_RUNTIME_PLAN_CONFIRM_COMPLETION_HANDOFF_FINALIZATION_REVIEW.md;audit/WS_C162_WEEKLY_SWING_WATCHLIST_PRODUCTION_LIVE_RUNTIME_PLAN_CONFIRM_COMPLETION_HANDOFF_READINESS_REVIEW.md,Historical correlation key only; not a WS-Bxx Attempt ID.
C163,16,LS-WS-0259;LS-WS-0260;LS-WS-0261;LS-WS-0262;LS-WS-0263;LS-WS-0264;LS-WS-0265;LS-WS-0266;LS-WS-0267;LS-WS-0268;LS-WS-0269;LS-WS-0270;LS-WS-0271;LS-WS-0272;LS-WS-0273;LS-WS-0274,audit/WS_C163_POST_HANDOFF_ACTIVATION_APPROVAL_OPERATOR_VALIDATION_COMMANDS.md;audit/WS_C163_POST_HANDOFF_ACTIVATION_EXECUTION_OPERATOR_VALIDATION_COMMANDS.md;audit/WS_C163_POST_HANDOFF_ACTIVATION_GO_DECISION_FINALIZATION_OPERATOR_VALIDATION_COMMANDS.md;audit/WS_C163_POST_HANDOFF_ACTIVATION_OBSERVATION_OPERATOR_VALIDATION_COMMANDS.md;audit/WS_C163_POST_HANDOFF_ACTIVATION_OBSERVATION_RESULT_OPERATOR_VALIDATION_COMMANDS.md;audit/WS_C163_POST_HANDOFF_ACTIVATION_OPERATOR_GO_NO_GO_OPERATOR_VALIDATION_COMMANDS.md;audit/WS_C163_POST_HANDOFF_ACTIVATION_READINESS_OPERATOR_VALIDATION_COMMANDS.md;audit/WS_C163_POST_HANDOFF_BOUNDARY_OPERATOR_VALIDATION_COMMANDS.md;audit/WS_C163_WEEKLY_SWING_WATCHLIST_PRODUCTION_LIVE_RUNTIME_PLAN_CONFIRM_COMPLETION_POST_HANDOFF_ACTIVATION_APPROVAL_REVIEW.md;audit/WS_C163_WEEKLY_SWING_WATCHLIST_PRODUCTION_LIVE_RUNTIME_PLAN_CONFIRM_COMPLETION_POST_HANDOFF_ACTIVATION_EXECUTION_REVIEW.md;audit/WS_C163_WEEKLY_SWING_WATCHLIST_PRODUCTION_LIVE_RUNTIME_PLAN_CONFIRM_COMPLETION_POST_HANDOFF_ACTIVATION_GO_DECISION_FINALIZATION_REVIEW.md;audit/WS_C163_WEEKLY_SWING_WATCHLIST_PRODUCTION_LIVE_RUNTIME_PLAN_CONFIRM_COMPLETION_POST_HANDOFF_ACTIVATION_OBSERVATION_RESULT_REVIEW.md;audit/WS_C163_WEEKLY_SWING_WATCHLIST_PRODUCTION_LIVE_RUNTIME_PLAN_CONFIRM_COMPLETION_POST_HANDOFF_ACTIVATION_OBSERVATION_REVIEW.md;audit/WS_C163_WEEKLY_SWING_WATCHLIST_PRODUCTION_LIVE_RUNTIME_PLAN_CONFIRM_COMPLETION_POST_HANDOFF_ACTIVATION_OPERATOR_GO_NO_GO_REVIEW.md;audit/WS_C163_WEEKLY_SWING_WATCHLIST_PRODUCTION_LIVE_RUNTIME_PLAN_CONFIRM_COMPLETION_POST_HANDOFF_ACTIVATION_READINESS_REVIEW.md;audit/WS_C163_WEEKLY_SWING_WATCHLIST_PRODUCTION_LIVE_RUNTIME_PLAN_CONFIRM_COMPLETION_POST_HANDOFF_BOUNDARY_REVIEW.md,Historical correlation key only; not a WS-Bxx Attempt ID.
C164,10,LS-WS-0275;LS-WS-0276;LS-WS-0277;LS-WS-0278;LS-WS-0279;LS-WS-0280;LS-WS-0281;LS-WS-0282;LS-WS-0283;LS-WS-0284,audit/WS_C164_POST_HANDOFF_ACTIVATION_COMPLETION_BOUNDARY_OPERATOR_VALIDATION_COMMANDS.md;audit/WS_C164_POST_HANDOFF_ACTIVATION_COMPLETION_EXECUTION_OPERATOR_VALIDATION_COMMANDS.md;audit/WS_C164_POST_HANDOFF_ACTIVATION_COMPLETION_GO_DECISION_FINALIZATION_OPERATOR_VALIDATION_COMMANDS.md;audit/WS_C164_POST_HANDOFF_ACTIVATION_COMPLETION_OPERATOR_GO_NO_GO_OPERATOR_VALIDATION_COMMANDS.md;audit/WS_C164_POST_HANDOFF_ACTIVATION_COMPLETION_RESULT_REVIEW_OPERATOR_VALIDATION_COMMANDS.md;audit/WS_C164_WEEKLY_SWING_WATCHLIST_PRODUCTION_LIVE_RUNTIME_PLAN_CONFIRM_COMPLETION_POST_HANDOFF_ACTIVATION_COMPLETION_BOUNDARY_REVIEW.md;audit/WS_C164_WEEKLY_SWING_WATCHLIST_PRODUCTION_LIVE_RUNTIME_PLAN_CONFIRM_COMPLETION_POST_HANDOFF_ACTIVATION_COMPLETION_EXECUTION.md;audit/WS_C164_WEEKLY_SWING_WATCHLIST_PRODUCTION_LIVE_RUNTIME_PLAN_CONFIRM_COMPLETION_POST_HANDOFF_ACTIVATION_COMPLETION_GO_DECISION_FINALIZATION_REVIEW.md;audit/WS_C164_WEEKLY_SWING_WATCHLIST_PRODUCTION_LIVE_RUNTIME_PLAN_CONFIRM_COMPLETION_POST_HANDOFF_ACTIVATION_COMPLETION_OPERATOR_GO_NO_GO_REVIEW.md;audit/WS_C164_WEEKLY_SWING_WATCHLIST_PRODUCTION_LIVE_RUNTIME_PLAN_CONFIRM_COMPLETION_POST_HANDOFF_ACTIVATION_COMPLETION_RESULT_REVIEW.md,Historical correlation key only; not a WS-Bxx Attempt ID.
C165,10,LS-WS-0285;LS-WS-0286;LS-WS-0287;LS-WS-0288;LS-WS-0289;LS-WS-0290;LS-WS-0291;LS-WS-0292;LS-WS-0293;LS-WS-0294,audit/WS_C165_PLAN_CONFIRM_CONTROLLED_ROLLOUT_BOUNDARY_OPERATOR_VALIDATION_COMMANDS.md;audit/WS_C165_PLAN_CONFIRM_CONTROLLED_ROLLOUT_EXECUTION_OPERATOR_VALIDATION_COMMANDS.md;audit/WS_C165_PLAN_CONFIRM_CONTROLLED_ROLLOUT_GO_DECISION_FINALIZATION_OPERATOR_VALIDATION_COMMANDS.md;audit/WS_C165_PLAN_CONFIRM_CONTROLLED_ROLLOUT_OPERATOR_GO_NO_GO_OPERATOR_VALIDATION_COMMANDS.md;audit/WS_C165_PLAN_CONFIRM_CONTROLLED_ROLLOUT_RESULT_REVIEW_OPERATOR_VALIDATION_COMMANDS.md;audit/WS_C165_WEEKLY_SWING_WATCHLIST_PRODUCTION_LIVE_RUNTIME_PLAN_CONFIRM_CONTROLLED_ROLLOUT_BOUNDARY_REVIEW.md;audit/WS_C165_WEEKLY_SWING_WATCHLIST_PRODUCTION_LIVE_RUNTIME_PLAN_CONFIRM_CONTROLLED_ROLLOUT_EXECUTION.md;audit/WS_C165_WEEKLY_SWING_WATCHLIST_PRODUCTION_LIVE_RUNTIME_PLAN_CONFIRM_CONTROLLED_ROLLOUT_GO_DECISION_FINALIZATION_REVIEW.md;audit/WS_C165_WEEKLY_SWING_WATCHLIST_PRODUCTION_LIVE_RUNTIME_PLAN_CONFIRM_CONTROLLED_ROLLOUT_OPERATOR_GO_NO_GO_REVIEW.md;audit/WS_C165_WEEKLY_SWING_WATCHLIST_PRODUCTION_LIVE_RUNTIME_PLAN_CONFIRM_CONTROLLED_ROLLOUT_RESULT_REVIEW.md,Historical correlation key only; not a WS-Bxx Attempt ID.
C166,8,LS-WS-0295;LS-WS-0296;LS-WS-0297;LS-WS-0298;LS-WS-0299;LS-WS-0300;LS-WS-0301;LS-WS-0302,audit/WS_C166_PLAN_CONFIRM_CONTROLLED_ROLLOUT_POST_ROLLOUT_OBSERVATION_GO_DECISION_FINALIZATION_OPERATOR_VALIDATION_COMMANDS.md;audit/WS_C166_PLAN_CONFIRM_CONTROLLED_ROLLOUT_POST_ROLLOUT_OBSERVATION_OPERATOR_GO_NO_GO_OPERATOR_VALIDATION_COMMANDS.md;audit/WS_C166_PLAN_CONFIRM_CONTROLLED_ROLLOUT_POST_ROLLOUT_OBSERVATION_OPERATOR_VALIDATION_COMMANDS.md;audit/WS_C166_PLAN_CONFIRM_CONTROLLED_ROLLOUT_POST_ROLLOUT_OBSERVATION_RESULT_REVIEW_OPERATOR_VALIDATION_COMMANDS.md;audit/WS_C166_WEEKLY_SWING_WATCHLIST_PRODUCTION_LIVE_RUNTIME_PLAN_CONFIRM_CONTROLLED_ROLLOUT_POST_ROLLOUT_OBSERVATION_GO_DECISION_FINALIZATION_REVIEW.md;audit/WS_C166_WEEKLY_SWING_WATCHLIST_PRODUCTION_LIVE_RUNTIME_PLAN_CONFIRM_CONTROLLED_ROLLOUT_POST_ROLLOUT_OBSERVATION_OPERATOR_GO_NO_GO_REVIEW.md;audit/WS_C166_WEEKLY_SWING_WATCHLIST_PRODUCTION_LIVE_RUNTIME_PLAN_CONFIRM_CONTROLLED_ROLLOUT_POST_ROLLOUT_OBSERVATION_RESULT_REVIEW.md;audit/WS_C166_WEEKLY_SWING_WATCHLIST_PRODUCTION_LIVE_RUNTIME_PLAN_CONFIRM_CONTROLLED_ROLLOUT_POST_ROLLOUT_OBSERVATION_REVIEW.md,Historical correlation key only; not a WS-Bxx Attempt ID.
C167,2,LS-WS-0303;LS-WS-0304,audit/WS_C167_PLAN_CONFIRM_CONTROLLED_ROLLOUT_COMPLETION_BOUNDARY_OPERATOR_VALIDATION_COMMANDS.md;audit/WS_C167_WEEKLY_SWING_WATCHLIST_PRODUCTION_LIVE_RUNTIME_PLAN_CONFIRM_CONTROLLED_ROLLOUT_COMPLETION_BOUNDARY_REVIEW.md,Historical correlation key only; not a WS-Bxx Attempt ID.
C168,2,LS-WS-0305;LS-WS-0306,audit/WS_C168_OPERATOR_VALIDATION_COMMANDS.md;audit/WS_C168_WEEKLY_SWING_WATCHLIST_RUNTIME_INTEGRATION_GAP_REMEDIATION.md,Historical correlation key only; not a WS-Bxx Attempt ID.
C169,2,LS-WS-0307;LS-WS-0308,audit/WS_C169_OPERATOR_VALIDATION_COMMANDS.md;audit/WS_C169_WEEKLY_SWING_CANONICAL_PARAMSET_PERSISTENCE_AND_REAL_OOS_PROMOTION_GATE_REMEDIATION.md,Historical correlation key only; not a WS-Bxx Attempt ID.
C17,7,LS-WS-0024;LS-WS-0025;LS-WS-0026;LS-WS-0027;LS-WS-0331;LS-WS-0332;LS-WS-0587,audit/_artifacts/c17-drilldown-summary.csv;audit/_artifacts/c17-final-evidence-summary.json;audit/_artifacts/c17-is-run-1.json;audit/_artifacts/c17-source-implementation-summary.json;audit/WS_C17_OPERATOR_VALIDATION_COMMANDS.md;audit/WS_C17_QUALITY_PRESERVING_SAMPLE_RECOVERY_DESIGN_RESULT.md;system/policies/weekly_swing/_refs/WS_DOWNSIDE_STABILITY_C17_DESIGN_NOTE.md,Historical correlation key only; not a WS-Bxx Attempt ID.
C170,2,LS-WS-0311;LS-WS-0312,audit/WS_C170_OPERATOR_VALIDATION_COMMANDS.md;audit/WS_C170_WEEKLY_SWING_CANONICAL_IS_STRATEGY_AND_REAL_OOS_PROOF_REMEDIATION.md,Historical correlation key only; not a WS-Bxx Attempt ID.
C171,17,LS-WS-0028;LS-WS-0029;LS-WS-0030;LS-WS-0031;LS-WS-0316;LS-WS-0317;LS-WS-0318;LS-WS-0319;LS-WS-0320;LS-WS-0321;LS-WS-0324;LS-WS-0325;LS-WS-0326;LS-WS-0327;LS-WS-0328;LS-WS-0329;LS-WS-0330,audit/_artifacts/c171-final-bounded-remediation-catalog-decision.json;audit/_artifacts/c171-final-failed-not-ready-closure-decision.json;audit/_artifacts/c171-immutable-draft-paramset-candidate-design.json;audit/_artifacts/c171-immutable-draft-paramset-candidate-proxy-metrics.csv;audit/WS_C171_COMPARATIVE_OFFICIAL_IS_FAILURE_DIAGNOSTIC_OPERATOR_COMMANDS.md;audit/WS_C171_FINAL_BOUNDED_REMEDIATION_CATALOG_AND_CLOSURE_RULE_LOCK.md;audit/WS_C171_FINAL_BOUNDED_REMEDIATION_OPERATOR_COMMANDS.md;audit/WS_C171_FINAL_FAILED_NOT_READY_CLOSURE_AND_EVIDENCE_SEAL.md;audit/WS_C171_FINAL_FAILED_NOT_READY_CLOSURE_OPERATOR_COMMANDS.md;audit/WS_C171_IMMUTABLE_DRAFT_PARAMSET_CANDIDATE_DESIGN.md;audit/WS_C171_OPERATOR_VALIDATION_COMMANDS.md;audit/WS_C171_REAL_IS_REMEDIATION_DRAFT_CATALOG_IMPLEMENTATION.md;audit/WS_C171_REMEDIATION_DRAFT_CATALOG_OPERATOR_COMMANDS.md;audit/WS_C171_REMEDIATION_DRAFT_PARAMSET_HASH_IDENTITY_REPAIR.md;audit/WS_C171_TARGETED_EXECUTABLE_IS_STRATEGY_REMEDIATION_AND_TRADE_EVIDENCE_DIAGNOSTIC.md;audit/WS_C171_TRADE_EVIDENCE_DIAGNOSTIC_OPERATOR_COMMANDS.md;audit/WS_C171_WEEKLY_SWING_VERSIONED_OFFICIAL_BACKTEST_EVIDENCE_AND_EXECUTABLE_IS_STRATEGY_REMEDIATION.md,Historical correlation key only; not a WS-Bxx Attempt ID.
C171+C01,5,LS-WS-0032;LS-WS-0313;LS-WS-0314;LS-WS-0322;LS-WS-0323,audit/_artifacts/c171-low-price-execution-quality-c01-draft-catalog-design.json;audit/WS_C171_C01_TICK_RISK_GUARD_EXECUTION_AND_EVIDENCE_PROPAGATION_REPAIR.md;audit/WS_C171_C01_TICK_RISK_GUARD_PARAMETER_ADAPTER_REPAIR.md;audit/WS_C171_LOW_PRICE_EXECUTION_QUALITY_C01_DRAFT_CATALOG_IMPLEMENTATION.md;audit/WS_C171_LOW_PRICE_EXECUTION_QUALITY_C01_OPERATOR_COMMANDS.md,Historical correlation key only; not a WS-Bxx Attempt ID.
C171+R2,1,LS-WS-0315,audit/WS_C171_COMPARATIVE_OFFICIAL_IS_FAILURE_DIAGNOSTIC_AND_R2_HYPOTHESIS_LOCK.md,Historical correlation key only; not a WS-Bxx Attempt ID.
C18,5,LS-WS-0033;LS-WS-0034;LS-WS-0333;LS-WS-0334;LS-WS-0588,audit/_artifacts/c18-final-diagnostic-evidence-summary.json;audit/_artifacts/c18-funnel-diagnostic-design-summary.json;audit/WS_C18_FUNNEL_AND_MONTHLY_COVERAGE_DIAGNOSTIC_RESULT.md;audit/WS_C18_OPERATOR_VALIDATION_COMMANDS.md;system/policies/weekly_swing/_refs/WS_DOWNSIDE_STABILITY_C18_DESIGN_NOTE.md,Historical correlation key only; not a WS-Bxx Attempt ID.
C19,12,LS-WS-0035;LS-WS-0036;LS-WS-0037;LS-WS-0038;LS-WS-0039;LS-WS-0040;LS-WS-0335;LS-WS-0336;LS-WS-0337;LS-WS-0338;LS-WS-0339;LS-WS-0607,audit/_artifacts/c19-final-diagnostic-result-summary.json;audit/_artifacts/c19-quality-recovery-tahap-5b-source-summary.json;audit/_artifacts/c19-quality-recovery-tahap-5c-source-summary.json;audit/_artifacts/c19-quality-recovery-tuning-diagnostic-fastfix-summary.json;audit/_artifacts/c19-quality-recovery-tuning-diagnostic-source-summary.json;audit/_artifacts/c19-selection-model-redesign-analysis.json;audit/WS_C19_FINAL_DIAGNOSTIC_RESULT.md;audit/WS_C19_OPERATOR_VALIDATION_COMMANDS.md;audit/WS_C19_QUALITY_RECOVERY_TUNING_DIAGNOSTIC.md;audit/WS_C19_SELECTION_MODEL_DIAGNOSTIC_RESULT.md;audit/WS_C19_SELECTION_MODEL_REDESIGN_ANALYSIS.md;system/policies/weekly_swing/_refs/WS_SELECTION_MODEL_REDESIGN_C19_DESIGN_NOTE.md,Historical correlation key only; not a WS-Bxx Attempt ID.
C20,5,LS-WS-0041;LS-WS-0042;LS-WS-0340;LS-WS-0341;LS-WS-0605,audit/_artifacts/c20-final-diagnostic-result-summary.json;audit/_artifacts/c20-regime-trade-date-diagnostic-source-summary.json;audit/WS_C20_OPERATOR_VALIDATION_COMMANDS.md;audit/WS_C20_REGIME_TRADE_DATE_DIAGNOSTIC.md;system/policies/weekly_swing/_refs/WS_REGIME_TRADE_DATE_QUALITY_GATE_C20_DESIGN_NOTE.md,Historical correlation key only; not a WS-Bxx Attempt ID.
C21,5,LS-WS-0043;LS-WS-0044;LS-WS-0342;LS-WS-0343;LS-WS-0589,audit/_artifacts/c21-entry-exit-behavior-diagnostic-source-summary.json;audit/_artifacts/c21-final-diagnostic-result-summary.json;audit/WS_C21_ENTRY_EXIT_BEHAVIOR_DIAGNOSTIC.md;audit/WS_C21_OPERATOR_VALIDATION_COMMANDS.md;system/policies/weekly_swing/_refs/WS_ENTRY_EXIT_BEHAVIOR_C21_DESIGN_NOTE.md,Historical correlation key only; not a WS-Bxx Attempt ID.
C22,5,LS-WS-0045;LS-WS-0046;LS-WS-0344;LS-WS-0345;LS-WS-0590,audit/_artifacts/c22-exit-capture-shadow-diagnostic-source-summary.json;audit/_artifacts/c22-final-diagnostic-result-summary.json;audit/WS_C22_EXIT_CAPTURE_SHADOW_DIAGNOSTIC.md;audit/WS_C22_OPERATOR_VALIDATION_COMMANDS.md;system/policies/weekly_swing/_refs/WS_EXIT_CAPTURE_SHADOW_C22_DESIGN_NOTE.md,Historical correlation key only; not a WS-Bxx Attempt ID.
C22+C24,1,LS-WS-0573,system/policies/weekly_swing/_refs/WS_C22_SHADOW_GAP_BRIDGE_C24_DESIGN_NOTE.md,Historical correlation key only; not a WS-Bxx Attempt ID.
C23,4,LS-WS-0047;LS-WS-0346;LS-WS-0347;LS-WS-0592,audit/_artifacts/c23-first-profit-capture-rule-diagnostic-source-summary.json;audit/WS_C23_FIRST_PROFIT_CAPTURE_RULE_DIAGNOSTIC.md;audit/WS_C23_OPERATOR_VALIDATION_COMMANDS.md;system/policies/weekly_swing/_refs/WS_FIRST_PROFIT_CAPTURE_RULE_C23_DESIGN_NOTE.md,Historical correlation key only; not a WS-Bxx Attempt ID.
C24,1,LS-WS-0349,audit/WS_C24_OPERATOR_VALIDATION_COMMANDS.md,Historical correlation key only; not a WS-Bxx Attempt ID.
C24+C22,2,LS-WS-0048;LS-WS-0348,audit/_artifacts/c24-c22-shadow-gap-bridge-diagnostic-source-summary.json;audit/WS_C24_C22_SHADOW_GAP_BRIDGE_DIAGNOSTIC.md,Historical correlation key only; not a WS-Bxx Attempt ID.
C25,4,LS-WS-0049;LS-WS-0350;LS-WS-0351;LS-WS-0598,audit/_artifacts/c25-no-signal-fallback-delay-diagnostic-source-summary.json;audit/WS_C25_NO_SIGNAL_FALLBACK_DELAY_DIAGNOSTIC.md;audit/WS_C25_OPERATOR_VALIDATION_COMMANDS.md;system/policies/weekly_swing/_refs/WS_NO_SIGNAL_FALLBACK_DELAY_C25_DESIGN_NOTE.md,Historical correlation key only; not a WS-Bxx Attempt ID.
C26,4,LS-WS-0050;LS-WS-0352;LS-WS-0353;LS-WS-0574,audit/_artifacts/c26-catalog-candidate-diagnostic-source-summary.json;audit/WS_C26_CATALOG_CANDIDATE_DIAGNOSTIC.md;audit/WS_C26_OPERATOR_VALIDATION_COMMANDS.md;system/policies/weekly_swing/_refs/WS_CATALOG_CANDIDATE_C26_DESIGN_NOTE.md,Historical correlation key only; not a WS-Bxx Attempt ID.
C27,4,LS-WS-0051;LS-WS-0354;LS-WS-0355;LS-WS-0575,audit/_artifacts/c27-catalog-candidate-raw-ohlc-validation-source-summary.json;audit/WS_C27_CATALOG_CANDIDATE_RAW_OHLC_VALIDATION.md;audit/WS_C27_OPERATOR_VALIDATION_COMMANDS.md;system/policies/weekly_swing/_refs/WS_CATALOG_CANDIDATE_C27_RAW_OHLC_VALIDATION_NOTE.md,Historical correlation key only; not a WS-Bxx Attempt ID.
C28,4,LS-WS-0052;LS-WS-0356;LS-WS-0357;LS-WS-0576,audit/_artifacts/c28-rule-revision-tiebreak-diagnostic-source-summary.json;audit/WS_C28_OPERATOR_VALIDATION_COMMANDS.md;audit/WS_C28_RULE_REVISION_TIEBREAK_DIAGNOSTIC.md;system/policies/weekly_swing/_refs/WS_CATALOG_CANDIDATE_C28_RULE_REVISION_TIEBREAK_NOTE.md,Historical correlation key only; not a WS-Bxx Attempt ID.
C29,2,LS-WS-0358;LS-WS-0359,audit/WS_C29_OOS_PROOF.md;audit/WS_C29_OPERATOR_VALIDATION_COMMANDS.md,Historical correlation key only; not a WS-Bxx Attempt ID.
C30,2,LS-WS-0360;LS-WS-0361,audit/WS_C30_OOS_FAILURE_ATTRIBUTION.md;audit/WS_C30_OPERATOR_VALIDATION_COMMANDS.md,Historical correlation key only; not a WS-Bxx Attempt ID.
C31,2,LS-WS-0362;LS-WS-0363,audit/WS_C31_CONTROLLED_GATE_RECLASSIFICATION.md;audit/WS_C31_OPERATOR_VALIDATION_COMMANDS.md,Historical correlation key only; not a WS-Bxx Attempt ID.
C32,2,LS-WS-0364;LS-WS-0365,audit/WS_C32_DATA_PATH_AND_BAD_MONTH_DIAGNOSTIC.md;audit/WS_C32_OPERATOR_VALIDATION_COMMANDS.md,Historical correlation key only; not a WS-Bxx Attempt ID.
C33,2,LS-WS-0366;LS-WS-0367,audit/WS_C33_DATA_PATH_REPLAY_PROOF.md;audit/WS_C33_OPERATOR_VALIDATION_COMMANDS.md,Historical correlation key only; not a WS-Bxx Attempt ID.
C34,2,LS-WS-0368;LS-WS-0369,audit/WS_C34_BAD_MONTH_ROBUSTNESS_DIAGNOSTIC.md;audit/WS_C34_OPERATOR_VALIDATION_COMMANDS.md,Historical correlation key only; not a WS-Bxx Attempt ID.
C35,2,LS-WS-0370;LS-WS-0371,audit/WS_C35_IS_ROBUSTNESS_REDESIGN_DIAGNOSTIC.md;audit/WS_C35_OPERATOR_VALIDATION_COMMANDS.md,Historical correlation key only; not a WS-Bxx Attempt ID.
C36,2,LS-WS-0372;LS-WS-0373,audit/WS_C36_IS_CONTROLLED_REDESIGN_CANDIDATE_FORMATION.md;audit/WS_C36_OPERATOR_VALIDATION_COMMANDS.md,Historical correlation key only; not a WS-Bxx Attempt ID.
C37,2,LS-WS-0374;LS-WS-0375,audit/WS_C37_IS_VALIDATION_AND_ANTI_OVERFIT_CHECK.md;audit/WS_C37_OPERATOR_VALIDATION_COMMANDS.md,Historical correlation key only; not a WS-Bxx Attempt ID.
C38,2,LS-WS-0376;LS-WS-0377,audit/WS_C38_IS_REDESIGN_OR_EVIDENCE_EXPANSION_DIAGNOSTIC.md;audit/WS_C38_OPERATOR_VALIDATION_COMMANDS.md,Historical correlation key only; not a WS-Bxx Attempt ID.
C39,2,LS-WS-0378;LS-WS-0379,audit/WS_C39_IS_CONTROLLED_REDESIGN_WITH_COVERAGE_AND_BRANCH_DIVERSIFICATION_GUARDS.md;audit/WS_C39_OPERATOR_VALIDATION_COMMANDS.md,Historical correlation key only; not a WS-Bxx Attempt ID.
C40,1,LS-WS-0381,audit/WS_C40_OPERATOR_VALIDATION_COMMANDS.md,Historical correlation key only; not a WS-Bxx Attempt ID.
C40+C39,1,LS-WS-0380,audit/WS_C40_IS_VALIDATION_AND_ANTI_OVERFIT_CHECK_FOR_C39_GUARDED_CANDIDATE.md,Historical correlation key only; not a WS-Bxx Attempt ID.
C41,2,LS-WS-0382;LS-WS-0383,audit/WS_C41_IS_REVIEW_OR_EVIDENCE_EXPANSION_BEFORE_OOS.md;audit/WS_C41_OPERATOR_VALIDATION_COMMANDS.md,Historical correlation key only; not a WS-Bxx Attempt ID.
C42,2,LS-WS-0384;LS-WS-0385,audit/WS_C42_IS_ROLLING_NORMAL_MONTH_EVIDENCE_EXPANSION.md;audit/WS_C42_OPERATOR_VALIDATION_COMMANDS.md,Historical correlation key only; not a WS-Bxx Attempt ID.
C43,2,LS-WS-0386;LS-WS-0387,audit/WS_C43_OPERATOR_VALIDATION_COMMANDS.md;audit/WS_C43_PRE_TRADE_FIELD_EXPANSION_DIAGNOSTIC.md,Historical correlation key only; not a WS-Bxx Attempt ID.
C44,2,LS-WS-0388;LS-WS-0389,audit/WS_C44_IS_GUARD_REFINEMENT_CANDIDATE_FORMATION.md;audit/WS_C44_OPERATOR_VALIDATION_COMMANDS.md,Historical correlation key only; not a WS-Bxx Attempt ID.
C45,1,LS-WS-0391,audit/WS_C45_OPERATOR_VALIDATION_COMMANDS.md,Historical correlation key only; not a WS-Bxx Attempt ID.
C45+C44,1,LS-WS-0390,audit/WS_C45_IS_VALIDATION_AND_ANTI_OVERFIT_CHECK_FOR_C44_REFINEMENT.md,Historical correlation key only; not a WS-Bxx Attempt ID.
C46,2,LS-WS-0392;LS-WS-0393,audit/WS_C46_IS_REVIEW_OR_EVIDENCE_EXPANSION_BEFORE_OOS.md;audit/WS_C46_OPERATOR_VALIDATION_COMMANDS.md,Historical correlation key only; not a WS-Bxx Attempt ID.
C47,1,LS-WS-0395,audit/WS_C47_OPERATOR_VALIDATION_COMMANDS.md,Historical correlation key only; not a WS-Bxx Attempt ID.
C47+C44,1,LS-WS-0394,audit/WS_C47_OOS_PROOF_WITH_LOCKED_C44_REFINEMENT.md,Historical correlation key only; not a WS-Bxx Attempt ID.
C48,2,LS-WS-0396;LS-WS-0397,audit/WS_C48_OOS_FAILURE_ATTRIBUTION.md;audit/WS_C48_OPERATOR_VALIDATION_COMMANDS.md,Historical correlation key only; not a WS-Bxx Attempt ID.
C49,2,LS-WS-0398;LS-WS-0399,audit/WS_C49_BROADER_STRATEGY_REDESIGN.md;audit/WS_C49_OPERATOR_VALIDATION_COMMANDS.md,Historical correlation key only; not a WS-Bxx Attempt ID.
C50,2,LS-WS-0400;LS-WS-0401,audit/WS_C50_IS_VALIDATION_ANTI_OVERFIT_CHECK.md;audit/WS_C50_OPERATOR_VALIDATION_COMMANDS.md,Historical correlation key only; not a WS-Bxx Attempt ID.
C51,2,LS-WS-0402;LS-WS-0403,audit/WS_C51_CONCENTRATION_DEPENDENCY_REDESIGN_REVIEW.md;audit/WS_C51_OPERATOR_VALIDATION_COMMANDS.md,Historical correlation key only; not a WS-Bxx Attempt ID.
C52,2,LS-WS-0404;LS-WS-0405,audit/WS_C52_CONCENTRATION_DEPENDENCY_REDESIGN_CONTINUATION.md;audit/WS_C52_OPERATOR_VALIDATION_COMMANDS.md,Historical correlation key only; not a WS-Bxx Attempt ID.
C53,1,LS-WS-0407,audit/WS_C53_OPERATOR_VALIDATION_COMMANDS.md,Historical correlation key only; not a WS-Bxx Attempt ID.
C53+C52,1,LS-WS-0406,audit/WS_C53_IS_EVIDENCE_EXPANSION_FOR_C52_REDESIGN.md,Historical correlation key only; not a WS-Bxx Attempt ID.
C54,2,LS-WS-0408;LS-WS-0409,audit/WS_C54_OPERATOR_VALIDATION_COMMANDS.md;audit/WS_C54_ROLLING_STABILITY_REDESIGN_OR_RECALIBRATION_IS_ONLY.md,Historical correlation key only; not a WS-Bxx Attempt ID.
C55,2,LS-WS-0410;LS-WS-0411,audit/WS_C55_OPERATOR_VALIDATION_COMMANDS.md;audit/WS_C55_ROLLING_STABILITY_REDESIGN_CONTINUATION_IS_ONLY.md,Historical correlation key only; not a WS-Bxx Attempt ID.
C56,2,LS-WS-0412;LS-WS-0413,audit/WS_C56_OPERATOR_VALIDATION_COMMANDS.md;audit/WS_C56_ROLLING_STABILITY_REDESIGN_CONTINUATION_IS_ONLY.md,Historical correlation key only; not a WS-Bxx Attempt ID.
C57,2,LS-WS-0414;LS-WS-0415,audit/WS_C57_OPERATOR_VALIDATION_COMMANDS.md;audit/WS_C57_REGIME_FIELD_RECONSTRUCTION_CONTINUATION_IS_ONLY.md,Historical correlation key only; not a WS-Bxx Attempt ID.
C58,2,LS-WS-0416;LS-WS-0417,audit/WS_C58_LOSS_CLUSTER_CONCENTRATION_REDESIGN_CONTINUATION_IS_ONLY.md;audit/WS_C58_OPERATOR_VALIDATION_COMMANDS.md,Historical correlation key only; not a WS-Bxx Attempt ID.
C59,2,LS-WS-0418;LS-WS-0419,audit/WS_C59_LOSS_CLUSTER_OR_BRANCH_BUCKET_REDESIGN_CONTINUATION_IS_ONLY.md;audit/WS_C59_OPERATOR_VALIDATION_COMMANDS.md,Historical correlation key only; not a WS-Bxx Attempt ID.
C60,2,LS-WS-0420;LS-WS-0421,audit/WS_C60_OPERATOR_VALIDATION_COMMANDS.md;audit/WS_C60_REGIME_STRESS_AND_LOO_DEPENDENCY_REDESIGN_IS_ONLY.md,Historical correlation key only; not a WS-Bxx Attempt ID.
C61,2,LS-WS-0422;LS-WS-0423,audit/WS_C61_OPERATOR_VALIDATION_COMMANDS.md;audit/WS_C61_SIGNAL_QUALITY_REBUILD_FOR_WEAK_REGIME_IS_ONLY.md,Historical correlation key only; not a WS-Bxx Attempt ID.
C62,1,LS-WS-0424,audit/WS_C62_OPERATOR_VALIDATION_COMMANDS.md,Historical correlation key only; not a WS-Bxx Attempt ID.
C62+C61,1,LS-WS-0425,audit/WS_C62_PRE_LOCK_REVIEW_FOR_C61_SIGNAL_QUALITY_CANDIDATES_IS_ONLY.md,Historical correlation key only; not a WS-Bxx Attempt ID.
C63,2,LS-WS-0426;LS-WS-0427,audit/WS_C63_OPERATOR_VALIDATION_COMMANDS.md;audit/WS_C63_PRE_OOS_UNLOCK_REVIEW_IS_ONLY.md,Historical correlation key only; not a WS-Bxx Attempt ID.
C64,2,LS-WS-0428;LS-WS-0429,audit/WS_C64_OPERATOR_VALIDATION_COMMANDS.md;audit/WS_C64_PRE_OOS_OR_OOS_PROOF_EXECUTION.md,Historical correlation key only; not a WS-Bxx Attempt ID.
C65,2,LS-WS-0430;LS-WS-0431,audit/WS_C65_OPERATOR_VALIDATION_COMMANDS.md;audit/WS_C65_PRODUCTION_PRE_LOCK_REVIEW.md,Historical correlation key only; not a WS-Bxx Attempt ID.
C66,2,LS-WS-0432;LS-WS-0433,audit/WS_C66_OPERATOR_VALIDATION_COMMANDS.md;audit/WS_C66_PRODUCTION_LOCK_REVIEW.md,Historical correlation key only; not a WS-Bxx Attempt ID.
C67,2,LS-WS-0434;LS-WS-0435,audit/WS_C67_OPERATOR_VALIDATION_COMMANDS.md;audit/WS_C67_PRODUCTION_CATALOG_ACTIVATION_REVIEW.md,Historical correlation key only; not a WS-Bxx Attempt ID.
C68,2,LS-WS-0436;LS-WS-0437,audit/WS_C68_OPERATOR_VALIDATION_COMMANDS.md;audit/WS_C68_PRODUCTION_CATALOG_ACTIVATION_EXECUTION_REVIEW.md,Historical correlation key only; not a WS-Bxx Attempt ID.
C69,2,LS-WS-0438;LS-WS-0439,audit/WS_C69_OPERATOR_VALIDATION_COMMANDS.md;audit/WS_C69_PRODUCTION_DEPLOYMENT_PREP_OR_BRIDGE_REVIEW.md,Historical correlation key only; not a WS-Bxx Attempt ID.
C70,2,LS-WS-0440;LS-WS-0441,audit/WS_C70_OPERATOR_VALIDATION_COMMANDS.md;audit/WS_C70_PRODUCTION_DEPLOYMENT_EXECUTION_REVIEW.md,Historical correlation key only; not a WS-Bxx Attempt ID.
C71,2,LS-WS-0442;LS-WS-0443,audit/WS_C71_OPERATOR_VALIDATION_COMMANDS.md;audit/WS_C71_SHADOW_READ_OR_DRY_RUN_RUNTIME_VALIDATION.md,Historical correlation key only; not a WS-Bxx Attempt ID.
C72,2,LS-WS-0444;LS-WS-0445,audit/WS_C72_CONTROLLED_OPT_IN_RUNTIME_BRIDGE_VALIDATION.md;audit/WS_C72_OPERATOR_VALIDATION_COMMANDS.md,Historical correlation key only; not a WS-Bxx Attempt ID.
C73,2,LS-WS-0446;LS-WS-0447,audit/WS_C73_CONTROLLED_PARALLEL_RUN_NON_MUTATING_PLAN_CONFIRM_BRIDGE_VALIDATION.md;audit/WS_C73_OPERATOR_VALIDATION_COMMANDS.md,Historical correlation key only; not a WS-Bxx Attempt ID.
C74,2,LS-WS-0448;LS-WS-0449,audit/WS_C74_CONTROLLED_OPERATOR_REVIEWED_ROLLOUT_GATE_OR_DEPLOYMENT_READINESS_REVIEW.md;audit/WS_C74_OPERATOR_VALIDATION_COMMANDS.md,Historical correlation key only; not a WS-Bxx Attempt ID.
C75,2,LS-WS-0450;LS-WS-0451,audit/WS_C75_CONTROLLED_OPERATOR_APPROVED_ROLLOUT_EXECUTION_REVIEW_OR_CONTROLLED_WIRING_EXECUTION_REVIEW.md;audit/WS_C75_OPERATOR_VALIDATION_COMMANDS.md,Historical correlation key only; not a WS-Bxx Attempt ID.
C76,2,LS-WS-0452;LS-WS-0453,audit/WS_C76_CONTROLLED_RUNTIME_OPT_IN_PILOT_OR_SHADOW_ROLLOUT_PREPARATION_REVIEW.md;audit/WS_C76_OPERATOR_VALIDATION_COMMANDS.md,Historical correlation key only; not a WS-Bxx Attempt ID.
C77,2,LS-WS-0454;LS-WS-0455,audit/WS_C77_CONTROLLED_RUNTIME_OPT_IN_PILOT_OR_SHADOW_ROLLOUT_EXECUTION_REVIEW.md;audit/WS_C77_OPERATOR_VALIDATION_COMMANDS.md,Historical correlation key only; not a WS-Bxx Attempt ID.
C78,2,LS-WS-0456;LS-WS-0457,audit/WS_C78_CONTROLLED_LIMITED_RUNTIME_OPT_IN_PILOT_OR_SHADOW_ROLLOUT_OBSERVATION_REVIEW.md;audit/WS_C78_OPERATOR_VALIDATION_COMMANDS.md,Historical correlation key only; not a WS-Bxx Attempt ID.
C79,2,LS-WS-0458;LS-WS-0459,audit/WS_C79_CONTROLLED_LIMITED_RUNTIME_OPT_IN_PILOT_OR_SHADOW_ROLLOUT_OBSERVATION_RESULT_REVIEW.md;audit/WS_C79_OPERATOR_VALIDATION_COMMANDS.md,Historical correlation key only; not a WS-Bxx Attempt ID.
C80,2,LS-WS-0460;LS-WS-0461,audit/WS_C80_CONTROLLED_LIMITED_RUNTIME_OPT_IN_PILOT_OR_SHADOW_ROLLOUT_OPERATOR_GO_NO_GO_REVIEW.md;audit/WS_C80_OPERATOR_VALIDATION_COMMANDS.md,Historical correlation key only; not a WS-Bxx Attempt ID.
C81,2,LS-WS-0462;LS-WS-0463,audit/WS_C81_CONTROLLED_LIMITED_RUNTIME_OPT_IN_PILOT_OR_SHADOW_ROLLOUT_GO_DECISION_FINALIZATION_REVIEW.md;audit/WS_C81_OPERATOR_VALIDATION_COMMANDS.md,Historical correlation key only; not a WS-Bxx Attempt ID.
C82,2,LS-WS-0464;LS-WS-0465,audit/WS_C82_CONTROLLED_LIMITED_RUNTIME_OPT_IN_PILOT_OR_SHADOW_ROLLOUT_PRE_ACTIVATION_BOUNDARY_REVIEW.md;audit/WS_C82_OPERATOR_VALIDATION_COMMANDS.md,Historical correlation key only; not a WS-Bxx Attempt ID.
C83,2,LS-WS-0466;LS-WS-0467,audit/WS_C83_CONTROLLED_LIMITED_RUNTIME_OPT_IN_PILOT_OR_SHADOW_ROLLOUT_ACTIVATION_AUTHORIZATION_REVIEW.md;audit/WS_C83_OPERATOR_VALIDATION_COMMANDS.md,Historical correlation key only; not a WS-Bxx Attempt ID.
C84,2,LS-WS-0468;LS-WS-0469,audit/WS_C84_CONTROLLED_LIMITED_RUNTIME_OPT_IN_PILOT_OR_SHADOW_ROLLOUT_ACTIVATION_EXECUTION_REVIEW.md;audit/WS_C84_OPERATOR_VALIDATION_COMMANDS.md,Historical correlation key only; not a WS-Bxx Attempt ID.
C85,2,LS-WS-0470;LS-WS-0471,audit/WS_C85_CONTROLLED_LIMITED_RUNTIME_OPT_IN_PILOT_OR_SHADOW_ROLLOUT_POST_ACTIVATION_OBSERVATION_REVIEW.md;audit/WS_C85_OPERATOR_VALIDATION_COMMANDS.md,Historical correlation key only; not a WS-Bxx Attempt ID.
C86,2,LS-WS-0472;LS-WS-0473,audit/WS_C86_CONTROLLED_LIMITED_RUNTIME_OPT_IN_PILOT_OR_SHADOW_ROLLOUT_POST_ACTIVATION_OBSERVATION_RESULT_REVIEW.md;audit/WS_C86_OPERATOR_VALIDATION_COMMANDS.md,Historical correlation key only; not a WS-Bxx Attempt ID.
C87,2,LS-WS-0474;LS-WS-0475,audit/WS_C87_CONTROLLED_LIMITED_RUNTIME_OPT_IN_PILOT_OR_SHADOW_ROLLOUT_POST_ACTIVATION_OPERATOR_GO_NO_GO_REVIEW.md;audit/WS_C87_OPERATOR_VALIDATION_COMMANDS.md,Historical correlation key only; not a WS-Bxx Attempt ID.
C88,2,LS-WS-0476;LS-WS-0477,audit/WS_C88_CONTROLLED_LIMITED_RUNTIME_OPT_IN_PILOT_OR_SHADOW_ROLLOUT_POST_ACTIVATION_GO_DECISION_FINALIZATION_REVIEW.md;audit/WS_C88_OPERATOR_VALIDATION_COMMANDS.md,Historical correlation key only; not a WS-Bxx Attempt ID.
C89,2,LS-WS-0478;LS-WS-0479,audit/WS_C89_CONTROLLED_LIMITED_RUNTIME_OPT_IN_PILOT_OR_SHADOW_ROLLOUT_POST_ACTIVATION_COMPLETION_BOUNDARY_REVIEW.md;audit/WS_C89_OPERATOR_VALIDATION_COMMANDS.md,Historical correlation key only; not a WS-Bxx Attempt ID.
C90,2,LS-WS-0480;LS-WS-0481,audit/WS_C90_CONTROLLED_LIMITED_RUNTIME_OPT_IN_PILOT_OR_SHADOW_ROLLOUT_POST_ACTIVATION_HANDOFF_READINESS_REVIEW.md;audit/WS_C90_OPERATOR_VALIDATION_COMMANDS.md,Historical correlation key only; not a WS-Bxx Attempt ID.
C91,2,LS-WS-0482;LS-WS-0483,audit/WS_C91_CONTROLLED_LIMITED_RUNTIME_OPT_IN_PILOT_OR_SHADOW_ROLLOUT_POST_ACTIVATION_HANDOFF_FINALIZATION_REVIEW.md;audit/WS_C91_OPERATOR_VALIDATION_COMMANDS.md,Historical correlation key only; not a WS-Bxx Attempt ID.
C92,2,LS-WS-0484;LS-WS-0485,audit/WS_C92_CONTROLLED_LIMITED_RUNTIME_OPT_IN_PILOT_OR_SHADOW_ROLLOUT_POST_ACTIVATION_HANDOFF_COMPLETION_BOUNDARY_REVIEW.md;audit/WS_C92_OPERATOR_VALIDATION_COMMANDS.md,Historical correlation key only; not a WS-Bxx Attempt ID.
C93,2,LS-WS-0486;LS-WS-0487,audit/WS_C93_CONTROLLED_LIMITED_RUNTIME_OPT_IN_PILOT_OR_SHADOW_ROLLOUT_POST_ACTIVATION_HANDOFF_CLOSURE_SEAL_REVIEW.md;audit/WS_C93_OPERATOR_VALIDATION_COMMANDS.md,Historical correlation key only; not a WS-Bxx Attempt ID.
C94,2,LS-WS-0488;LS-WS-0489,audit/WS_C94_CONTROLLED_LIMITED_RUNTIME_OPT_IN_PILOT_OR_SHADOW_ROLLOUT_POST_ACTIVATION_AUDIT_ARCHIVE_REVIEW.md;audit/WS_C94_OPERATOR_VALIDATION_COMMANDS.md,Historical correlation key only; not a WS-Bxx Attempt ID.
C95,2,LS-WS-0490;LS-WS-0491,audit/WS_C95_CONTROLLED_LIMITED_RUNTIME_OPT_IN_PILOT_OR_SHADOW_ROLLOUT_POST_ACTIVATION_AUDIT_ARCHIVE_COMPLETION_REVIEW.md;audit/WS_C95_OPERATOR_VALIDATION_COMMANDS.md,Historical correlation key only; not a WS-Bxx Attempt ID.
C96,2,LS-WS-0492;LS-WS-0493,audit/WS_C96_CONTROLLED_LIMITED_RUNTIME_OPT_IN_PILOT_OR_SHADOW_ROLLOUT_POST_ACTIVATION_AUDIT_ARCHIVE_CLOSURE_SEAL_REVIEW.md;audit/WS_C96_OPERATOR_VALIDATION_COMMANDS.md,Historical correlation key only; not a WS-Bxx Attempt ID.
C97,2,LS-WS-0494;LS-WS-0495,audit/WS_C97_CONTROLLED_LIMITED_RUNTIME_OPT_IN_PILOT_OR_SHADOW_ROLLOUT_POST_ACTIVATION_AUDIT_ARCHIVE_FINALIZATION_REVIEW.md;audit/WS_C97_OPERATOR_VALIDATION_COMMANDS.md,Historical correlation key only; not a WS-Bxx Attempt ID.
C98,2,LS-WS-0496;LS-WS-0497,audit/WS_C98_OPERATOR_VALIDATION_COMMANDS.md;audit/WS_C98_WEEKLY_SWING_WATCHLIST_NON_LIVE_REHEARSAL_REVIEW.md,Historical correlation key only; not a WS-Bxx Attempt ID.
C99,2,LS-WS-0498;LS-WS-0499,audit/WS_C99_OPERATOR_VALIDATION_COMMANDS.md;audit/WS_C99_WEEKLY_SWING_WATCHLIST_NON_LIVE_REHEARSAL_EXECUTION_REVIEW.md,Historical correlation key only; not a WS-Bxx Attempt ID.
P01,5,LS-WS-0506;LS-WS-0507;LS-WS-0601;LS-WS-0602;LS-WS-0603,audit/WS_PRICE_QUALITY_P01_DIAGNOSTIC_CANDIDATES_AND_OFFICIAL_IS.md;audit/WS_PRICE_QUALITY_P01_PREREGISTRATION.md;system/policies/weekly_swing/_refs/WS_PRICE_QUALITY_P01_IDENTITY_REPAIR_LOCK.md;system/policies/weekly_swing/_refs/WS_PRICE_QUALITY_P01_PREREGISTRATION_LOCK.md;system/policies/weekly_swing/_refs/WS_PRICE_QUALITY_P01_REMEDIATION_LOCK.md,Historical correlation key only; not a WS-Bxx Attempt ID.
Q01,1,LS-WS-0608,system/policies/weekly_swing/_refs/WS_SIGNAL_QUALITY_Q01_PREREGISTRATION_LOCK.md,Historical correlation key only; not a WS-Bxx Attempt ID.
R01,3,LS-WS-0502;LS-WS-0503;LS-WS-0596,audit/WS_NEW_STRATEGY_R01_OPERATOR_VALIDATION_COMMANDS.md;audit/WS_NEW_STRATEGY_R01_RESEARCH_HYPOTHESIS_AND_DIAGNOSTIC_EVIDENCE.md;system/policies/weekly_swing/_refs/WS_NEW_STRATEGY_R01_RESEARCH_HYPOTHESIS_NOTE.md,Historical correlation key only; not a WS-Bxx Attempt ID.
R02,3,LS-WS-0504;LS-WS-0505;LS-WS-0597,audit/WS_NEW_STRATEGY_R02_MINIMAL_CANDIDATES_AND_OFFICIAL_IS.md;audit/WS_NEW_STRATEGY_R02_OPERATOR_VALIDATION_COMMANDS.md;system/policies/weekly_swing/_refs/WS_NEW_STRATEGY_R02_CANDIDATE_LOCK.md,Historical correlation key only; not a WS-Bxx Attempt ID.
R2,1,LS-WS-0604,system/policies/weekly_swing/_refs/WS_R2_ENTRY_QUALITY_CALIBRATION_NOTE.md,Historical correlation key only; not a WS-Bxx Attempt ID.
S01,3,LS-WS-0508;LS-WS-0509;LS-WS-0609,audit/WS_TAIL_RISK_S01_DIAGNOSTIC_CANDIDATES_AND_OFFICIAL_IS.md;audit/WS_TAIL_RISK_S01_OPERATOR_VALIDATION_COMMANDS.md;system/policies/weekly_swing/_refs/WS_TAIL_RISK_S01_CANDIDATE_AND_REMEDIATION_LOCK.md,Historical correlation key only; not a WS-Bxx Attempt ID.
