catalog_version,catalog_code,catalog_hash,param_id,row_code,calibration_valid,status,reason_codes,picks_count,trade_count,coverage_days,avg_ret_net_top,median_ret_net_top,p25_ret_net_top,month_win_rate_min,month_avg_ret_net_min,win_rate_top
C01,WS_BT_GRID_DOWNSIDE_STABILITY_C01_2026_06,604ac98f6f193a4c317d4f25582deada84682846,37,00_R2_DEFENSIVE_REFERENCE,0,GATES_FAILED,WS_BT_EVAL_ROBUST_RETURN_FAIL|WS_BT_EVAL_DOWNSIDE_FAIL|WS_BT_EVAL_STABILITY_FAIL,1382,1382,508,-0.0026472646027869526,-0.030198431289312242,-0.06298561354805067,0.17543859649122806,-0.029694091985777066,0.3907380607814761
C01,WS_BT_GRID_DOWNSIDE_STABILITY_C01_2026_06,604ac98f6f193a4c317d4f25582deada84682846,38,01_LOW_ATR_BREADTH,0,GATES_FAILED,WS_BT_EVAL_ROBUST_RETURN_FAIL|WS_BT_EVAL_DOWNSIDE_FAIL|WS_BT_EVAL_STABILITY_FAIL,1435,1435,508,-0.0017265908028315999,-0.021046271587533357,-0.054058108716307444,0.14035087719298245,-0.03268473419969533,0.3951219512195122
C01,WS_BT_GRID_DOWNSIDE_STABILITY_C01_2026_06,604ac98f6f193a4c317d4f25582deada84682846,39,02_ULTRA_LOW_ATR_BREADTH,0,GATES_FAILED,WS_BT_EVAL_ROBUST_RETURN_FAIL|WS_BT_EVAL_DOWNSIDE_FAIL|WS_BT_EVAL_STABILITY_FAIL,1429,1429,508,-0.0042327217604437965,-0.01992152127980682,-0.04417871616550758,0.22807017543859648,-0.021245659534341328,0.37648705388383485
C01,WS_BT_GRID_DOWNSIDE_STABILITY_C01_2026_06,604ac98f6f193a4c317d4f25582deada84682846,40,03_LOW_ATR_VOLUME_STABLE,0,GATES_FAILED,WS_BT_EVAL_ROBUST_RETURN_FAIL|WS_BT_EVAL_DOWNSIDE_FAIL|WS_BT_EVAL_STABILITY_FAIL,1408,1408,508,-0.0038453083167002454,-0.021570737625391304,-0.051507726158923836,0.1724137931034483,-0.026036838357517612,0.38636363636363635
C01,WS_BT_GRID_DOWNSIDE_STABILITY_C01_2026_06,604ac98f6f193a4c317d4f25582deada84682846,41,04_RISK_FIRST_NOT_CHASING,0,GATES_FAILED,WS_BT_EVAL_ROBUST_RETURN_FAIL|WS_BT_EVAL_DOWNSIDE_FAIL|WS_BT_EVAL_STABILITY_FAIL,1419,1419,508,-0.0033314461860131125,-0.02402360354053108,-0.05298312791169442,0.1724137931034483,-0.027378931717705644,0.38971106412966877
C01,WS_BT_GRID_DOWNSIDE_STABILITY_C01_2026_06,604ac98f6f193a4c317d4f25582deada84682846,42,05_STABILITY_BREADTH_MOMENTUM,0,GATES_FAILED,WS_BT_EVAL_ROBUST_RETURN_FAIL|WS_BT_EVAL_DOWNSIDE_FAIL|WS_BT_EVAL_STABILITY_FAIL,1422,1422,508,-0.0037594350539740537,-0.03472873492108654,-0.06105588846745895,0.20408163265306123,-0.020636329615643458,0.3888888888888889
C01,WS_BT_GRID_DOWNSIDE_STABILITY_C01_2026_06,604ac98f6f193a4c317d4f25582deada84682846,43,06_HIGH_LIQ_LOW_ATR_MODERATE_Q,0,GATES_FAILED,WS_BT_EVAL_ROBUST_RETURN_FAIL|WS_BT_EVAL_DOWNSIDE_FAIL|WS_BT_EVAL_STABILITY_FAIL,1419,1419,508,-0.001808754027615278,-0.020494876280929768,-0.05080365801646286,0.17543859649122806,-0.02728267813537047,0.4023960535588443
C01,WS_BT_GRID_DOWNSIDE_STABILITY_C01_2026_06,604ac98f6f193a4c317d4f25582deada84682846,44,07_DOWNSIDE_CAP_BALANCED_FIXED_EXIT,0,GATES_FAILED,WS_BT_EVAL_ROBUST_RETURN_FAIL|WS_BT_EVAL_DOWNSIDE_FAIL|WS_BT_EVAL_STABILITY_FAIL,1421,1421,508,-0.003541079726942531,-0.021547541639573852,-0.04646557586910429,0.2033898305084746,-0.023702597294035756,0.3891625615763547
C02,WS_BT_GRID_DOWNSIDE_STABILITY_C02_2026_06,7287c438e15bd03d6beb4796e4d5159ecd8ed59a,45,00_C01_NEAREST_GATE_REFERENCE,0,GATES_FAILED,WS_BT_EVAL_ROBUST_RETURN_FAIL|WS_BT_EVAL_DOWNSIDE_FAIL|WS_BT_EVAL_STABILITY_FAIL,1435,1435,508,-0.0017265908028315999,-0.021046271587533357,-0.054058108716307444,0.14035087719298245,-0.03268473419969533,0.3951219512195122
C02,WS_BT_GRID_DOWNSIDE_STABILITY_C02_2026_06,7287c438e15bd03d6beb4796e4d5159ecd8ed59a,46,01_NEAR_BREAKOUT_MODERATE_LIQUIDITY,0,GATES_FAILED,WS_BT_EVAL_ROBUST_RETURN_FAIL|WS_BT_EVAL_DOWNSIDE_FAIL|WS_BT_EVAL_STABILITY_FAIL,1422,1422,508,0.0009207957171417628,-0.01716361926400886,-0.054627393179176774,0.17543859649122806,-0.027789791988505716,0.41631504922644164
C02,WS_BT_GRID_DOWNSIDE_STABILITY_C02_2026_06,7287c438e15bd03d6beb4796e4d5159ecd8ed59a,47,02_MID_LIQUIDITY_VOLUME_BALANCED,0,GATES_FAILED,WS_BT_EVAL_ROBUST_RETURN_FAIL|WS_BT_EVAL_DOWNSIDE_FAIL|WS_BT_EVAL_STABILITY_FAIL,1429,1429,508,-0.0016814592767561665,-0.02002703649927402,-0.053678449578276485,0.17857142857142858,-0.03026827518461068,0.3960811756473058
C02,WS_BT_GRID_DOWNSIDE_STABILITY_C02_2026_06,7287c438e15bd03d6beb4796e4d5159ecd8ed59a,48,03_STRICT_NEAR_BREAKOUT_LOW_CHASE,0,GATES_FAILED,WS_BT_EVAL_ROBUST_RETURN_FAIL|WS_BT_EVAL_DOWNSIDE_FAIL|WS_BT_EVAL_STABILITY_FAIL,1360,1360,506,-0.0005248967326056655,-0.01768833700676297,-0.05586620618389218,0.2,-0.025673395105471404,0.40661764705882353
C02,WS_BT_GRID_DOWNSIDE_STABILITY_C02_2026_06,7287c438e15bd03d6beb4796e4d5159ecd8ed59a,49,04_LOW_ATR_MID_ROC_STABILITY,0,GATES_FAILED,WS_BT_EVAL_ROBUST_RETURN_FAIL|WS_BT_EVAL_DOWNSIDE_FAIL|WS_BT_EVAL_STABILITY_FAIL,1430,1430,508,-0.0016524179494691801,-0.01788830104906284,-0.04966823652279287,0.175,-0.027632737489929872,0.3944055944055944
C02,WS_BT_GRID_DOWNSIDE_STABILITY_C02_2026_06,7287c438e15bd03d6beb4796e4d5159ecd8ed59a,50,05_VOLUME_NOT_SPIKE_RISK_FIRST,0,GATES_FAILED,WS_BT_EVAL_ROBUST_RETURN_FAIL|WS_BT_EVAL_DOWNSIDE_FAIL|WS_BT_EVAL_STABILITY_FAIL,1431,1431,508,-0.0010300214927098995,-0.017639689300927085,-0.05213651605713707,0.14285714285714285,-0.03248187663431029,0.3969252271139064
C02,WS_BT_GRID_DOWNSIDE_STABILITY_C02_2026_06,7287c438e15bd03d6beb4796e4d5159ecd8ed59a,51,06_BROAD_SAMPLE_NEAR_BREAKOUT,0,GATES_FAILED,WS_BT_EVAL_ROBUST_RETURN_FAIL|WS_BT_EVAL_DOWNSIDE_FAIL|WS_BT_EVAL_STABILITY_FAIL,1425,1425,508,0.001809843340027377,-0.017164366373902132,-0.054058108716307444,0.14035087719298245,-0.03275722086719583,0.4182456140350877
C02,WS_BT_GRID_DOWNSIDE_STABILITY_C02_2026_06,7287c438e15bd03d6beb4796e4d5159ecd8ed59a,52,07_STABILITY_PROXY_SECTOR_REVIEW,0,GATES_FAILED,WS_BT_EVAL_ROBUST_RETURN_FAIL|WS_BT_EVAL_DOWNSIDE_FAIL|WS_BT_EVAL_STABILITY_FAIL,1423,1423,507,-0.0006935692525743626,-0.01835303065176275,-0.05566218025621737,0.23214285714285715,-0.019229328947913654,0.4026704146170063
C03,WS_BT_GRID_DOWNSIDE_STABILITY_C03_2026_06,29e15ceab1b3f7dc31a21f339ac6ab7483e14800,53,00_C02_BEST_AVG_REFERENCE,0,GATES_FAILED,WS_BT_EVAL_ROBUST_RETURN_FAIL|WS_BT_EVAL_DOWNSIDE_FAIL|WS_BT_EVAL_STABILITY_FAIL,1425,1425,508,0.001809843340027377,-0.017164366373902132,-0.054058108716307444,0.14035087719298245,-0.03275722086719583,0.4182456140350877
C03,WS_BT_GRID_DOWNSIDE_STABILITY_C03_2026_06,29e15ceab1b3f7dc31a21f339ac6ab7483e14800,54,01_HIGH_SCORE_LOW_ATR_MID_ROC,0,GATES_FAILED,WS_BT_EVAL_ROBUST_RETURN_FAIL|WS_BT_EVAL_DOWNSIDE_FAIL|WS_BT_EVAL_STABILITY_FAIL,1401,1401,508,-0.0021751708443216366,-0.013743291367808597,-0.04140368593789447,0.1724137931034483,-0.025486026366799443,0.39400428265524623
C03,WS_BT_GRID_DOWNSIDE_STABILITY_C03_2026_06,29e15ceab1b3f7dc31a21f339ac6ab7483e14800,55,02_STABILITY_PROXY_TIGHTENED,0,GATES_FAILED,WS_BT_EVAL_ROBUST_RETURN_FAIL|WS_BT_EVAL_DOWNSIDE_FAIL|WS_BT_EVAL_STABILITY_FAIL,1409,1409,508,-0.002363257565593473,-0.017639689300927085,-0.04967070534412548,0.17543859649122806,-0.028359672041102305,0.39176721078779275
C03,WS_BT_GRID_DOWNSIDE_STABILITY_C03_2026_06,29e15ceab1b3f7dc31a21f339ac6ab7483e14800,56,03_DOWNSIDE_P25_LOW_ATR_STRICT_Q,0,GATES_FAILED,WS_BT_EVAL_ROBUST_RETURN_FAIL|WS_BT_EVAL_DOWNSIDE_FAIL|WS_BT_EVAL_STABILITY_FAIL,1363,1363,508,-0.002232261163986988,-0.011609604491453205,-0.03895182011777527,0.15517241379310345,-0.02445467273204698,0.3903154805575935
C03,WS_BT_GRID_DOWNSIDE_STABILITY_C03_2026_06,29e15ceab1b3f7dc31a21f339ac6ab7483e14800,57,04_ANTI_CHASE_CLOSE_BREAKOUT,0,GATES_FAILED,WS_BT_EVAL_ROBUST_RETURN_FAIL|WS_BT_EVAL_DOWNSIDE_FAIL|WS_BT_EVAL_STABILITY_FAIL,1104,1104,503,-0.0017693539352643935,-0.014102115317297595,-0.045292015824932745,0.1,-0.032622010654348214,0.39945652173913043
C03,WS_BT_GRID_DOWNSIDE_STABILITY_C03_2026_06,29e15ceab1b3f7dc31a21f339ac6ab7483e14800,58,05_MODERATE_VOLUME_NO_SPIKE,0,GATES_FAILED,WS_BT_EVAL_ROBUST_RETURN_FAIL|WS_BT_EVAL_DOWNSIDE_FAIL|WS_BT_EVAL_STABILITY_FAIL,1432,1432,508,-0.0023214701923479366,-0.015260757482878372,-0.045361237670855654,0.13793103448275862,-0.029658680447523744,0.3952513966480447
C03,WS_BT_GRID_DOWNSIDE_STABILITY_C03_2026_06,29e15ceab1b3f7dc31a21f339ac6ab7483e14800,59,06_LIQUIDITY_QUALITY_CORE,0,GATES_FAILED,WS_BT_EVAL_ROBUST_RETURN_FAIL|WS_BT_EVAL_DOWNSIDE_FAIL|WS_BT_EVAL_STABILITY_FAIL,1407,1407,508,-0.0033684340528922887,-0.015202280342051308,-0.04334925823485039,0.20689655172413793,-0.021550268440632757,0.3845060412224591
C03,WS_BT_GRID_DOWNSIDE_STABILITY_C03_2026_06,29e15ceab1b3f7dc31a21f339ac6ab7483e14800,60,07_LOW_ATR_STABILITY_CORE,0,GATES_FAILED,WS_BT_EVAL_ROBUST_RETURN_FAIL|WS_BT_EVAL_DOWNSIDE_FAIL|WS_BT_EVAL_STABILITY_FAIL,1294,1294,507,-0.002692139233424145,-0.010634228381940489,-0.037924371514672164,0.125,-0.025032256524194812,0.38871715610510044
C03,WS_BT_GRID_DOWNSIDE_STABILITY_C03_2026_06,29e15ceab1b3f7dc31a21f339ac6ab7483e14800,61,08_RISK_BREAKOUT_BALANCED_HIGH_Q,0,GATES_FAILED,WS_BT_EVAL_ROBUST_RETURN_FAIL|WS_BT_EVAL_DOWNSIDE_FAIL|WS_BT_EVAL_STABILITY_FAIL,1343,1343,507,-0.002621774511069412,-0.0167565890231329,-0.048224365600005245,0.16363636363636364,-0.026612975926298178,0.39166046165301566
C03,WS_BT_GRID_DOWNSIDE_STABILITY_C03_2026_06,29e15ceab1b3f7dc31a21f339ac6ab7483e14800,62,09_CANDIDATE_REDUCTION_EXTREME_Q,0,GATES_FAILED,WS_BT_EVAL_ROBUST_RETURN_FAIL|WS_BT_EVAL_DOWNSIDE_FAIL|WS_BT_EVAL_STABILITY_FAIL,1146,1146,507,-0.0017553339340369682,-0.011946533104447536,-0.04230751084701563,0.15384615384615385,-0.026502060226014014,0.4031413612565445
C04,WS_BT_GRID_DOWNSIDE_STABILITY_C04_2026_06,0ce3a313c45432c5a4d607def12b3f774988f324,63,00_C03_LOW_ATR_STABILITY_REFERENCE,0,GATES_FAILED,WS_BT_EVAL_MIN_TRADES_FAIL|WS_BT_EVAL_ROBUST_RETURN_FAIL|WS_BT_EVAL_DOWNSIDE_FAIL|WS_BT_EVAL_STABILITY_FAIL,96,96,497,-0.0009191137998555465,-0.007808790210054026,-0.03310224702136568,0,-0.059180654048262844,0.4375
C04,WS_BT_GRID_DOWNSIDE_STABILITY_C04_2026_06,0ce3a313c45432c5a4d607def12b3f774988f324,64,01_BALANCED_COMPONENT_FLOOR_CORE,0,GATES_FAILED,WS_BT_EVAL_MIN_TRADES_FAIL|WS_BT_EVAL_ROBUST_RETURN_FAIL|WS_BT_EVAL_DOWNSIDE_FAIL|WS_BT_EVAL_STABILITY_FAIL,113,113,499,0.0014659954647405619,-0.0005025125628140704,-0.031026825901698373,0,-0.059180654048262844,0.4778761061946903
C04,WS_BT_GRID_DOWNSIDE_STABILITY_C04_2026_06,0ce3a313c45432c5a4d607def12b3f774988f324,65,02_BREAKOUT_VOLUME_RISK_CORE,0,GATES_FAILED,WS_BT_EVAL_ROBUST_RETURN_FAIL|WS_BT_EVAL_DOWNSIDE_FAIL|WS_BT_EVAL_STABILITY_FAIL,120,120,499,0.004019194731065194,-0.0005012329477829806,-0.0314984557595214,0,-0.059180654048262844,0.49166666666666664
C04,WS_BT_GRID_DOWNSIDE_STABILITY_C04_2026_06,0ce3a313c45432c5a4d607def12b3f774988f324,66,03_MODERATE_LIQUIDITY_ROC_BAND,0,GATES_FAILED,WS_BT_EVAL_ROBUST_RETURN_FAIL|WS_BT_EVAL_DOWNSIDE_FAIL|WS_BT_EVAL_STABILITY_FAIL,128,128,499,-0.00019202232144405738,-0.006808914095821465,-0.038733958418010264,0,-0.059180654048262844,0.4453125
C04,WS_BT_GRID_DOWNSIDE_STABILITY_C04_2026_06,0ce3a313c45432c5a4d607def12b3f774988f324,67,04_PRIOR_STRENGTH_NOT_CHASE,0,GATES_FAILED,WS_BT_EVAL_MIN_TRADES_FAIL|WS_BT_EVAL_ROBUST_RETURN_FAIL|WS_BT_EVAL_DOWNSIDE_FAIL|WS_BT_EVAL_STABILITY_FAIL,106,106,502,0.002454317674304641,-0.008379859145273658,-0.03888099359514642,0,-0.11241236536018961,0.42452830188679247
C04,WS_BT_GRID_DOWNSIDE_STABILITY_C04_2026_06,0ce3a313c45432c5a4d607def12b3f774988f324,68,05_LOW_ATR_DOWNSIDE_CONTROL,0,GATES_FAILED,WS_BT_EVAL_MIN_TRADES_FAIL|WS_BT_EVAL_ROBUST_RETURN_FAIL|WS_BT_EVAL_DOWNSIDE_FAIL|WS_BT_EVAL_STABILITY_FAIL,87,87,499,-0.0017380065855228091,-0.008627929296968727,-0.030868251660526605,0,-0.059180654048262844,0.41379310344827586
C04,WS_BT_GRID_DOWNSIDE_STABILITY_C04_2026_06,0ce3a313c45432c5a4d607def12b3f774988f324,69,06_MONTHLY_STABILITY_LIQUID,0,GATES_FAILED,WS_BT_EVAL_MIN_TRADES_FAIL|WS_BT_EVAL_ROBUST_RETURN_FAIL|WS_BT_EVAL_DOWNSIDE_FAIL|WS_BT_EVAL_STABILITY_FAIL,82,82,501,-0.002672003155684056,-0.012711973341163918,-0.03859380290712109,0,-0.059180654048262844,0.3780487804878049
C04,WS_BT_GRID_DOWNSIDE_STABILITY_C04_2026_06,0ce3a313c45432c5a4d607def12b3f774988f324,70,07_ANTI_REVERSAL_TRAP_CONFIRM,0,GATES_FAILED,WS_BT_EVAL_MIN_TRADES_FAIL|WS_BT_EVAL_ROBUST_RETURN_FAIL|WS_BT_EVAL_DOWNSIDE_FAIL|WS_BT_EVAL_STABILITY_FAIL,113,113,499,0.0014659954647405619,-0.0005025125628140704,-0.031026825901698373,0,-0.059180654048262844,0.4778761061946903
C04,WS_BT_GRID_DOWNSIDE_STABILITY_C04_2026_06,0ce3a313c45432c5a4d607def12b3f774988f324,71,08_BROAD_SAMPLE_QUALITY_FLOOR,0,GATES_FAILED,WS_BT_EVAL_ROBUST_RETURN_FAIL|WS_BT_EVAL_DOWNSIDE_FAIL|WS_BT_EVAL_STABILITY_FAIL,176,176,496,-0.0030388547158553703,-0.007824565794821374,-0.038733958418010264,0,-0.07743093219619716,0.42045454545454547
C04,WS_BT_GRID_DOWNSIDE_STABILITY_C04_2026_06,0ce3a313c45432c5a4d607def12b3f774988f324,72,09_STRICT_BALANCED_FINAL_PROBE,0,GATES_FAILED,WS_BT_EVAL_MIN_TRADES_FAIL|WS_BT_EVAL_ROBUST_RETURN_FAIL|WS_BT_EVAL_DOWNSIDE_FAIL|WS_BT_EVAL_STABILITY_FAIL,110,110,499,0.0006626705334039686,-0.0005038164249662672,-0.03244171547516746,0,-0.059180654048262844,0.4636363636363636
C05,WS_BT_GRID_DOWNSIDE_STABILITY_C05_2026_06,476af5dde18079b1270556bc44bbc632edd46e27,73,00_C04_BEST_AVG_REFERENCE,0,GATES_FAILED,WS_BT_EVAL_ROBUST_RETURN_FAIL|WS_BT_EVAL_DOWNSIDE_FAIL|WS_BT_EVAL_STABILITY_FAIL,370,370,485,-0.0023675489528085076,-0.009837285021600863,-0.035697516951529194,0,-0.03143296646215396,0.3972972972972973
C05,WS_BT_GRID_DOWNSIDE_STABILITY_C05_2026_06,476af5dde18079b1270556bc44bbc632edd46e27,74,01_SOFT_BALANCED_SAMPLE_CORE,0,GATES_FAILED,WS_BT_EVAL_ROBUST_RETURN_FAIL|WS_BT_EVAL_DOWNSIDE_FAIL|WS_BT_EVAL_STABILITY_FAIL,486,486,487,-0.005847057723270187,-0.016121764381915586,-0.03831593791037058,0,-0.037265627849617095,0.37037037037037035
C05,WS_BT_GRID_DOWNSIDE_STABILITY_C05_2026_06,476af5dde18079b1270556bc44bbc632edd46e27,75,02_MONTHLY_SAMPLE_RECOVERY_CORE,0,GATES_FAILED,WS_BT_EVAL_ROBUST_RETURN_FAIL|WS_BT_EVAL_DOWNSIDE_FAIL|WS_BT_EVAL_STABILITY_FAIL,632,632,490,-0.00182356481579,-0.01042582913435508,-0.03759411985176302,0.14285714285714285,-0.029723134861825266,0.3876582278481013
C05,WS_BT_GRID_DOWNSIDE_STABILITY_C05_2026_06,476af5dde18079b1270556bc44bbc632edd46e27,76,03_P25_NEAR_THRESHOLD_BALANCED,0,GATES_FAILED,WS_BT_EVAL_ROBUST_RETURN_FAIL|WS_BT_EVAL_DOWNSIDE_FAIL|WS_BT_EVAL_STABILITY_FAIL,470,470,490,-0.004271219709669881,-0.011670993611743358,-0.03584062993478442,0.125,-0.029170509521021525,0.38085106382978723
C05,WS_BT_GRID_DOWNSIDE_STABILITY_C05_2026_06,476af5dde18079b1270556bc44bbc632edd46e27,77,04_MODERATE_LIQUIDITY_EXPANDED,0,GATES_FAILED,WS_BT_EVAL_ROBUST_RETURN_FAIL|WS_BT_EVAL_DOWNSIDE_FAIL|WS_BT_EVAL_STABILITY_FAIL,572,572,488,-0.003568649808332064,-0.015018115015635113,-0.04020943519816069,0.10526315789473684,-0.025241245562200795,0.3776223776223776
C05,WS_BT_GRID_DOWNSIDE_STABILITY_C05_2026_06,476af5dde18079b1270556bc44bbc632edd46e27,78,05_VOLUME_PARTICIPATION_BROAD,0,GATES_FAILED,WS_BT_EVAL_ROBUST_RETURN_FAIL|WS_BT_EVAL_DOWNSIDE_FAIL|WS_BT_EVAL_STABILITY_FAIL,656,656,490,0.0007192905900979858,-0.01042582913435508,-0.03986067589968097,0.08333333333333333,-0.02616420285136084,0.41310975609756095
C05,WS_BT_GRID_DOWNSIDE_STABILITY_C05_2026_06,476af5dde18079b1270556bc44bbc632edd46e27,79,06_TREND_RECOVERY_WITH_RS,0,GATES_FAILED,WS_BT_EVAL_ROBUST_RETURN_FAIL|WS_BT_EVAL_DOWNSIDE_FAIL|WS_BT_EVAL_STABILITY_FAIL,593,593,489,0.0003382250423929951,-0.007301095164274641,-0.03752814610958219,0,-0.02966157472313982,0.40809443507588533
C05,WS_BT_GRID_DOWNSIDE_STABILITY_C05_2026_06,476af5dde18079b1270556bc44bbc632edd46e27,80,07_BREAKOUT_NEAR_NOT_EXTENDED,0,GATES_FAILED,WS_BT_EVAL_ROBUST_RETURN_FAIL|WS_BT_EVAL_DOWNSIDE_FAIL|WS_BT_EVAL_STABILITY_FAIL,581,581,494,-0.0025964560655705677,-0.009652019304038608,-0.03542640859525979,0.13636363636363635,-0.021073587235849168,0.387263339070568
C05,WS_BT_GRID_DOWNSIDE_STABILITY_C05_2026_06,476af5dde18079b1270556bc44bbc632edd46e27,81,08_LOW_ATR_SAMPLE_RECOVERY,0,GATES_FAILED,WS_BT_EVAL_ROBUST_RETURN_FAIL|WS_BT_EVAL_DOWNSIDE_FAIL|WS_BT_EVAL_STABILITY_FAIL,497,497,488,-0.0054674908160175124,-0.011608258761185822,-0.03371747773136732,0.1111111111111111,-0.029170509521021525,0.36619718309859156
C05,WS_BT_GRID_DOWNSIDE_STABILITY_C05_2026_06,476af5dde18079b1270556bc44bbc632edd46e27,82,09_ANTI_CHASE_SOFT_CONFIRM,0,GATES_FAILED,WS_BT_EVAL_ROBUST_RETURN_FAIL|WS_BT_EVAL_DOWNSIDE_FAIL|WS_BT_EVAL_STABILITY_FAIL,586,586,497,-0.0017353466931151783,-0.007705177735821815,-0.032707601861828195,0.14285714285714285,-0.026452438864906502,0.3890784982935154
C05,WS_BT_GRID_DOWNSIDE_STABILITY_C05_2026_06,476af5dde18079b1270556bc44bbc632edd46e27,83,10_BROAD_SAMPLE_CONTROL,0,GATES_FAILED,WS_BT_EVAL_ROBUST_RETURN_FAIL|WS_BT_EVAL_DOWNSIDE_FAIL|WS_BT_EVAL_STABILITY_FAIL,886,886,495,-0.0010740336444750628,-0.011447180732360212,-0.038483649037658545,0.1875,-0.019985004363505567,0.38826185101580135
C05,WS_BT_GRID_DOWNSIDE_STABILITY_C05_2026_06,476af5dde18079b1270556bc44bbc632edd46e27,84,11_STRICT_NOT_BRITTLE_FINAL_PROBE,0,GATES_FAILED,WS_BT_EVAL_ROBUST_RETURN_FAIL|WS_BT_EVAL_DOWNSIDE_FAIL|WS_BT_EVAL_STABILITY_FAIL,446,446,488,-0.004299734604941437,-0.011670993611743358,-0.03662197822519823,0.125,-0.029170509521021525,0.3834080717488789
C06,WS_BT_GRID_DOWNSIDE_STABILITY_C06_2026_06,6c93d67fb77319a02cecc3d96fd99bb0e139a1ac,85,00_C04_BREAKOUT_VOLUME_RISK_REFERENCE,0,GATES_FAILED,WS_BT_EVAL_MIN_TRADES_FAIL|WS_BT_EVAL_STABILITY_FAIL,9,9,507,0.014132942016467816,0.016637434227010774,-0.006100915137270591,0,-0.034389973092196734,0.6666666666666666
C06,WS_BT_GRID_DOWNSIDE_STABILITY_C06_2026_06,6c93d67fb77319a02cecc3d96fd99bb0e139a1ac,86,01_MODERATE_DV20_VOLUME_CORE,0,GATES_FAILED,WS_BT_EVAL_MIN_TRADES_FAIL|WS_BT_EVAL_STABILITY_FAIL,24,24,508,0.0030409820730720994,0.004678648282005138,-0.02717910871808043,0,-0.048360503878611884,0.5
C06,WS_BT_GRID_DOWNSIDE_STABILITY_C06_2026_06,6c93d67fb77319a02cecc3d96fd99bb0e139a1ac,87,02_MODERATE_DV20_ROC_STRICT,0,GATES_FAILED,WS_BT_EVAL_MIN_TRADES_FAIL|WS_BT_EVAL_ROBUST_RETURN_FAIL|WS_BT_EVAL_STABILITY_FAIL,24,24,508,-0.004957184140729794,-0.016500406260621204,-0.028383434842003286,0,-0.06377551020408163,0.4166666666666667
C06,WS_BT_GRID_DOWNSIDE_STABILITY_C06_2026_06,6c93d67fb77319a02cecc3d96fd99bb0e139a1ac,88,03_VOLUME_1_2_TO_1_5_NEAR_BELOW,0,GATES_FAILED,WS_BT_EVAL_MIN_TRADES_FAIL|WS_BT_EVAL_ROBUST_RETURN_FAIL|WS_BT_EVAL_STABILITY_FAIL,52,52,504,0.0013133660572406717,-0.0033047681326961267,-0.028383434842003286,0,-0.0547926916649493,0.38461538461538464
C06,WS_BT_GRID_DOWNSIDE_STABILITY_C06_2026_06,6c93d67fb77319a02cecc3d96fd99bb0e139a1ac,89,04_DV20_5B_7B_EXTENSION_CONTROL,0,GATES_FAILED,WS_BT_EVAL_MIN_TRADES_FAIL|WS_BT_EVAL_ROBUST_RETURN_FAIL|WS_BT_EVAL_DOWNSIDE_FAIL|WS_BT_EVAL_STABILITY_FAIL,37,37,505,-0.007015721737732587,-0.0167565890231329,-0.034389973092196734,0,-0.06377551020408163,0.32432432432432434
C06,WS_BT_GRID_DOWNSIDE_STABILITY_C06_2026_06,6c93d67fb77319a02cecc3d96fd99bb0e139a1ac,90,05_ROC_2_TO_5_LOW_ATR,0,GATES_FAILED,WS_BT_EVAL_MIN_TRADES_FAIL|WS_BT_EVAL_ROBUST_RETURN_FAIL|WS_BT_EVAL_STABILITY_FAIL,37,37,507,-0.002690277905579104,-0.016244223498109507,-0.024884635789431536,0,-0.06377551020408163,0.3783783783783784
C06,WS_BT_GRID_DOWNSIDE_STABILITY_C06_2026_06,6c93d67fb77319a02cecc3d96fd99bb0e139a1ac,91,06_RS_TREND_MODERATE_LIQUIDITY,0,GATES_FAILED,WS_BT_EVAL_MIN_TRADES_FAIL|WS_BT_EVAL_ROBUST_RETURN_FAIL|WS_BT_EVAL_DOWNSIDE_FAIL|WS_BT_EVAL_STABILITY_FAIL,56,56,507,-0.0029971973991405366,-0.011428690028240797,-0.033760237389223444,0,-0.06377551020408163,0.30357142857142855
C06,WS_BT_GRID_DOWNSIDE_STABILITY_C06_2026_06,6c93d67fb77319a02cecc3d96fd99bb0e139a1ac,92,07_LOW_EXTENSION_NO_BREAKOUT_CHASE,0,GATES_FAILED,WS_BT_EVAL_MIN_TRADES_FAIL|WS_BT_EVAL_ROBUST_RETURN_FAIL|WS_BT_EVAL_STABILITY_FAIL,57,57,505,-0.00025362308480219946,-0.0005086211281216622,-0.02681507715658993,0,-0.06377551020408163,0.38596491228070173
C06,WS_BT_GRID_DOWNSIDE_STABILITY_C06_2026_06,6c93d67fb77319a02cecc3d96fd99bb0e139a1ac,93,08_VOLUME_BROAD_DV20_CAPPED,0,GATES_FAILED,WS_BT_EVAL_ROBUST_RETURN_FAIL|WS_BT_EVAL_DOWNSIDE_FAIL|WS_BT_EVAL_STABILITY_FAIL,145,145,498,-0.0018260823105997004,-0.011487455017491805,-0.03355032548823235,0,-0.045476821229466106,0.31724137931034485
C06,WS_BT_GRID_DOWNSIDE_STABILITY_C06_2026_06,6c93d67fb77319a02cecc3d96fd99bb0e139a1ac,94,09_SAMPLE_RECOVERY_WITH_CAPS,0,GATES_FAILED,WS_BT_EVAL_ROBUST_RETURN_FAIL|WS_BT_EVAL_DOWNSIDE_FAIL|WS_BT_EVAL_STABILITY_FAIL,198,198,496,-0.0005967239912337204,-0.007741439534803492,-0.034210242811233846,0,-0.045476821229466106,0.3484848484848485
C06,WS_BT_GRID_DOWNSIDE_STABILITY_C06_2026_06,6c93d67fb77319a02cecc3d96fd99bb0e139a1ac,95,10_STRICT_CORE_FINAL,0,GATES_FAILED,WS_BT_EVAL_MIN_TRADES_FAIL|WS_BT_EVAL_ROBUST_RETURN_FAIL|WS_BT_EVAL_STABILITY_FAIL,17,17,508,-0.00022877072329555444,-0.006100915137270591,-0.028271203402551914,0,-0.0530648457590302,0.47058823529411764
C06,WS_BT_GRID_DOWNSIDE_STABILITY_C06_2026_06,6c93d67fb77319a02cecc3d96fd99bb0e139a1ac,96,11_MONTHLY_BACKFILL_CAPPED,0,GATES_FAILED,WS_BT_EVAL_ROBUST_RETURN_FAIL|WS_BT_EVAL_DOWNSIDE_FAIL|WS_BT_EVAL_STABILITY_FAIL,214,214,486,0.0004949563146383801,-0.0067260026066494946,-0.033437957500606456,0,-0.03946736922539572,0.38317757009345793
C07,WS_BT_GRID_DOWNSIDE_STABILITY_C07_2026_06,233b45b06cbf34da221d5d7de2d9725fdf4d3441,97,00_C05_BROAD_SAMPLE_REFERENCE_WITH_C07_OVERLAY,0,GATES_FAILED,WS_BT_EVAL_ROBUST_RETURN_FAIL|WS_BT_EVAL_DOWNSIDE_FAIL|WS_BT_EVAL_STABILITY_FAIL,765,765,500,-0.0034855559152310277,-0.009317621266100301,-0.035892022319408835,0.2222222222222222,-0.01999833840932215,0.36993464052287583
C07,WS_BT_GRID_DOWNSIDE_STABILITY_C07_2026_06,233b45b06cbf34da221d5d7de2d9725fdf4d3441,98,01_SHORT_TERM_RANGE_SECTOR_CORE,0,GATES_FAILED,WS_BT_EVAL_ROBUST_RETURN_FAIL|WS_BT_EVAL_DOWNSIDE_FAIL|WS_BT_EVAL_STABILITY_FAIL,968,968,506,-0.002933748974102712,-0.008046408716475328,-0.03672586406399356,0.20689655172413793,-0.01973346365800741,0.390495867768595
C07,WS_BT_GRID_DOWNSIDE_STABILITY_C07_2026_06,233b45b06cbf34da221d5d7de2d9725fdf4d3441,99,02_RANGE_POSITION_BALANCED,0,GATES_FAILED,WS_BT_EVAL_ROBUST_RETURN_FAIL|WS_BT_EVAL_DOWNSIDE_FAIL|WS_BT_EVAL_STABILITY_FAIL,988,988,507,-0.002861697580388746,-0.00782540436051395,-0.0348308934881373,0.2222222222222222,-0.01773730373453069,0.38461538461538464
C07,WS_BT_GRID_DOWNSIDE_STABILITY_C07_2026_06,233b45b06cbf34da221d5d7de2d9725fdf4d3441,100,03_SECTOR_RS_SAMPLE_RECOVERY,0,GATES_FAILED,WS_BT_EVAL_ROBUST_RETURN_FAIL|WS_BT_EVAL_DOWNSIDE_FAIL|WS_BT_EVAL_STABILITY_FAIL,1155,1155,508,-0.0033345742486039424,-0.008436699643449003,-0.03715196015814321,0.20588235294117646,-0.022807691531834727,0.3887445887445887
C07,WS_BT_GRID_DOWNSIDE_STABILITY_C07_2026_06,233b45b06cbf34da221d5d7de2d9725fdf4d3441,101,04_SHORT_TERM_ACCELERATION_LOW_ATR,0,GATES_FAILED,WS_BT_EVAL_ROBUST_RETURN_FAIL|WS_BT_EVAL_DOWNSIDE_FAIL|WS_BT_EVAL_STABILITY_FAIL,862,862,507,-0.003745867297416853,-0.008008397016176335,-0.034613263356176406,0.23333333333333334,-0.014688469590297817,0.3851508120649652
C07,WS_BT_GRID_DOWNSIDE_STABILITY_C07_2026_06,233b45b06cbf34da221d5d7de2d9725fdf4d3441,102,05_ANTI_REVERSAL_NOT_OVEREXTENDED,0,GATES_FAILED,WS_BT_EVAL_ROBUST_RETURN_FAIL|WS_BT_EVAL_DOWNSIDE_FAIL|WS_BT_EVAL_STABILITY_FAIL,1017,1017,507,-0.002499280446411909,-0.0069927968181772646,-0.0348308934881373,0.25,-0.015819110680879975,0.39036381514257623
C07,WS_BT_GRID_DOWNSIDE_STABILITY_C07_2026_06,233b45b06cbf34da221d5d7de2d9725fdf4d3441,103,06_BROAD_MONTHLY_STABILITY_WITH_FEATURES,0,GATES_FAILED,WS_BT_EVAL_ROBUST_RETURN_FAIL|WS_BT_EVAL_DOWNSIDE_FAIL|WS_BT_EVAL_STABILITY_FAIL,1286,1286,508,-0.004105880312308876,-0.010278977744097511,-0.038955480086408895,0.208955223880597,-0.02033241080494664,0.37558320373250387
C07,WS_BT_GRID_DOWNSIDE_STABILITY_C07_2026_06,233b45b06cbf34da221d5d7de2d9725fdf4d3441,104,07_MODERATE_DV20_FEATURE_OVERLAY,0,GATES_FAILED,WS_BT_EVAL_ROBUST_RETURN_FAIL|WS_BT_EVAL_DOWNSIDE_FAIL|WS_BT_EVAL_STABILITY_FAIL,992,992,507,-0.003298514015408707,-0.007960875696326596,-0.03551321872301999,0.17857142857142858,-0.02260304270344158,0.3840725806451613
C07,WS_BT_GRID_DOWNSIDE_STABILITY_C07_2026_06,233b45b06cbf34da221d5d7de2d9725fdf4d3441,105,08_VOLUME_CONTROL_FEATURE_OVERLAY,0,GATES_FAILED,WS_BT_EVAL_ROBUST_RETURN_FAIL|WS_BT_EVAL_DOWNSIDE_FAIL|WS_BT_EVAL_STABILITY_FAIL,983,983,507,-0.0033070211600989587,-0.007998753441022178,-0.03620584413287889,0.2,-0.02064805246215479,0.38657171922685657
C07,WS_BT_GRID_DOWNSIDE_STABILITY_C07_2026_06,233b45b06cbf34da221d5d7de2d9725fdf4d3441,106,09_LOW_ATR_RANGE_SECTOR,0,GATES_FAILED,WS_BT_EVAL_ROBUST_RETURN_FAIL|WS_BT_EVAL_DOWNSIDE_FAIL|WS_BT_EVAL_STABILITY_FAIL,986,986,507,-0.0034168341345592996,-0.007568693900748286,-0.03427570678008506,0.20588235294117646,-0.018239651634348188,0.3803245436105477
C07,WS_BT_GRID_DOWNSIDE_STABILITY_C07_2026_06,233b45b06cbf34da221d5d7de2d9725fdf4d3441,107,10_STRICT_FEATURE_CONFIRM,0,GATES_FAILED,WS_BT_EVAL_ROBUST_RETURN_FAIL|WS_BT_EVAL_DOWNSIDE_FAIL|WS_BT_EVAL_STABILITY_FAIL,728,728,502,-0.004035112927190492,-0.007979814568674387,-0.036054264532152665,0.18518518518518517,-0.020683173842619692,0.38461538461538464
C07,WS_BT_GRID_DOWNSIDE_STABILITY_C07_2026_06,233b45b06cbf34da221d5d7de2d9725fdf4d3441,108,11_SAMPLE_BACKFILL_FEATURE_CONFIRM,0,GATES_FAILED,WS_BT_EVAL_ROBUST_RETURN_FAIL|WS_BT_EVAL_DOWNSIDE_FAIL|WS_BT_EVAL_STABILITY_FAIL,1355,1355,508,-0.003987778511352118,-0.01011365343213338,-0.04015560419046331,0.23880597014925373,-0.014502864074211752,0.3859778597785978
C14,WS_BT_GRID_DOWNSIDE_STABILITY_C14_2026_06,079430de7c94fd0226d0f3b47d5eb1e9f906fd6a,109,00_C07_CORE_EXIT_NEARER_TARGET_REFERENCE,0,GATES_FAILED,WS_BT_EVAL_ROBUST_RETURN_FAIL|WS_BT_EVAL_STABILITY_FAIL,969,969,506,-0.004408992601955185,-0.008831923096179842,-0.028467960969721356,0.22727272727272727,-0.017474967246434336,0.45717234262125905
C14,WS_BT_GRID_DOWNSIDE_STABILITY_C14_2026_06,079430de7c94fd0226d0f3b47d5eb1e9f906fd6a,110,01_TIGHT_STOP_NEAR_TARGET_CORE,0,GATES_FAILED,WS_BT_EVAL_ROBUST_RETURN_FAIL|WS_BT_EVAL_STABILITY_FAIL,969,969,506,-0.004738207949897007,-0.01564765285207219,-0.02658291457286432,0.22727272727272727,-0.0152596528798551,0.4458204334365325
C14,WS_BT_GRID_DOWNSIDE_STABILITY_C14_2026_06,079430de7c94fd0226d0f3b47d5eb1e9f906fd6a,111,02_BALANCED_STOP_NEAR_TARGET_RANGE,0,GATES_FAILED,WS_BT_EVAL_ROBUST_RETURN_FAIL|WS_BT_EVAL_STABILITY_FAIL,990,990,507,-0.004126569573302651,-0.009109478233190173,-0.029272708982999697,0.2222222222222222,-0.019863553171213848,0.43333333333333335
C14,WS_BT_GRID_DOWNSIDE_STABILITY_C14_2026_06,079430de7c94fd0226d0f3b47d5eb1e9f906fd6a,112,03_LOW_ATR_NEAR_TARGET,0,GATES_FAILED,WS_BT_EVAL_ROBUST_RETURN_FAIL|WS_BT_EVAL_STABILITY_FAIL,862,862,507,-0.005215547315170638,-0.010729610162594029,-0.029248325331824948,0.23333333333333334,-0.01636652120772564,0.4176334106728538
C14,WS_BT_GRID_DOWNSIDE_STABILITY_C14_2026_06,079430de7c94fd0226d0f3b47d5eb1e9f906fd6a,113,04_ANTI_REVERSAL_TIGHT_RISK,0,GATES_FAILED,WS_BT_EVAL_ROBUST_RETURN_FAIL|WS_BT_EVAL_STABILITY_FAIL,1018,1018,507,-0.004273695817864737,-0.010547892947275105,-0.027893862343285836,0.2727272727272727,-0.014906569695705151,0.43418467583497056
C14,WS_BT_GRID_DOWNSIDE_STABILITY_C14_2026_06,079430de7c94fd0226d0f3b47d5eb1e9f906fd6a,114,05_CORE_ONE_R_TARGET,0,GATES_FAILED,WS_BT_EVAL_ROBUST_RETURN_FAIL|WS_BT_EVAL_DOWNSIDE_FAIL|WS_BT_EVAL_STABILITY_FAIL,969,969,506,-0.003621269949991718,-0.009760024148513357,-0.033103587060421595,0.2571428571428571,-0.017151143038167723,0.42208462332301344
C14,WS_BT_GRID_DOWNSIDE_STABILITY_C14_2026_06,079430de7c94fd0226d0f3b47d5eb1e9f906fd6a,115,06_RANGE_ONE_R_TARGET,0,GATES_FAILED,WS_BT_EVAL_ROBUST_RETURN_FAIL|WS_BT_EVAL_DOWNSIDE_FAIL|WS_BT_EVAL_STABILITY_FAIL,990,990,507,-0.0036630218725604985,-0.007960875696326596,-0.03288113462157284,0.25925925925925924,-0.018745938876033545,0.41818181818181815
C14,WS_BT_GRID_DOWNSIDE_STABILITY_C14_2026_06,079430de7c94fd0226d0f3b47d5eb1e9f906fd6a,116,07_LOW_ATR_ONE_R_TARGET,0,GATES_FAILED,WS_BT_EVAL_ROBUST_RETURN_FAIL|WS_BT_EVAL_DOWNSIDE_FAIL|WS_BT_EVAL_STABILITY_FAIL,987,987,507,-0.004195116894561016,-0.008074776841620165,-0.031014120667522464,0.17647058823529413,-0.01695553989580846,0.41033434650455924
C14,WS_BT_GRID_DOWNSIDE_STABILITY_C14_2026_06,079430de7c94fd0226d0f3b47d5eb1e9f906fd6a,117,08_STRICT_FEATURE_ONE_R_TARGET,0,GATES_FAILED,WS_BT_EVAL_ROBUST_RETURN_FAIL|WS_BT_EVAL_DOWNSIDE_FAIL|WS_BT_EVAL_STABILITY_FAIL,729,729,502,-0.00520355202949998,-0.007998753441022178,-0.03497735279315551,0.14814814814814814,-0.025674285322567863,0.40877914951989025
C14,WS_BT_GRID_DOWNSIDE_STABILITY_C14_2026_06,079430de7c94fd0226d0f3b47d5eb1e9f906fd6a,118,09_CORE_MODERATE_RR,0,GATES_FAILED,WS_BT_EVAL_ROBUST_RETURN_FAIL|WS_BT_EVAL_DOWNSIDE_FAIL|WS_BT_EVAL_STABILITY_FAIL,969,969,506,-0.003940920593225366,-0.00849787553111722,-0.035375211340876574,0.20689655172413793,-0.021957885987792854,0.4066047471620227
C14,WS_BT_GRID_DOWNSIDE_STABILITY_C14_2026_06,079430de7c94fd0226d0f3b47d5eb1e9f906fd6a,119,10_RANGE_MODERATE_RR,0,GATES_FAILED,WS_BT_EVAL_ROBUST_RETURN_FAIL|WS_BT_EVAL_DOWNSIDE_FAIL|WS_BT_EVAL_STABILITY_FAIL,990,990,507,-0.0035281578715643954,-0.006596530565259607,-0.03472661005549261,0.2222222222222222,-0.020432712462193407,0.402020202020202
C14,WS_BT_GRID_DOWNSIDE_STABILITY_C14_2026_06,079430de7c94fd0226d0f3b47d5eb1e9f906fd6a,120,11_SAMPLE_BACKFILL_NEAR_TARGET,0,GATES_FAILED,WS_BT_EVAL_ROBUST_RETURN_FAIL|WS_BT_EVAL_DOWNSIDE_FAIL|WS_BT_EVAL_STABILITY_FAIL,1359,1359,508,-0.003962314691606057,-0.0048475136461515345,-0.03466324150452846,0.3076923076923077,-0.014889007677643732,0.4628403237674761
