document_id,document_path,document_role,legacy_source_id,strategy_authority_id
MD-DOC-00001,README.md,NAVIGATION,,
MD-DOC-00002,START_HERE.md,NAVIGATION,,
MD-DOC-00003,authority/README.md,NAVIGATION,,
MD-DOC-00004,authority/governance/CHANGE_IMPACT_DECLARATION_STANDARD.md,GOVERNANCE,,
MD-DOC-00005,authority/governance/CURRENT_STATE_SUMMARY_STANDARD.md,GOVERNANCE,,
MD-DOC-00006,authority/governance/CURRENT_VERIFICATION_EPOCH.json,REGISTRY,,
MD-DOC-00007,authority/governance/CURRENT_VERIFICATION_REBASELINE_STANDARD.md,GOVERNANCE,,
MD-DOC-00008,authority/governance/CURRENT_VERIFICATION_REGISTRY.csv,REGISTRY,,
MD-DOC-00009,authority/governance/DEPENDENCY_REGISTRY_STANDARD.md,GOVERNANCE,,
MD-DOC-00010,authority/governance/DOCUMENTATION_ARCHITECTURE.md,GOVERNANCE,,
MD-DOC-00011,authority/governance/DOCUMENT_CHANGE_LOG.md,GOVERNANCE,,
MD-DOC-00012,authority/governance/DOCUMENT_CHANGE_POLICY.md,GOVERNANCE,,
MD-DOC-00013,authority/governance/DOCUMENT_ID_REGISTRY.csv,REGISTRY,,
MD-DOC-00014,authority/governance/DOCUMENT_INTEGRITY_EXCEPTION_REGISTRY.json,REGISTRY,,
MD-DOC-00015,authority/governance/DOCUMENT_INTEGRITY_GATE_STANDARD.md,GOVERNANCE,,
MD-DOC-00016,authority/governance/DOCUMENT_RECORDING_STANDARD.md,GOVERNANCE,,
MD-DOC-00017,authority/governance/DOCUMENT_ROLE_REGISTRY.csv,REGISTRY,,
MD-DOC-00018,authority/governance/IMPLEMENTATION_RESIDUE_AND_CONFORMANCE_STANDARD.md,GOVERNANCE,,
MD-DOC-00019,authority/governance/LAYER_ACTIVATION_RULE.md,GOVERNANCE,,
MD-DOC-00020,authority/governance/LEGACY_DOCUMENT_NORMALIZATION_STANDARD.md,GOVERNANCE,,
MD-DOC-00021,authority/governance/LINK_INTEGRITY_CHECK_LOCKED.md,GOVERNANCE,,
MD-DOC-00022,authority/governance/MARKET_DATA_CHANGE_IMPACT_MATRIX.md,GOVERNANCE,,
MD-DOC-00023,authority/governance/MARKET_DATA_DOCUMENT_AUTHORITY.md,GOVERNANCE,,
MD-DOC-00024,authority/governance/MARKET_DATA_OWNER_MATRIX.md,GOVERNANCE,,
MD-DOC-00025,authority/governance/MARKET_DATA_STRATEGY_AUTHORITY_REGISTRY.csv,REGISTRY,,
MD-DOC-00026,authority/governance/MARKET_DATA_STRATEGY_FREEZE_MANIFEST.json,REGISTRY,,
MD-DOC-00027,authority/governance/ONE_DOCUMENT_ONE_AUTHORITATIVE_ROLE_STANDARD.md,GOVERNANCE,,
MD-DOC-00028,authority/governance/README.md,NAVIGATION,,
MD-DOC-00029,authority/governance/STAGE_CLOSURE_MANIFEST_STANDARD.md,GOVERNANCE,,
MD-DOC-00030,authority/governance/STAGE_EXECUTION_AND_REWORK_STANDARD.md,GOVERNANCE,,
MD-DOC-00031,authority/governance/STRATEGY_IMPLEMENTATION_TRACEABILITY_STANDARD.md,GOVERNANCE,,
MD-DOC-00032,authority/governance/STRATEGY_TO_IMPLEMENTATION_COVERAGE_BASELINE.json,REGISTRY,,
MD-DOC-00033,authority/governance/STRATEGY_TO_IMPLEMENTATION_TRACEABILITY_MATRIX.csv,REGISTRY,,
MD-DOC-00034,authority/governance/WORK_BASELINE_LOCK_STANDARD.md,GOVERNANCE,,
MD-DOC-00035,authority/governance/WORK_CORRELATION_AND_RECORD_REGISTRY_STANDARD.md,GOVERNANCE,,
MD-DOC-00036,authority/governance/audit/AUDIT_UPDATE_GOVERNANCE.md,GOVERNANCE,,
MD-DOC-00037,authority/governance/audit/IMPL_MARKET_DATA_IMPLEMENTATION_AUDIT_FOUNDATION.md,GOVERNANCE,,
MD-DOC-00038,authority/governance/audit/IMPL_MARKET_DATA_IMPLEMENTATION_CHECKLIST_FINAL.md,GOVERNANCE,,
MD-DOC-00039,authority/governance/audit/IMPL_MARKET_DATA_IMPLEMENTATION_PROMPT_STANDARD.md,GOVERNANCE,,
MD-DOC-00040,authority/governance/audit/IMPL_MARKET_DATA_LAYER_C_APPLICABILITY_RULE.md,GOVERNANCE,,
MD-DOC-00041,authority/governance/audit/MARKET_DATA_AUDIT_CHECKLIST_FINAL.md,GOVERNANCE,,
MD-DOC-00042,authority/governance/audit/MARKET_DATA_AUDIT_FOUNDATION.md,GOVERNANCE,,
MD-DOC-00043,authority/governance/audit/MARKET_DATA_AUDIT_PROMPT_STANDARD.md,GOVERNANCE,,
MD-DOC-00044,authority/governance/audit/MARKET_DATA_AUDIT_SHORT.md,GOVERNANCE,,
MD-DOC-00045,authority/governance/audit/README.md,GOVERNANCE,,
MD-DOC-00046,authority/strategy/MARKET_DATA_PLATFORM_EOD_BASELINE.md,STRATEGY,LS-MD-0214,MD-S001
MD-DOC-00047,authority/strategy/README.md,NAVIGATION,,
MD-DOC-00048,authority/strategy/backtest/Backtest_Metrics_and_Acceptance_Criteria_LOCKED.md,STRATEGY,LS-MD-0054,MD-S002
MD-DOC-00049,authority/strategy/backtest/Historical_Replay_and_Data_Quality_Backtest.md,STRATEGY,LS-MD-0055,MD-S003
MD-DOC-00050,authority/strategy/backtest/Point_In_Time_Backtest_Input_Contract_LOCKED.md,STRATEGY,LS-MD-0056,MD-S004
MD-DOC-00051,authority/strategy/book/Audit_Hash_and_Reproducibility_Contract_LOCKED.md,STRATEGY,LS-MD-0058,MD-S005
MD-DOC-00052,authority/strategy/book/CONSUMER_READ_CONTRACT_LOCKED.md,STRATEGY,LS-MD-0061,MD-S006
MD-DOC-00053,authority/strategy/book/Canonical_Row_History_and_Versioning_Policy_LOCKED.md,STRATEGY,LS-MD-0059,MD-S007
MD-DOC-00054,authority/strategy/book/Canonicalization_Contract_EOD_Bars.md,STRATEGY,LS-MD-0060,MD-S008
MD-DOC-00055,authority/strategy/book/Consumer_Readability_Decision_Table_LOCKED.md,STRATEGY,LS-MD-0062,MD-S009
MD-DOC-00056,authority/strategy/book/Corporate_Action_Impact_Flags_Contract.md,STRATEGY,LS-MD-0065,MD-S010
MD-DOC-00057,authority/strategy/book/Corporate_Action_and_Adjustment_Policy.md,STRATEGY,LS-MD-0063,MD-S011
MD-DOC-00058,authority/strategy/book/Corporate_Action_and_Adjustment_Policy_Selected_Defaults_LOCKED.md,STRATEGY,LS-MD-0064,MD-S012
MD-DOC-00059,authority/strategy/book/Correction_Lifecycle_Safety_Contract.md,STRATEGY,LS-MD-0066,MD-S013
MD-DOC-00060,authority/strategy/book/Coverage_Edge_Cases_Contract_LOCKED.md,STRATEGY,LS-MD-0067,MD-S014
MD-DOC-00061,authority/strategy/book/Coverage_Gate_Enforcement_Contract_LOCKED.md,STRATEGY,LS-MD-0068,MD-S015
MD-DOC-00062,authority/strategy/book/Coverage_Universe_Definition_LOCKED.md,STRATEGY,LS-MD-0069,MD-S016
MD-DOC-00063,authority/strategy/book/Current_Indicator_Recompute_Command_Contract.md,STRATEGY,LS-MD-0070,MD-S017
MD-DOC-00064,authority/strategy/book/Dataset_Seal_and_Freeze_Contract_LOCKED.md,STRATEGY,LS-MD-0071,MD-S018
MD-DOC-00065,authority/strategy/book/Determinism_Invariants_LOCKED.md,STRATEGY,LS-MD-0072,MD-S019
MD-DOC-00066,authority/strategy/book/Domain_Boundary_Invariants_LOCKED.md,STRATEGY,LS-MD-0073,MD-S020
MD-DOC-00067,authority/strategy/book/Downstream_Consumer_Read_Model_Contract_LOCKED.md,STRATEGY,LS-MD-0074,MD-S021
MD-DOC-00068,authority/strategy/book/Downstream_Data_Readiness_Guarantee_LOCKED.md,STRATEGY,LS-MD-0075,MD-S022
MD-DOC-00069,authority/strategy/book/EOD_Bars_Contract.md,STRATEGY,LS-MD-0078,MD-S023
MD-DOC-00070,authority/strategy/book/EOD_COVERAGE_GATE_CONTRACT_LOCKED.md,STRATEGY,LS-MD-0079,MD-S024
MD-DOC-00071,authority/strategy/book/EOD_Cutoff_and_Finalization_Contract_LOCKED.md,STRATEGY,LS-MD-0080,MD-S025
MD-DOC-00072,authority/strategy/book/EOD_Data_Retention_and_History_Rewrite_Policy_LOCKED.md,STRATEGY,LS-MD-0081,MD-S026
MD-DOC-00073,authority/strategy/book/EOD_Eligibility_Snapshot_Contract_LOCKED.md,STRATEGY,LS-MD-0082,MD-S027
MD-DOC-00074,authority/strategy/book/EOD_Indicators_Contract.md,STRATEGY,LS-MD-0083,MD-S028
MD-DOC-00075,authority/strategy/book/EOD_SOURCE_OPERATIONAL_RESILIENCE_CONTRACT_LOCKED.md,STRATEGY,LS-MD-0084,MD-S029
MD-DOC-00076,authority/strategy/book/Effective_Trade_Date_Contract_LOCKED.md,STRATEGY,LS-MD-0076,MD-S030
MD-DOC-00077,authority/strategy/book/Eligibility_Partial_Data_Behavior_LOCKED.md,STRATEGY,LS-MD-0077,MD-S031
MD-DOC-00078,authority/strategy/book/Finalize_Lock_And_Pointer_Behavior_LOCKED.md,STRATEGY,LS-MD-0085,MD-S032
MD-DOC-00079,authority/strategy/book/Force_Replace_Operator_Control_Policy_LOCKED.md,STRATEGY,LS-MD-0086,MD-S033
MD-DOC-00080,authority/strategy/book/Hash_Number_Formatting_LOCKED.md,STRATEGY,LS-MD-0087,MD-S034
MD-DOC-00081,authority/strategy/book/Historical_Correction_and_Reseal_Contract_LOCKED.md,STRATEGY,LS-MD-0088,MD-S035
MD-DOC-00082,authority/strategy/book/Import_Promote_Separation_Contract.md,STRATEGY,LS-MD-0089,MD-S036
MD-DOC-00083,authority/strategy/book/Indicator_Nullability_And_OHLCV_Gap_Contract.md,STRATEGY,LS-MD-0091,MD-S037
MD-DOC-00084,authority/strategy/book/Indicator_Recompute_Source_Scope_Contract.md,STRATEGY,LS-MD-0092,MD-S038
MD-DOC-00085,authority/strategy/book/Invalid_Bar_Storage_Policy_LOCKED.md,STRATEGY,LS-MD-0093,MD-S039
MD-DOC-00086,authority/strategy/book/Manual_File_Publishability_Policy_LOCKED.md,STRATEGY,LS-MD-0094,MD-S040
MD-DOC-00087,authority/strategy/book/Market_Calendar_Requirements_Contract.md,STRATEGY,LS-MD-0095,MD-S041
MD-DOC-00088,authority/strategy/book/Market_Daily_Metrics_Contract.md,STRATEGY,LS-MD-0096,MD-S042
MD-DOC-00089,authority/strategy/book/Publication_Current_Pointer_Integrity_Contract_LOCKED.md,STRATEGY,LS-MD-0100,MD-S043
MD-DOC-00090,authority/strategy/book/Publication_Lock_And_Replacement_Policy_LOCKED.md,STRATEGY,LS-MD-0101,MD-S044
MD-DOC-00091,authority/strategy/book/Publication_Manifest_Contract_LOCKED.md,STRATEGY,LS-MD-0102,MD-S045
MD-DOC-00092,authority/strategy/book/Publication_Traceability_Immutability_Lineage_LOCKED.md,STRATEGY,LS-MD-0103,MD-S046
MD-DOC-00093,authority/strategy/book/Publishability_Coverage_Fallback_Cross_Consistency_Contract_LOCKED.md,STRATEGY,LS-MD-0104,MD-S047
MD-DOC-00094,authority/strategy/book/Publishability_State_Integrity_Contract_LOCKED.md,STRATEGY,LS-MD-0105,MD-S048
MD-DOC-00095,authority/strategy/book/Read_Side_Enforcement_Anti_Bypass_Contract_LOCKED.md,STRATEGY,LS-MD-0106,MD-S049
MD-DOC-00096,authority/strategy/book/Replay_Verification_Contract_LOCKED.md,STRATEGY,LS-MD-0107,MD-S050
MD-DOC-00097,authority/strategy/book/Run_Status_and_Quality_Gates_LOCKED.md,STRATEGY,LS-MD-0108,MD-S051
MD-DOC-00098,authority/strategy/book/Sector_Classification_Contract_LOCKED.md,STRATEGY,LS-MD-0109,MD-S052
MD-DOC-00099,authority/strategy/book/Source_Data_Acquisition_Contract_LOCKED.md,STRATEGY,LS-MD-0110,MD-S053
MD-DOC-00100,authority/strategy/book/Source_Mapping_Contract_LOCKED.md,STRATEGY,LS-MD-0111,MD-S054
MD-DOC-00101,authority/strategy/book/Symbol_Lifecycle_and_Mapping_Contract.md,STRATEGY,LS-MD-0112,MD-S055
MD-DOC-00102,authority/strategy/book/Terminology_and_Scope.md,STRATEGY,LS-MD-0113,MD-S056
MD-DOC-00103,authority/strategy/book/Tickers_and_Identity_Dependency_Contract_LOCKED.md,STRATEGY,LS-MD-0114,MD-S057
MD-DOC-00104,authority/strategy/book/Trading_Status_Source_Contract_LOCKED.md,STRATEGY,LS-MD-0115,MD-S058
MD-DOC-00105,authority/strategy/book/Yahoo_Finance_Bootstrap_Source_Strategy.md,STRATEGY,LS-MD-0116,MD-S059
MD-DOC-00106,authority/strategy/indicators/EOD_Indicators_Formula_Spec.md,STRATEGY,LS-MD-0168,MD-S060
MD-DOC-00107,authority/strategy/indicators/Indicator_Computation_Specification.md,STRATEGY,LS-MD-0169,MD-S061
MD-DOC-00108,authority/strategy/ops/Archived_Actual_Execution_Evidence_Contract_LOCKED.md,STRATEGY,LS-MD-0170,MD-S062
MD-DOC-00109,authority/strategy/ops/Audit_Evidence_Pack_Contract_LOCKED.md,STRATEGY,LS-MD-0171,MD-S063
MD-DOC-00110,authority/strategy/ops/Commands_and_Runbook_LOCKED.md,STRATEGY,LS-MD-0184,MD-S064
MD-DOC-00111,authority/strategy/ops/Config_Change_Protocol_LOCKED.md,STRATEGY,LS-MD-0185,MD-S065
MD-DOC-00112,authority/strategy/ops/Credentials_and_Secrets_Contract.md,STRATEGY,LS-MD-0186,MD-S066
MD-DOC-00113,authority/strategy/ops/Error_Taxonomy_and_Run_Status_Decision_Table_LOCKED.md,STRATEGY,LS-MD-0188,MD-S067
MD-DOC-00114,authority/strategy/ops/Executed_Run_Admission_Criteria_LOCKED.md,STRATEGY,LS-MD-0189,MD-S068
MD-DOC-00115,authority/strategy/ops/Incident_Classification_and_Response_Matrix_LOCKED.md,STRATEGY,LS-MD-0194,MD-S069
MD-DOC-00116,authority/strategy/ops/Observability_Minimum_Contract_LOCKED.md,STRATEGY,LS-MD-0198,MD-S070
MD-DOC-00117,authority/strategy/ops/Operator_Decision_Trees_LOCKED.md,STRATEGY,LS-MD-0200,MD-S071
MD-DOC-00118,authority/strategy/ops/Performance_SLO_and_Limits_LOCKED.md,STRATEGY,LS-MD-0202,MD-S072
MD-DOC-00119,authority/strategy/ops/Release_Gates_LOCKED.md,STRATEGY,LS-MD-0203,MD-S073
MD-DOC-00120,authority/strategy/ops/Resumable_Backfill_Contract_LOCKED.md,STRATEGY,LS-MD-0204,MD-S074
MD-DOC-00121,authority/strategy/ops/Run_Artifacts_Format_LOCKED.md,STRATEGY,LS-MD-0205,MD-S075
MD-DOC-00122,authority/strategy/ops/Run_Execution_Evidence_Pack_Contract_LOCKED.md,STRATEGY,LS-MD-0206,MD-S076
MD-DOC-00123,authority/strategy/ops/Run_Ownership_and_Recovery_LOCKED.md,STRATEGY,LS-MD-0207,MD-S077
MD-DOC-00124,authority/strategy/ops/Scheduling_and_Locking_Contract_LOCKED.md,STRATEGY,LS-MD-0209,MD-S078
MD-DOC-00125,authority/strategy/registry/Corporate_Action_Type_Registry_LOCKED.md,STRATEGY,LS-MD-0215,MD-S079
MD-DOC-00126,authority/strategy/registry/Exchange_Market_Structure_Facts_LOCKED.md,STRATEGY,LS-MD-0216,MD-S080
MD-DOC-00127,authority/strategy/registry/Indicator_Registry_Baseline_LOCKED.md,STRATEGY,LS-MD-0217,MD-S081
MD-DOC-00128,authority/strategy/registry/Platform_Config_Registry_LOCKED.md,STRATEGY,LS-MD-0218,MD-S082
MD-DOC-00129,authority/strategy/registry/Price_Adjustment_Contract_LOCKED.md,STRATEGY,LS-MD-0219,MD-S083
MD-DOC-00130,authority/strategy/registry/Price_Scale_Break_Detection_LOCKED.md,STRATEGY,LS-MD-0220,MD-S084
MD-DOC-00131,authority/strategy/registry/Reason_Codes_Registry.md,STRATEGY,LS-MD-0221,MD-S085
MD-DOC-00132,authority/strategy/registry/Volume_and_Turnover_Normalization_LOCKED.md,STRATEGY,LS-MD-0223,MD-S086
MD-DOC-00133,authority/strategy/session_snapshot/Session_Snapshot_Contract_LOCKED.md,STRATEGY,LS-MD-0224,MD-S087
MD-DOC-00134,authority/strategy/session_snapshot/Session_Snapshot_Date_Alignment_with_Effective_Date_LOCKED.md,STRATEGY,LS-MD-0225,MD-S088
MD-DOC-00135,authority/strategy/session_snapshot/Session_Snapshot_Retention_Defaults_LOCKED.md,STRATEGY,LS-MD-0226,MD-S089
MD-DOC-00136,authority/strategy/session_snapshot/Session_Snapshot_Scope_Selection_and_Dependencies_LOCKED.md,STRATEGY,LS-MD-0227,MD-S090
MD-DOC-00137,authority/strategy/session_snapshot/Snapshot_Slot_Tolerances_and_Session_Rules_LOCKED.md,STRATEGY,LS-MD-0228,MD-S091
MD-DOC-00138,development/README.md,NAVIGATION,,
MD-DOC-00139,development/findings/F-MD-20260820-01_ARCHITECTURE_NORMALIZATION.md,FINDING,,
MD-DOC-00338,development/findings/F-MD-20260820-02_LEGACY_COMPOSITE_ROLE_GAP.md,FINDING,,
MD-DOC-00140,development/findings/README.md,NAVIGATION,,
MD-DOC-00141,development/implementation/CURRENT_STATE.md,STATUS_LEDGER,,
MD-DOC-00142,development/implementation/MD_DEPENDENCY_REGISTRY.csv,REGISTRY,,
MD-DOC-00143,development/implementation/MD_IMPLEMENTATION_BUILD_SEQUENCE.md,IMPLEMENTATION_GUIDANCE,,
MD-DOC-00144,development/implementation/MD_IMPLEMENTATION_STAGE_REGISTER.md,STATUS_LEDGER,,
MD-DOC-00145,development/implementation/README.md,NAVIGATION,,
MD-DOC-00146,development/implementation/STRATEGY_ALIGNMENT_REQUIRED.md,IMPLEMENTATION_GUIDANCE,,
MD-DOC-00147,development/implementation/db/DB_FIELDS_AND_METADATA.md,IMPLEMENTATION_DB,LS-MD-0119,
MD-DOC-00148,development/implementation/db/DB_Schema_And_Migration_Sync_Contract_LOCKED.md,IMPLEMENTATION_DB,LS-MD-0120,
MD-DOC-00149,development/implementation/db/Database_Schema_Contracts_MariaDB.md,IMPLEMENTATION_DB,LS-MD-0117,
MD-DOC-00150,development/implementation/db/Database_Schema_MariaDB.sql,IMPLEMENTATION_DB,LS-MD-0118,
MD-DOC-00151,development/implementation/db/EOD_Current_Publication_Pointer_Table.sql,IMPLEMENTATION_DB,LS-MD-0121,
MD-DOC-00152,development/implementation/db/EOD_Publications_Table.sql,IMPLEMENTATION_DB,LS-MD-0122,
MD-DOC-00153,development/implementation/db/Indices_and_Constraints_Contract_LOCKED.md,IMPLEMENTATION_DB,LS-MD-0123,
MD-DOC-00154,development/implementation/db/MARKET_DATA_DICTIONARY.md,IMPLEMENTATION_DB,LS-MD-0124,
MD-DOC-00155,development/implementation/db/Migration_Policy_LOCKED.md,IMPLEMENTATION_DB,LS-MD-0125,
MD-DOC-00156,development/implementation/db/Optional_Fetch_Failures_Table.md,IMPLEMENTATION_DB,LS-MD-0127,
MD-DOC-00157,development/implementation/db/Optional_Fetch_Failures_Table.sql,IMPLEMENTATION_DB,LS-MD-0128,
MD-DOC-00158,development/implementation/db/Publication_Current_Pointer_Switch_Procedure_LOCKED.sql,IMPLEMENTATION_DB,LS-MD-0129,
MD-DOC-00159,development/implementation/db/Publication_Switch_Procedure_LOCKED.sql,IMPLEMENTATION_DB,LS-MD-0130,
MD-DOC-00160,development/implementation/db/README.md,IMPLEMENTATION_DB,LS-MD-0131,
MD-DOC-00161,development/implementation/db/Schema_Enforcement_Notes_LOCKED.md,IMPLEMENTATION_DB,LS-MD-0132,
MD-DOC-00162,development/implementation/db/backtest/Replay_Results_Schema_MariaDB.sql,IMPLEMENTATION_DB,LS-MD-0057,
MD-DOC-00163,development/implementation/db/migrations/.gitkeep,IMPLEMENTATION_DB,LS-MD-0126,
MD-DOC-00164,development/implementation/db/registry/Reason_Codes_Seed.sql,IMPLEMENTATION_DB,LS-MD-0222,
MD-DOC-00165,development/implementation/examples/MD_CHANGE_IMPACT_DECLARATION_TEMPLATE.md,IMPLEMENTATION_EXAMPLE,,
MD-DOC-00166,development/implementation/examples/MD_STAGE_ATTEMPT_RECORD_TEMPLATE.md,IMPLEMENTATION_EXAMPLE,,
MD-DOC-00167,development/implementation/examples/MD_STAGE_CLOSURE_MANIFEST_TEMPLATE.md,IMPLEMENTATION_EXAMPLE,,
MD-DOC-00168,development/implementation/examples/WORK_BASELINE_LOCK_TEMPLATE.json,IMPLEMENTATION_EXAMPLE,,
MD-DOC-00169,development/implementation/examples/legacy/ARCHIVED_EVIDENCE_FOLDER_STRUCTURE_LOCKED.md,IMPLEMENTATION_EXAMPLE,LS-MD-0161,
MD-DOC-00170,development/implementation/examples/legacy/Executed_Correction_Diff_Example_LOCKED.md,IMPLEMENTATION_EXAMPLE,LS-MD-0162,
MD-DOC-00171,development/implementation/examples/legacy/Executed_Publication_Manifest_Example_LOCKED.md,IMPLEMENTATION_EXAMPLE,LS-MD-0163,
MD-DOC-00172,development/implementation/examples/legacy/Executed_Replay_Evidence_Example_LOCKED.md,IMPLEMENTATION_EXAMPLE,LS-MD-0164,
MD-DOC-00173,development/implementation/examples/legacy/Executed_Run_Evidence_Bundle_Example_LOCKED.md,IMPLEMENTATION_EXAMPLE,LS-MD-0165,
MD-DOC-00174,development/implementation/examples/legacy/Executed_Test_Run_Example_LOCKED.md,IMPLEMENTATION_EXAMPLE,LS-MD-0166,
MD-DOC-00175,development/implementation/examples/legacy/README.md,IMPLEMENTATION_EXAMPLE,LS-MD-0167,
MD-DOC-00176,development/implementation/guides/system/README.md,IMPLEMENTATION_GUIDANCE,LS-MD-0229,
MD-DOC-00177,development/implementation/guides/system/SYSTEM_ARTIFACT_MAP.md,IMPLEMENTATION_GUIDANCE,LS-MD-0230,
MD-DOC-00178,development/implementation/guides/system/SYSTEM_BOUNDARY.md,IMPLEMENTATION_GUIDANCE,LS-MD-0231,
MD-DOC-00179,development/implementation/guides/system/SYSTEM_CONTEXT_AND_DEPENDENCIES.md,IMPLEMENTATION_GUIDANCE,LS-MD-0232,
MD-DOC-00180,development/implementation/guides/system/SYSTEM_DATA_PRODUCT_MAP.md,IMPLEMENTATION_GUIDANCE,LS-MD-0233,
MD-DOC-00181,development/implementation/guides/system/SYSTEM_OVERVIEW.md,IMPLEMENTATION_GUIDANCE,LS-MD-0234,
MD-DOC-00182,development/implementation/guides/system/SYSTEM_OWNERSHIP_MAP.md,IMPLEMENTATION_GUIDANCE,LS-MD-0235,
MD-DOC-00183,development/implementation/guides/system/SYSTEM_PUBLICATION_AND_CORRECTION_OVERVIEW.md,IMPLEMENTATION_GUIDANCE,LS-MD-0236,
MD-DOC-00184,development/implementation/guides/system/SYSTEM_READ_ORDER.md,IMPLEMENTATION_GUIDANCE,LS-MD-0237,
MD-DOC-00185,development/implementation/guides/system/SYSTEM_RUNTIME_FLOW.md,IMPLEMENTATION_GUIDANCE,LS-MD-0238,
MD-DOC-00186,development/implementation/ops/Audit_Query_Cookbook_LOCKED.md,IMPLEMENTATION_GUIDANCE,LS-MD-0172,
MD-DOC-00187,development/implementation/ops/Bootstrap_and_Backfill_Runbook_LOCKED.md,IMPLEMENTATION_GUIDANCE,LS-MD-0173,
MD-DOC-00189,development/implementation/ops/Daily_Pipeline_Execution_and_Sealing_Runbook_LOCKED.md,IMPLEMENTATION_GUIDANCE,LS-MD-0187,
MD-DOC-00190,development/implementation/ops/Failure_Playbook_LOCKED.md,IMPLEMENTATION_GUIDANCE,LS-MD-0190,
MD-DOC-00191,development/implementation/ops/Historical_Correction_Runbook_LOCKED.md,IMPLEMENTATION_GUIDANCE,LS-MD-0191,
MD-DOC-00192,development/implementation/ops/History_Table_Immutability_Guards_LOCKED.sql,IMPLEMENTATION_GUIDANCE,LS-MD-0192,
MD-DOC-00193,development/implementation/ops/IMPLEMENTATION_GUIDE.md,IMPLEMENTATION_GUIDANCE,LS-MD-0193,
MD-DOC-00195,development/implementation/ops/Locking_Implementation_Standard_LOCKED.md,IMPLEMENTATION_GUIDANCE,LS-MD-0195,
MD-DOC-00196,development/implementation/ops/Logging_Schema_JSON_LOCKED.md,IMPLEMENTATION_GUIDANCE,LS-MD-0196,
MD-DOC-00197,development/implementation/ops/OPERATIONAL_RUNBOOK.md,IMPLEMENTATION_GUIDANCE,LS-MD-0199,
MD-DOC-00200,development/implementation/ops/commands/01_DAILY_PIPELINE.md,IMPLEMENTATION_GUIDANCE,LS-MD-0175,
MD-DOC-00201,development/implementation/ops/commands/02_IMPORT_DATA.md,IMPLEMENTATION_GUIDANCE,LS-MD-0176,
MD-DOC-00202,development/implementation/ops/commands/03_PROCESS_DATASET.md,IMPLEMENTATION_GUIDANCE,LS-MD-0177,
MD-DOC-00203,development/implementation/ops/commands/04_FINALIZE_AND_PUBLISH.md,IMPLEMENTATION_GUIDANCE,LS-MD-0178,
MD-DOC-00205,development/implementation/ops/commands/06_CORRECTION.md,IMPLEMENTATION_GUIDANCE,LS-MD-0180,
MD-DOC-00206,development/implementation/ops/commands/07_REPLAY_AND_EVIDENCE.md,IMPLEMENTATION_GUIDANCE,LS-MD-0181,
MD-DOC-00207,development/implementation/ops/commands/08_SESSION_SNAPSHOT.md,IMPLEMENTATION_GUIDANCE,LS-MD-0182,
MD-DOC-00208,development/implementation/ops/commands/README.md,IMPLEMENTATION_GUIDANCE,LS-MD-0183,
MD-DOC-00209,development/implementation/tests/CreateMarketDataWorkBaselineLock.php,IMPLEMENTATION_TEST,,
MD-DOC-00210,development/implementation/tests/GenerateMarketDataCurrentState.php,IMPLEMENTATION_TEST,,
MD-DOC-00211,development/implementation/tests/MarketDataDocumentationIntegrityGate.php,IMPLEMENTATION_TEST,,
MD-DOC-00212,development/implementation/tests/MarketDataRelationshipIntegrityGate.php,IMPLEMENTATION_TEST,,
MD-DOC-00213,development/implementation/tests/MarketDataRelationshipIntegrityGateSelfTest.php,IMPLEMENTATION_TEST,,
MD-DOC-00214,development/implementation/tests/README.md,IMPLEMENTATION_TEST,,
MD-DOC-00215,development/implementation/tests/RegisterMarketDataWorkRecord.php,IMPLEMENTATION_TEST,,
MD-DOC-00216,development/implementation/tests/RegisterMarketDataWorkRelationship.php,IMPLEMENTATION_TEST,,
MD-DOC-00218,development/implementation/tests/specs/Contract_Test_Matrix_LOCKED.md,IMPLEMENTATION_TEST,LS-MD-0240,
MD-DOC-00220,development/implementation/tests/specs/Correction_Lifecycle_Safety_Test_Matrix.md,IMPLEMENTATION_TEST,LS-MD-0242,
MD-DOC-00222,development/implementation/tests/specs/Executed_Proof_Admission_Criteria_LOCKED.md,IMPLEMENTATION_TEST,LS-MD-0244,
MD-DOC-00223,development/implementation/tests/specs/Fixture_Package_Manifest_LOCKED.md,IMPLEMENTATION_TEST,LS-MD-0245,
MD-DOC-00225,development/implementation/tests/specs/Golden_Fixture_Examples_LOCKED.md,IMPLEMENTATION_TEST,LS-MD-0247,
MD-DOC-00226,development/implementation/tests/specs/Golden_Fixtures_Specification.md,IMPLEMENTATION_TEST,LS-MD-0248,
MD-DOC-00227,development/implementation/tests/specs/Indicator_Expected_Output_Oracle_LOCKED.md,IMPLEMENTATION_TEST,LS-MD-0249,
MD-DOC-00228,development/implementation/tests/specs/Indicator_Test_Vectors_LOCKED.md,IMPLEMENTATION_TEST,LS-MD-0250,
MD-DOC-00229,development/implementation/tests/specs/Negative_Test_Catalog_LOCKED.md,IMPLEMENTATION_TEST,LS-MD-0251,
MD-DOC-00231,development/implementation/tests/specs/README.md,IMPLEMENTATION_TEST,LS-MD-0253,
MD-DOC-00232,development/implementation/tests/specs/Test_Coverage_Closure_Contract_LOCKED.md,IMPLEMENTATION_TEST,LS-MD-0254,
MD-DOC-00233,development/implementation/tests/specs/Test_Implementation_Guidance_LOCKED.md,IMPLEMENTATION_TEST,LS-MD-0255,
MD-DOC-00234,development/research/README.md,NAVIGATION,,
MD-DOC-00235,records/README.md,NAVIGATION,,
MD-DOC-00236,records/WORK_RECORD_REGISTRY.csv,REGISTRY,,
MD-DOC-00237,records/WORK_RELATIONSHIP_REGISTRY.csv,REGISTRY,,
MD-DOC-00238,records/decisions/D-MD-20260820-01_ARCHITECTURE_AND_REBASELINE_ADOPTION.md,DECISION,,
MD-DOC-00339,records/decisions/D-MD-20260820-02_LEGACY_COMPOSITE_NORMALIZATION_ADOPTION.md,DECISION,,
MD-DOC-00239,records/decisions/README.md,NAVIGATION,,
MD-DOC-00340,records/decisions/legacy/LX-MD-0003-DEC-01_AUDIT_DOCS_SYNCHRONIZATION_INVENTORY.md,DECISION,LS-MD-0003,
MD-DOC-00341,records/decisions/legacy/LX-MD-0004-DEC-01_AUDIT_DOCS_SYNCHRONIZATION_POST_SESSION_1_8_INVE.md,DECISION,LS-MD-0004,
MD-DOC-00342,records/decisions/legacy/LX-MD-0019-DEC-01_CONFIG_ENV_GOVERNANCE_CLEANUP_INVENTORY.md,DECISION,LS-MD-0019,
MD-DOC-00343,records/decisions/legacy/LX-MD-0019-DEC-02_CONFIG_ENV_GOVERNANCE_CLEANUP_INVENTORY.md,DECISION,LS-MD-0019,
MD-DOC-00344,records/decisions/legacy/LX-MD-0020-DEC-01_CORRECTION_LIFECYCLE_HARDENING_INVENTORY.md,DECISION,LS-MD-0020,
MD-DOC-00345,records/decisions/legacy/LX-MD-0022-DEC-01_DB_INTEGRITY_FK_IMPLICIT_INTEGRITY_DECISION_INVE.md,DECISION,LS-MD-0022,
MD-DOC-00346,records/decisions/legacy/LX-MD-0022-DEC-02_DB_INTEGRITY_FK_IMPLICIT_INTEGRITY_DECISION_INVE.md,DECISION,LS-MD-0022,
MD-DOC-00347,records/decisions/legacy/LX-MD-0022-DEC-03_DB_INTEGRITY_FK_IMPLICIT_INTEGRITY_DECISION_INVE.md,DECISION,LS-MD-0022,
MD-DOC-00348,records/decisions/legacy/LX-MD-0024-DEC-01_EVIDENCE_EXPORT_RUNTIME_PROOF_INVENTORY.md,DECISION,LS-MD-0024,
MD-DOC-00349,records/decisions/legacy/LX-MD-0027-DEC-01_FULL_MARKET_DATA_PRODUCTION_READY_INVENTORY.md,DECISION,LS-MD-0027,
MD-DOC-00350,records/decisions/legacy/LX-MD-0027-DEC-02_FULL_MARKET_DATA_PRODUCTION_READY_INVENTORY.md,DECISION,LS-MD-0027,
MD-DOC-00351,records/decisions/legacy/LX-MD-0030-DEC-01_LUMEN_CONTRACT_TRACKER.md,DECISION,LS-MD-0030,
MD-DOC-00352,records/decisions/legacy/LX-MD-0031-DEC-01_LUMEN_IMPLEMENTATION_STATUS.md,DECISION,LS-MD-0031,
MD-DOC-00353,records/decisions/legacy/LX-MD-0032-DEC-01_MARKET_BENCHMARK_INDICATOR_EXTENSION_INVENTORY.md,DECISION,LS-MD-0032,
MD-DOC-00354,records/decisions/legacy/LX-MD-0033-DEC-01_MARKET_DATA_CONSUMER_READ_MODEL_INVENTORY.md,DECISION,LS-MD-0033,
MD-DOC-00355,records/decisions/legacy/LX-MD-0033-DEC-02_MARKET_DATA_CONSUMER_READ_MODEL_INVENTORY.md,DECISION,LS-MD-0033,
MD-DOC-00356,records/decisions/legacy/LX-MD-0034-DEC-01_MARKET_DATA_IMPLEMENTATION_LEDGER.md,DECISION,LS-MD-0034,
MD-DOC-00357,records/decisions/legacy/LX-MD-0035-DEC-01_MARKET_DATA_PRODUCTION_PROOF_PACK.md,DECISION,LS-MD-0035,
MD-DOC-00358,records/decisions/legacy/LX-MD-0036-DEC-01_OPERATIONAL_READINESS_INVENTORY.md,DECISION,LS-MD-0036,
MD-DOC-00359,records/decisions/legacy/LX-MD-0037-DEC-01_OPS_COMMAND_SURFACE_RUNTIME_MATRIX_INVENTORY.md,DECISION,LS-MD-0037,
MD-DOC-00360,records/decisions/legacy/LX-MD-0038-DEC-01_OPS_ENVIRONMENT_BASELINE_INVENTORY.md,DECISION,LS-MD-0038,
MD-DOC-00361,records/decisions/legacy/LX-MD-0038-DEC-02_OPS_ENVIRONMENT_BASELINE_INVENTORY.md,DECISION,LS-MD-0038,
MD-DOC-00362,records/decisions/legacy/LX-MD-0039-DEC-01_PRODUCTION_VALIDATION_INVENTORY.md,DECISION,LS-MD-0039,
MD-DOC-00363,records/decisions/legacy/LX-MD-0042-DEC-01_REPLAY_DETERMINISM_RUNTIME_PROOF_INVENTORY.md,DECISION,LS-MD-0042,
MD-DOC-00364,records/decisions/legacy/LX-MD-0044-DEC-01_AUDIT_FINAL_STATE.md,DECISION,LS-MD-0044,
MD-DOC-00365,records/decisions/legacy/LX-MD-0053-DEC-01_WEEKLY_SWING_PRIORITY1_INDICATOR_EXTENSION_INVEN.md,DECISION,LS-MD-0053,
MD-DOC-00366,records/decisions/legacy/LX-MD-0053-DEC-02_WEEKLY_SWING_PRIORITY1_INDICATOR_EXTENSION_INVEN.md,DECISION,LS-MD-0053,
MD-DOC-00367,records/decisions/legacy/LX-MD-0201-DEC-01_OPS_ENVIRONMENT_BASELINE.md,DECISION,LS-MD-0201,
MD-DOC-00368,records/decisions/legacy/LX-MD-0212-DEC-01_TRADING_STATUS_SEMANTICS_LONG_SUSPENSION_CLOSURE.md,DECISION,LS-MD-0212,
MD-DOC-00369,records/decisions/legacy/LX-MD-0212-DEC-02_TRADING_STATUS_SEMANTICS_LONG_SUSPENSION_CLOSURE.md,DECISION,LS-MD-0212,
MD-DOC-00370,records/decisions/legacy/LX-MD-0213-DEC-01_TRADING_STATUS_SOURCE_MODEL_SIMPLIFICATION_2026_.md,DECISION,LS-MD-0213,
MD-DOC-00371,records/decisions/legacy/LX-MD-0239-DEC-01_Behavioral_Test_Coverage_Inventory.md,DECISION,LS-MD-0239,
MD-DOC-00372,records/decisions/legacy/LX-MD-0243-DEC-01_Db_Integrity_Constraint_Inventory.md,DECISION,LS-MD-0243,
MD-DOC-00373,records/decisions/legacy/LX-MD-0252-DEC-01_PHPUNIT_TEST_MATRIX.md,DECISION,LS-MD-0252,
MD-DOC-00240,records/evidence/E-MD-20260820-01_ARCHITECTURE_VALIDATION.json,EVIDENCE,,
MD-DOC-00241,records/evidence/MARKET_DATA_ARCHITECTURE_NORMALIZATION_REPORT.md,EVIDENCE,,
MD-DOC-00374,records/evidence/MARKET_DATA_LEGACY_FULL_SEMANTIC_AUDIT_REPORT.md,EVIDENCE,,
MD-DOC-00242,records/evidence/MD_DOCUMENTATION_INTEGRITY_GATE_LATEST.json,EVIDENCE,,
MD-DOC-00243,records/evidence/MD_RELATIONSHIP_INTEGRITY_GATE_LATEST.json,EVIDENCE,,
MD-DOC-00244,records/evidence/README.md,NAVIGATION,,
MD-DOC-00245,records/evidence/legacy/corporate_actions/stage_6_ksei_stock_split_terms_v1.json,EVIDENCE,LS-MD-0133,
MD-DOC-00246,records/evidence/legacy/corrections/correction_9001/correction_diff.json,EVIDENCE,LS-MD-0134,
MD-DOC-00247,records/evidence/legacy/corrections/correction_9001/correction_request.json,EVIDENCE,LS-MD-0135,
MD-DOC-00248,records/evidence/legacy/corrections/correction_9001/evidence_admission.json,EVIDENCE,LS-MD-0136,
MD-DOC-00249,records/evidence/legacy/corrections/correction_9001/new_publication_manifest.json,EVIDENCE,LS-MD-0137,
MD-DOC-00250,records/evidence/legacy/corrections/correction_9001/prior_publication_manifest.json,EVIDENCE,LS-MD-0138,
MD-DOC-00251,records/evidence/legacy/corrections/correction_9001/publication_switch_result.json,EVIDENCE,LS-MD-0139,
MD-DOC-00252,records/evidence/legacy/market_structure/stage_7_idx_regular_market_structure_v1.json,EVIDENCE,LS-MD-0140,
MD-DOC-00253,records/evidence/legacy/replays/replay_3001/evidence_admission.json,EVIDENCE,LS-MD-0142,
MD-DOC-00254,records/evidence/legacy/replays/replay_3001/replay_reason_code_counts.json,EVIDENCE,LS-MD-0143,
MD-DOC-00255,records/evidence/legacy/replays/replay_3001/replay_result.json,EVIDENCE,LS-MD-0144,
MD-DOC-00256,records/evidence/legacy/runs/run_8124/anomaly_report.md,EVIDENCE,LS-MD-0145,
MD-DOC-00257,records/evidence/legacy/runs/run_8124/eligibility_export.csv,EVIDENCE,LS-MD-0146,
MD-DOC-00258,records/evidence/legacy/runs/run_8124/evidence_admission.json,EVIDENCE,LS-MD-0147,
MD-DOC-00259,records/evidence/legacy/runs/run_8124/publication_manifest.json,EVIDENCE,LS-MD-0148,
MD-DOC-00260,records/evidence/legacy/runs/run_8124/run_event_summary.json,EVIDENCE,LS-MD-0149,
MD-DOC-00261,records/evidence/legacy/runs/run_8124/run_summary.json,EVIDENCE,LS-MD-0150,
MD-DOC-00262,records/evidence/legacy/runs/run_8131_requested_date_failed/blocked_reason_code_counts.json,EVIDENCE,LS-MD-0151,
MD-DOC-00263,records/evidence/legacy/runs/run_8131_requested_date_failed/evidence_admission.json,EVIDENCE,LS-MD-0152,
MD-DOC-00264,records/evidence/legacy/runs/run_8131_requested_date_failed/failure_report.md,EVIDENCE,LS-MD-0153,
MD-DOC-00265,records/evidence/legacy/runs/run_8131_requested_date_failed/run_event_summary.json,EVIDENCE,LS-MD-0154,
MD-DOC-00266,records/evidence/legacy/runs/run_8131_requested_date_failed/run_summary.json,EVIDENCE,LS-MD-0155,
MD-DOC-00375,records/evidence/legacy/semantic/LX-MD-0003-EVD-01_AUDIT_DOCS_SYNCHRONIZATION_INVENTORY.md,EVIDENCE,LS-MD-0003,
MD-DOC-00376,records/evidence/legacy/semantic/LX-MD-0003-EVD-02_AUDIT_DOCS_SYNCHRONIZATION_INVENTORY.md,EVIDENCE,LS-MD-0003,
MD-DOC-00377,records/evidence/legacy/semantic/LX-MD-0003-EVD-03_AUDIT_DOCS_SYNCHRONIZATION_INVENTORY.md,EVIDENCE,LS-MD-0003,
MD-DOC-00378,records/evidence/legacy/semantic/LX-MD-0004-EVD-01_AUDIT_DOCS_SYNCHRONIZATION_POST_SESSION_1_8_INVE.md,EVIDENCE,LS-MD-0004,
MD-DOC-00379,records/evidence/legacy/semantic/LX-MD-0004-EVD-02_AUDIT_DOCS_SYNCHRONIZATION_POST_SESSION_1_8_INVE.md,EVIDENCE,LS-MD-0004,
MD-DOC-00380,records/evidence/legacy/semantic/LX-MD-0004-EVD-03_AUDIT_DOCS_SYNCHRONIZATION_POST_SESSION_1_8_INVE.md,EVIDENCE,LS-MD-0004,
MD-DOC-00381,records/evidence/legacy/semantic/LX-MD-0019-EVD-01_CONFIG_ENV_GOVERNANCE_CLEANUP_INVENTORY.md,EVIDENCE,LS-MD-0019,
MD-DOC-00382,records/evidence/legacy/semantic/LX-MD-0020-EVD-01_CORRECTION_LIFECYCLE_HARDENING_INVENTORY.md,EVIDENCE,LS-MD-0020,
MD-DOC-00383,records/evidence/legacy/semantic/LX-MD-0020-EVD-02_CORRECTION_LIFECYCLE_HARDENING_INVENTORY.md,EVIDENCE,LS-MD-0020,
MD-DOC-00384,records/evidence/legacy/semantic/LX-MD-0022-EVD-01_DB_INTEGRITY_FK_IMPLICIT_INTEGRITY_DECISION_INVE.md,EVIDENCE,LS-MD-0022,
MD-DOC-00385,records/evidence/legacy/semantic/LX-MD-0023-EVD-01_DB_SCHEMA_MIGRATION_SYNC_INVENTORY.md,EVIDENCE,LS-MD-0023,
MD-DOC-00386,records/evidence/legacy/semantic/LX-MD-0024-EVD-01_EVIDENCE_EXPORT_RUNTIME_PROOF_INVENTORY.md,EVIDENCE,LS-MD-0024,
MD-DOC-00387,records/evidence/legacy/semantic/LX-MD-0024-EVD-02_EVIDENCE_EXPORT_RUNTIME_PROOF_INVENTORY.md,EVIDENCE,LS-MD-0024,
MD-DOC-00388,records/evidence/legacy/semantic/LX-MD-0024-EVD-03_EVIDENCE_EXPORT_RUNTIME_PROOF_INVENTORY.md,EVIDENCE,LS-MD-0024,
MD-DOC-00389,records/evidence/legacy/semantic/LX-MD-0025-EVD-01_EVIDENCE_HISTORICAL_LINEAGE_COMPLETENESS_INVENTO.md,EVIDENCE,LS-MD-0025,
MD-DOC-00390,records/evidence/legacy/semantic/LX-MD-0025-EVD-02_EVIDENCE_HISTORICAL_LINEAGE_COMPLETENESS_INVENTO.md,EVIDENCE,LS-MD-0025,
MD-DOC-00391,records/evidence/legacy/semantic/LX-MD-0025-EVD-03_EVIDENCE_HISTORICAL_LINEAGE_COMPLETENESS_INVENTO.md,EVIDENCE,LS-MD-0025,
MD-DOC-00392,records/evidence/legacy/semantic/LX-MD-0026-EVD-01_FAIL_SAFE_NO_SILENT_FAILURE_INVENTORY.md,EVIDENCE,LS-MD-0026,
MD-DOC-00393,records/evidence/legacy/semantic/LX-MD-0027-EVD-01_FULL_MARKET_DATA_PRODUCTION_READY_INVENTORY.md,EVIDENCE,LS-MD-0027,
MD-DOC-00394,records/evidence/legacy/semantic/LX-MD-0027-EVD-02_FULL_MARKET_DATA_PRODUCTION_READY_INVENTORY.md,EVIDENCE,LS-MD-0027,
MD-DOC-00395,records/evidence/legacy/semantic/LX-MD-0027-EVD-03_FULL_MARKET_DATA_PRODUCTION_READY_INVENTORY.md,EVIDENCE,LS-MD-0027,
MD-DOC-00396,records/evidence/legacy/semantic/LX-MD-0027-EVD-04_FULL_MARKET_DATA_PRODUCTION_READY_INVENTORY.md,EVIDENCE,LS-MD-0027,
MD-DOC-00397,records/evidence/legacy/semantic/LX-MD-0028-EVD-01_HASH_SEAL_DATASET_INTEGRITY_INVENTORY.md,EVIDENCE,LS-MD-0028,
MD-DOC-00398,records/evidence/legacy/semantic/LX-MD-0030-EVD-01_LUMEN_CONTRACT_TRACKER.md,EVIDENCE,LS-MD-0030,
MD-DOC-00399,records/evidence/legacy/semantic/LX-MD-0030-EVD-02_LUMEN_CONTRACT_TRACKER.md,EVIDENCE,LS-MD-0030,
MD-DOC-00400,records/evidence/legacy/semantic/LX-MD-0030-EVD-03_LUMEN_CONTRACT_TRACKER.md,EVIDENCE,LS-MD-0030,
MD-DOC-00401,records/evidence/legacy/semantic/LX-MD-0030-EVD-04_LUMEN_CONTRACT_TRACKER.md,EVIDENCE,LS-MD-0030,
MD-DOC-00402,records/evidence/legacy/semantic/LX-MD-0030-EVD-05_LUMEN_CONTRACT_TRACKER.md,EVIDENCE,LS-MD-0030,
MD-DOC-00403,records/evidence/legacy/semantic/LX-MD-0030-EVD-06_LUMEN_CONTRACT_TRACKER.md,EVIDENCE,LS-MD-0030,
MD-DOC-00404,records/evidence/legacy/semantic/LX-MD-0031-EVD-01_LUMEN_IMPLEMENTATION_STATUS.md,EVIDENCE,LS-MD-0031,
MD-DOC-00405,records/evidence/legacy/semantic/LX-MD-0031-EVD-02_LUMEN_IMPLEMENTATION_STATUS.md,EVIDENCE,LS-MD-0031,
MD-DOC-00406,records/evidence/legacy/semantic/LX-MD-0031-EVD-03_LUMEN_IMPLEMENTATION_STATUS.md,EVIDENCE,LS-MD-0031,
MD-DOC-00407,records/evidence/legacy/semantic/LX-MD-0031-EVD-04_LUMEN_IMPLEMENTATION_STATUS.md,EVIDENCE,LS-MD-0031,
MD-DOC-00408,records/evidence/legacy/semantic/LX-MD-0031-EVD-05_LUMEN_IMPLEMENTATION_STATUS.md,EVIDENCE,LS-MD-0031,
MD-DOC-00409,records/evidence/legacy/semantic/LX-MD-0031-EVD-06_LUMEN_IMPLEMENTATION_STATUS.md,EVIDENCE,LS-MD-0031,
MD-DOC-00410,records/evidence/legacy/semantic/LX-MD-0032-EVD-01_MARKET_BENCHMARK_INDICATOR_EXTENSION_INVENTORY.md,EVIDENCE,LS-MD-0032,
MD-DOC-00411,records/evidence/legacy/semantic/LX-MD-0032-EVD-02_MARKET_BENCHMARK_INDICATOR_EXTENSION_INVENTORY.md,EVIDENCE,LS-MD-0032,
MD-DOC-00412,records/evidence/legacy/semantic/LX-MD-0032-EVD-03_MARKET_BENCHMARK_INDICATOR_EXTENSION_INVENTORY.md,EVIDENCE,LS-MD-0032,
MD-DOC-00413,records/evidence/legacy/semantic/LX-MD-0033-EVD-01_MARKET_DATA_CONSUMER_READ_MODEL_INVENTORY.md,EVIDENCE,LS-MD-0033,
MD-DOC-00414,records/evidence/legacy/semantic/LX-MD-0034-EVD-01_MARKET_DATA_IMPLEMENTATION_LEDGER.md,EVIDENCE,LS-MD-0034,
MD-DOC-00415,records/evidence/legacy/semantic/LX-MD-0034-EVD-02_MARKET_DATA_IMPLEMENTATION_LEDGER.md,EVIDENCE,LS-MD-0034,
MD-DOC-00416,records/evidence/legacy/semantic/LX-MD-0035-EVD-01_MARKET_DATA_PRODUCTION_PROOF_PACK.md,EVIDENCE,LS-MD-0035,
MD-DOC-00417,records/evidence/legacy/semantic/LX-MD-0035-EVD-02_MARKET_DATA_PRODUCTION_PROOF_PACK.md,EVIDENCE,LS-MD-0035,
MD-DOC-00418,records/evidence/legacy/semantic/LX-MD-0035-EVD-03_MARKET_DATA_PRODUCTION_PROOF_PACK.md,EVIDENCE,LS-MD-0035,
MD-DOC-00419,records/evidence/legacy/semantic/LX-MD-0035-EVD-04_MARKET_DATA_PRODUCTION_PROOF_PACK.md,EVIDENCE,LS-MD-0035,
MD-DOC-00420,records/evidence/legacy/semantic/LX-MD-0035-EVD-05_MARKET_DATA_PRODUCTION_PROOF_PACK.md,EVIDENCE,LS-MD-0035,
MD-DOC-00421,records/evidence/legacy/semantic/LX-MD-0035-EVD-06_MARKET_DATA_PRODUCTION_PROOF_PACK.md,EVIDENCE,LS-MD-0035,
MD-DOC-00422,records/evidence/legacy/semantic/LX-MD-0035-EVD-07_MARKET_DATA_PRODUCTION_PROOF_PACK.md,EVIDENCE,LS-MD-0035,
MD-DOC-00423,records/evidence/legacy/semantic/LX-MD-0035-EVD-08_MARKET_DATA_PRODUCTION_PROOF_PACK.md,EVIDENCE,LS-MD-0035,
MD-DOC-00424,records/evidence/legacy/semantic/LX-MD-0035-EVD-09_MARKET_DATA_PRODUCTION_PROOF_PACK.md,EVIDENCE,LS-MD-0035,
MD-DOC-00425,records/evidence/legacy/semantic/LX-MD-0036-EVD-01_OPERATIONAL_READINESS_INVENTORY.md,EVIDENCE,LS-MD-0036,
MD-DOC-00426,records/evidence/legacy/semantic/LX-MD-0037-EVD-01_OPS_COMMAND_SURFACE_RUNTIME_MATRIX_INVENTORY.md,EVIDENCE,LS-MD-0037,
MD-DOC-00427,records/evidence/legacy/semantic/LX-MD-0037-EVD-02_OPS_COMMAND_SURFACE_RUNTIME_MATRIX_INVENTORY.md,EVIDENCE,LS-MD-0037,
MD-DOC-00428,records/evidence/legacy/semantic/LX-MD-0037-EVD-03_OPS_COMMAND_SURFACE_RUNTIME_MATRIX_INVENTORY.md,EVIDENCE,LS-MD-0037,
MD-DOC-00429,records/evidence/legacy/semantic/LX-MD-0037-EVD-04_OPS_COMMAND_SURFACE_RUNTIME_MATRIX_INVENTORY.md,EVIDENCE,LS-MD-0037,
MD-DOC-00430,records/evidence/legacy/semantic/LX-MD-0038-EVD-01_OPS_ENVIRONMENT_BASELINE_INVENTORY.md,EVIDENCE,LS-MD-0038,
MD-DOC-00431,records/evidence/legacy/semantic/LX-MD-0038-EVD-02_OPS_ENVIRONMENT_BASELINE_INVENTORY.md,EVIDENCE,LS-MD-0038,
MD-DOC-00432,records/evidence/legacy/semantic/LX-MD-0038-EVD-03_OPS_ENVIRONMENT_BASELINE_INVENTORY.md,EVIDENCE,LS-MD-0038,
MD-DOC-00433,records/evidence/legacy/semantic/LX-MD-0038-EVD-04_OPS_ENVIRONMENT_BASELINE_INVENTORY.md,EVIDENCE,LS-MD-0038,
MD-DOC-00434,records/evidence/legacy/semantic/LX-MD-0038-EVD-05_OPS_ENVIRONMENT_BASELINE_INVENTORY.md,EVIDENCE,LS-MD-0038,
MD-DOC-00435,records/evidence/legacy/semantic/LX-MD-0039-EVD-01_PRODUCTION_VALIDATION_INVENTORY.md,EVIDENCE,LS-MD-0039,
MD-DOC-00436,records/evidence/legacy/semantic/LX-MD-0039-EVD-02_PRODUCTION_VALIDATION_INVENTORY.md,EVIDENCE,LS-MD-0039,
MD-DOC-00437,records/evidence/legacy/semantic/LX-MD-0039-EVD-03_PRODUCTION_VALIDATION_INVENTORY.md,EVIDENCE,LS-MD-0039,
MD-DOC-00438,records/evidence/legacy/semantic/LX-MD-0039-EVD-04_PRODUCTION_VALIDATION_INVENTORY.md,EVIDENCE,LS-MD-0039,
MD-DOC-00439,records/evidence/legacy/semantic/LX-MD-0039-EVD-05_PRODUCTION_VALIDATION_INVENTORY.md,EVIDENCE,LS-MD-0039,
MD-DOC-00440,records/evidence/legacy/semantic/LX-MD-0039-EVD-06_PRODUCTION_VALIDATION_INVENTORY.md,EVIDENCE,LS-MD-0039,
MD-DOC-00441,records/evidence/legacy/semantic/LX-MD-0039-EVD-07_PRODUCTION_VALIDATION_INVENTORY.md,EVIDENCE,LS-MD-0039,
MD-DOC-00442,records/evidence/legacy/semantic/LX-MD-0039-EVD-08_PRODUCTION_VALIDATION_INVENTORY.md,EVIDENCE,LS-MD-0039,
MD-DOC-00443,records/evidence/legacy/semantic/LX-MD-0039-EVD-09_PRODUCTION_VALIDATION_INVENTORY.md,EVIDENCE,LS-MD-0039,
MD-DOC-00444,records/evidence/legacy/semantic/LX-MD-0039-EVD-10_PRODUCTION_VALIDATION_INVENTORY.md,EVIDENCE,LS-MD-0039,
MD-DOC-00445,records/evidence/legacy/semantic/LX-MD-0040-EVD-01_READ_SIDE_CONSUMER_SURFACE_FINAL_SWEEP_INVENTORY.md,EVIDENCE,LS-MD-0040,
MD-DOC-00446,records/evidence/legacy/semantic/LX-MD-0040-EVD-02_READ_SIDE_CONSUMER_SURFACE_FINAL_SWEEP_INVENTORY.md,EVIDENCE,LS-MD-0040,
MD-DOC-00447,records/evidence/legacy/semantic/LX-MD-0042-EVD-01_REPLAY_DETERMINISM_RUNTIME_PROOF_INVENTORY.md,EVIDENCE,LS-MD-0042,
MD-DOC-00448,records/evidence/legacy/semantic/LX-MD-0042-EVD-02_REPLAY_DETERMINISM_RUNTIME_PROOF_INVENTORY.md,EVIDENCE,LS-MD-0042,
MD-DOC-00449,records/evidence/legacy/semantic/LX-MD-0042-EVD-03_REPLAY_DETERMINISM_RUNTIME_PROOF_INVENTORY.md,EVIDENCE,LS-MD-0042,
MD-DOC-00450,records/evidence/legacy/semantic/LX-MD-0042-EVD-04_REPLAY_DETERMINISM_RUNTIME_PROOF_INVENTORY.md,EVIDENCE,LS-MD-0042,
MD-DOC-00451,records/evidence/legacy/semantic/LX-MD-0043-EVD-01_REPLAY_HISTORICAL_DETERMINISM_HARDENING_INVENTOR.md,EVIDENCE,LS-MD-0043,
MD-DOC-00452,records/evidence/legacy/semantic/LX-MD-0043-EVD-02_REPLAY_HISTORICAL_DETERMINISM_HARDENING_INVENTOR.md,EVIDENCE,LS-MD-0043,
MD-DOC-00453,records/evidence/legacy/semantic/LX-MD-0044-EVD-01_AUDIT_FINAL_STATE.md,EVIDENCE,LS-MD-0044,
MD-DOC-00454,records/evidence/legacy/semantic/LX-MD-0045-EVD-01_ORDERS_01_04_IMPLEMENTATION_EVIDENCE_2026_08_03.md,EVIDENCE,LS-MD-0045,
MD-DOC-00455,records/evidence/legacy/semantic/LX-MD-0045-EVD-02_ORDERS_01_04_IMPLEMENTATION_EVIDENCE_2026_08_03.md,EVIDENCE,LS-MD-0045,
MD-DOC-00456,records/evidence/legacy/semantic/LX-MD-0047-EVD-01_SECTOR_IDXIC_AUTHORITY_RECONCILIATION_INVENTORY.md,EVIDENCE,LS-MD-0047,
MD-DOC-00457,records/evidence/legacy/semantic/LX-MD-0053-EVD-01_WEEKLY_SWING_PRIORITY1_INDICATOR_EXTENSION_INVEN.md,EVIDENCE,LS-MD-0053,
MD-DOC-00458,records/evidence/legacy/semantic/LX-MD-0174-EVD-01_COMMAND_SURFACE_SAFETY_INVENTORY.md,EVIDENCE,LS-MD-0174,
MD-DOC-00459,records/evidence/legacy/semantic/LX-MD-0174-EVD-02_COMMAND_SURFACE_SAFETY_INVENTORY.md,EVIDENCE,LS-MD-0174,
MD-DOC-00460,records/evidence/legacy/semantic/LX-MD-0179-EVD-01_05_BACKFILL.md,EVIDENCE,LS-MD-0179,
MD-DOC-00461,records/evidence/legacy/semantic/LX-MD-0179-EVD-02_05_BACKFILL.md,EVIDENCE,LS-MD-0179,
MD-DOC-00462,records/evidence/legacy/semantic/LX-MD-0201-EVD-01_OPS_ENVIRONMENT_BASELINE.md,EVIDENCE,LS-MD-0201,
MD-DOC-00463,records/evidence/legacy/semantic/LX-MD-0201-EVD-02_OPS_ENVIRONMENT_BASELINE.md,EVIDENCE,LS-MD-0201,
MD-DOC-00464,records/evidence/legacy/semantic/LX-MD-0208-EVD-01_RUN_PUBLICATION_POINTER_LINKAGE_INVENTORY.md,EVIDENCE,LS-MD-0208,
MD-DOC-00465,records/evidence/legacy/semantic/LX-MD-0211-EVD-01_TRADING_STATUS_NON_EXCLUSION_CLEAR_PATCH.md,EVIDENCE,LS-MD-0211,
MD-DOC-00466,records/evidence/legacy/semantic/LX-MD-0212-EVD-01_TRADING_STATUS_SEMANTICS_LONG_SUSPENSION_CLOSURE.md,EVIDENCE,LS-MD-0212,
MD-DOC-00467,records/evidence/legacy/semantic/LX-MD-0239-EVD-01_Behavioral_Test_Coverage_Inventory.md,EVIDENCE,LS-MD-0239,
MD-DOC-00468,records/evidence/legacy/semantic/LX-MD-0239-EVD-02_Behavioral_Test_Coverage_Inventory.md,EVIDENCE,LS-MD-0239,
MD-DOC-00469,records/evidence/legacy/semantic/LX-MD-0241-EVD-01_Contract_Tests_Specification.md,EVIDENCE,LS-MD-0241,
MD-DOC-00470,records/evidence/legacy/semantic/LX-MD-0241-EVD-02_Contract_Tests_Specification.md,EVIDENCE,LS-MD-0241,
MD-DOC-00471,records/evidence/legacy/semantic/LX-MD-0243-EVD-01_Db_Integrity_Constraint_Inventory.md,EVIDENCE,LS-MD-0243,
MD-DOC-00472,records/evidence/legacy/semantic/LX-MD-0246-EVD-01_Golden_Fixture_Catalog_LOCKED.md,EVIDENCE,LS-MD-0246,
MD-DOC-00473,records/evidence/legacy/semantic/LX-MD-0252-EVD-01_PHPUNIT_TEST_MATRIX.md,EVIDENCE,LS-MD-0252,
MD-DOC-00474,records/evidence/legacy/semantic/LX-MD-0252-EVD-02_PHPUNIT_TEST_MATRIX.md,EVIDENCE,LS-MD-0252,
MD-DOC-00267,records/evidence/legacy/tests/correction_failed_reseal_no_switch/evidence_admission.json,EVIDENCE,LS-MD-0156,
MD-DOC-00268,records/evidence/legacy/tests/correction_failed_reseal_no_switch/test_result.json,EVIDENCE,LS-MD-0157,
MD-DOC-00269,records/evidence/legacy/tests/hash_same_content_same_hash/evidence_admission.json,EVIDENCE,LS-MD-0158,
MD-DOC-00270,records/evidence/legacy/tests/hash_same_content_same_hash/test_result.json,EVIDENCE,LS-MD-0159,
MD-DOC-00271,records/evidence/legacy/trading_status/stage_8_idx_long_suspension_2026-06-30_v1.json,EVIDENCE,LS-MD-0160,
MD-DOC-00272,records/history/LEGACY_ARCHITECTURE_MIGRATION_INDEX.csv,REGISTRY,,
MD-DOC-00475,records/history/LEGACY_DOCUMENT_ROLE_AUDIT.csv,HISTORY,,
MD-DOC-00476,records/history/LEGACY_SECTION_ROLE_AUDIT.csv,HISTORY,,
MD-DOC-00273,records/history/LEGACY_SOURCE_INDEX.csv,REGISTRY,,
MD-DOC-00477,records/history/LEGACY_SPLIT_INDEX.csv,HISTORY,,
MD-DOC-00478,records/history/LEGACY_SPLIT_RECONSTRUCTION_INDEX.csv,HISTORY,,
MD-DOC-00479,records/history/LEGACY_SPLIT_SOURCE_CATALOG.md,HISTORY,,
MD-DOC-00274,records/history/LEGACY_WORK_CORRELATION_INDEX.csv,REGISTRY,,
MD-DOC-00275,records/history/README.md,NAVIGATION,,
MD-DOC-00276,records/history/archive/audit/AUDIT_BASELINE.md,HISTORY,LS-MD-0001,
MD-DOC-00277,records/history/archive/audit/AUDIT_CLAIM_CONTROL.md,HISTORY,LS-MD-0002,
MD-DOC-00280,records/history/archive/audit/AUDIT_DOMAIN_BOUNDARY.md,HISTORY,LS-MD-0005,
MD-DOC-00281,records/history/archive/audit/AUDIT_EVIDENCE_STRENGTH_MODEL.md,HISTORY,LS-MD-0006,
MD-DOC-00282,records/history/archive/audit/AUDIT_LAYER_CLASSIFICATION_RULES.md,HISTORY,LS-MD-0007,
MD-DOC-00283,records/history/archive/audit/AUDIT_METHOD.md,HISTORY,LS-MD-0008,
MD-DOC-00284,records/history/archive/audit/AUDIT_NORMATIVE_VS_COMPANION_RULES.md,HISTORY,LS-MD-0009,
MD-DOC-00285,records/history/archive/audit/AUDIT_SCOPE_AND_EXCLUSIONS.md,HISTORY,LS-MD-0010,
MD-DOC-00286,records/history/archive/audit/AUDIT_SCORING_AND_VERDICT.md,HISTORY,LS-MD-0011,
MD-DOC-00287,records/history/archive/audit/AUDIT_TRACEABILITY_RULES.md,HISTORY,LS-MD-0012,
MD-DOC-00288,records/history/archive/audit/AUDIT_UPDATE_GOVERNANCE.md,HISTORY,LS-MD-0013,
MD-DOC-00310,records/history/archive/audit/README.md,HISTORY,LS-MD-0041,
MD-DOC-00316,records/history/archive/audit/checklists/CHECKLIST_CROSS_LAYER_CONSISTENCY.md,HISTORY,LS-MD-0014,
MD-DOC-00317,records/history/archive/audit/checklists/CHECKLIST_DOMAIN_DRIFT.md,HISTORY,LS-MD-0015,
MD-DOC-00318,records/history/archive/audit/checklists/CHECKLIST_LAYER_A_SYSTEM_DOCS.md,HISTORY,LS-MD-0016,
MD-DOC-00319,records/history/archive/audit/checklists/CHECKLIST_LAYER_B_IMPLEMENTATION_GUIDANCE.md,HISTORY,LS-MD-0017,
MD-DOC-00320,records/history/archive/audit/checklists/CHECKLIST_LAYER_C_REAL_IMPLEMENTATION_RUNTIME.md,HISTORY,LS-MD-0018,
MD-DOC-00323,records/history/archive/audit/reports/README.md,HISTORY,LS-MD-0046,
MD-DOC-00324,records/history/archive/audit/templates/FILE_REVIEW_TEMPLATE.md,HISTORY,LS-MD-0048,
MD-DOC-00325,records/history/archive/audit/templates/FINAL_VERDICT_TEMPLATE.md,HISTORY,LS-MD-0049,
MD-DOC-00326,records/history/archive/audit/templates/FINDINGS_REPORT_TEMPLATE.md,HISTORY,LS-MD-0050,
MD-DOC-00327,records/history/archive/audit/templates/PACKAGE_INTAKE_TEMPLATE.md,HISTORY,LS-MD-0051,
MD-DOC-00328,records/history/archive/audit/templates/REMEDIATION_PLAN_TEMPLATE.md,HISTORY,LS-MD-0052,
MD-DOC-00329,records/history/archive/evidence/README.md,HISTORY,LS-MD-0141,
MD-DOC-00330,records/history/archive/legacy_control/book/INDEX.md,HISTORY,LS-MD-0090,
MD-DOC-00331,records/history/archive/legacy_control/book/Market_Data_Implementation_Command_Protocol_LOCKED.md,HISTORY,LS-MD-0097,
MD-DOC-00332,records/history/archive/legacy_control/book/Market_Data_Implementation_Conformance_Matrix_LOCKED.md,HISTORY,LS-MD-0098,
MD-DOC-00333,records/history/archive/legacy_control/book/Market_Data_Strategy_Implementation_Blueprint_LOCKED.md,HISTORY,LS-MD-0099,
MD-DOC-00334,records/history/archive/patches/README.md,HISTORY,LS-MD-0210,
MD-DOC-00480,records/history/archive/semantic/LX-MD-0003-CTX-01_AUDIT_DOCS_SYNCHRONIZATION_INVENTORY.md,HISTORY,LS-MD-0003,
MD-DOC-00481,records/history/archive/semantic/LX-MD-0003-CTX-02_AUDIT_DOCS_SYNCHRONIZATION_INVENTORY.md,HISTORY,LS-MD-0003,
MD-DOC-00482,records/history/archive/semantic/LX-MD-0003-CTX-03_AUDIT_DOCS_SYNCHRONIZATION_INVENTORY.md,HISTORY,LS-MD-0003,
MD-DOC-00483,records/history/archive/semantic/LX-MD-0003-CTX-04_AUDIT_DOCS_SYNCHRONIZATION_INVENTORY.md,HISTORY,LS-MD-0003,
MD-DOC-00484,records/history/archive/semantic/LX-MD-0003-GOV-01_AUDIT_DOCS_SYNCHRONIZATION_INVENTORY.md,HISTORY,LS-MD-0003,
MD-DOC-00485,records/history/archive/semantic/LX-MD-0003-GOV-02_AUDIT_DOCS_SYNCHRONIZATION_INVENTORY.md,HISTORY,LS-MD-0003,
MD-DOC-00486,records/history/archive/semantic/LX-MD-0003-IMP-01_AUDIT_DOCS_SYNCHRONIZATION_INVENTORY.md,HISTORY,LS-MD-0003,
MD-DOC-00487,records/history/archive/semantic/LX-MD-0004-CTX-01_AUDIT_DOCS_SYNCHRONIZATION_POST_SESSION_1_8_INVE.md,HISTORY,LS-MD-0004,
MD-DOC-00488,records/history/archive/semantic/LX-MD-0004-CTX-02_AUDIT_DOCS_SYNCHRONIZATION_POST_SESSION_1_8_INVE.md,HISTORY,LS-MD-0004,
MD-DOC-00489,records/history/archive/semantic/LX-MD-0004-CTX-03_AUDIT_DOCS_SYNCHRONIZATION_POST_SESSION_1_8_INVE.md,HISTORY,LS-MD-0004,
MD-DOC-00490,records/history/archive/semantic/LX-MD-0004-CTX-04_AUDIT_DOCS_SYNCHRONIZATION_POST_SESSION_1_8_INVE.md,HISTORY,LS-MD-0004,
MD-DOC-00491,records/history/archive/semantic/LX-MD-0004-FND-01_AUDIT_DOCS_SYNCHRONIZATION_POST_SESSION_1_8_INVE.md,HISTORY,LS-MD-0004,
MD-DOC-00492,records/history/archive/semantic/LX-MD-0004-GOV-01_AUDIT_DOCS_SYNCHRONIZATION_POST_SESSION_1_8_INVE.md,HISTORY,LS-MD-0004,
MD-DOC-00493,records/history/archive/semantic/LX-MD-0004-GOV-02_AUDIT_DOCS_SYNCHRONIZATION_POST_SESSION_1_8_INVE.md,HISTORY,LS-MD-0004,
MD-DOC-00494,records/history/archive/semantic/LX-MD-0004-IMP-01_AUDIT_DOCS_SYNCHRONIZATION_POST_SESSION_1_8_INVE.md,HISTORY,LS-MD-0004,
MD-DOC-00495,records/history/archive/semantic/LX-MD-0004-IMP-02_AUDIT_DOCS_SYNCHRONIZATION_POST_SESSION_1_8_INVE.md,HISTORY,LS-MD-0004,
MD-DOC-00496,records/history/archive/semantic/LX-MD-0004-RES-01_AUDIT_DOCS_SYNCHRONIZATION_POST_SESSION_1_8_INVE.md,HISTORY,LS-MD-0004,
MD-DOC-00497,records/history/archive/semantic/LX-MD-0019-CTX-01_CONFIG_ENV_GOVERNANCE_CLEANUP_INVENTORY.md,HISTORY,LS-MD-0019,
MD-DOC-00498,records/history/archive/semantic/LX-MD-0019-FND-01_CONFIG_ENV_GOVERNANCE_CLEANUP_INVENTORY.md,HISTORY,LS-MD-0019,
MD-DOC-00499,records/history/archive/semantic/LX-MD-0019-GOV-01_CONFIG_ENV_GOVERNANCE_CLEANUP_INVENTORY.md,HISTORY,LS-MD-0019,
MD-DOC-00500,records/history/archive/semantic/LX-MD-0019-IMP-01_CONFIG_ENV_GOVERNANCE_CLEANUP_INVENTORY.md,HISTORY,LS-MD-0019,
MD-DOC-00501,records/history/archive/semantic/LX-MD-0019-IMP-02_CONFIG_ENV_GOVERNANCE_CLEANUP_INVENTORY.md,HISTORY,LS-MD-0019,
MD-DOC-00502,records/history/archive/semantic/LX-MD-0019-IMP-03_CONFIG_ENV_GOVERNANCE_CLEANUP_INVENTORY.md,HISTORY,LS-MD-0019,
MD-DOC-00503,records/history/archive/semantic/LX-MD-0019-RES-01_CONFIG_ENV_GOVERNANCE_CLEANUP_INVENTORY.md,HISTORY,LS-MD-0019,
MD-DOC-00504,records/history/archive/semantic/LX-MD-0020-CTX-01_CORRECTION_LIFECYCLE_HARDENING_INVENTORY.md,HISTORY,LS-MD-0020,
MD-DOC-00505,records/history/archive/semantic/LX-MD-0020-CTX-02_CORRECTION_LIFECYCLE_HARDENING_INVENTORY.md,HISTORY,LS-MD-0020,
MD-DOC-00506,records/history/archive/semantic/LX-MD-0020-FND-01_CORRECTION_LIFECYCLE_HARDENING_INVENTORY.md,HISTORY,LS-MD-0020,
MD-DOC-00507,records/history/archive/semantic/LX-MD-0020-FND-02_CORRECTION_LIFECYCLE_HARDENING_INVENTORY.md,HISTORY,LS-MD-0020,
MD-DOC-00508,records/history/archive/semantic/LX-MD-0020-IMP-01_CORRECTION_LIFECYCLE_HARDENING_INVENTORY.md,HISTORY,LS-MD-0020,
MD-DOC-00509,records/history/archive/semantic/LX-MD-0021-CTX-01_COVERAGE_GATE_CANDIDATE_SCOPE_HARDENING_INVENTOR.md,HISTORY,LS-MD-0021,
MD-DOC-00510,records/history/archive/semantic/LX-MD-0021-IMP-01_COVERAGE_GATE_CANDIDATE_SCOPE_HARDENING_INVENTOR.md,HISTORY,LS-MD-0021,
MD-DOC-00511,records/history/archive/semantic/LX-MD-0022-CTX-01_DB_INTEGRITY_FK_IMPLICIT_INTEGRITY_DECISION_INVE.md,HISTORY,LS-MD-0022,
MD-DOC-00512,records/history/archive/semantic/LX-MD-0022-GOV-01_DB_INTEGRITY_FK_IMPLICIT_INTEGRITY_DECISION_INVE.md,HISTORY,LS-MD-0022,
MD-DOC-00513,records/history/archive/semantic/LX-MD-0022-GOV-02_DB_INTEGRITY_FK_IMPLICIT_INTEGRITY_DECISION_INVE.md,HISTORY,LS-MD-0022,
MD-DOC-00514,records/history/archive/semantic/LX-MD-0022-IMP-01_DB_INTEGRITY_FK_IMPLICIT_INTEGRITY_DECISION_INVE.md,HISTORY,LS-MD-0022,
MD-DOC-00515,records/history/archive/semantic/LX-MD-0022-IMP-02_DB_INTEGRITY_FK_IMPLICIT_INTEGRITY_DECISION_INVE.md,HISTORY,LS-MD-0022,
MD-DOC-00516,records/history/archive/semantic/LX-MD-0022-IMP-03_DB_INTEGRITY_FK_IMPLICIT_INTEGRITY_DECISION_INVE.md,HISTORY,LS-MD-0022,
MD-DOC-00517,records/history/archive/semantic/LX-MD-0023-CTX-01_DB_SCHEMA_MIGRATION_SYNC_INVENTORY.md,HISTORY,LS-MD-0023,
MD-DOC-00518,records/history/archive/semantic/LX-MD-0023-FND-01_DB_SCHEMA_MIGRATION_SYNC_INVENTORY.md,HISTORY,LS-MD-0023,
MD-DOC-00519,records/history/archive/semantic/LX-MD-0023-FND-02_DB_SCHEMA_MIGRATION_SYNC_INVENTORY.md,HISTORY,LS-MD-0023,
MD-DOC-00520,records/history/archive/semantic/LX-MD-0023-GOV-01_DB_SCHEMA_MIGRATION_SYNC_INVENTORY.md,HISTORY,LS-MD-0023,
MD-DOC-00521,records/history/archive/semantic/LX-MD-0023-IMP-01_DB_SCHEMA_MIGRATION_SYNC_INVENTORY.md,HISTORY,LS-MD-0023,
MD-DOC-00522,records/history/archive/semantic/LX-MD-0023-IMP-02_DB_SCHEMA_MIGRATION_SYNC_INVENTORY.md,HISTORY,LS-MD-0023,
MD-DOC-00523,records/history/archive/semantic/LX-MD-0024-CTX-01_EVIDENCE_EXPORT_RUNTIME_PROOF_INVENTORY.md,HISTORY,LS-MD-0024,
MD-DOC-00524,records/history/archive/semantic/LX-MD-0024-FND-01_EVIDENCE_EXPORT_RUNTIME_PROOF_INVENTORY.md,HISTORY,LS-MD-0024,
MD-DOC-00525,records/history/archive/semantic/LX-MD-0024-GOV-01_EVIDENCE_EXPORT_RUNTIME_PROOF_INVENTORY.md,HISTORY,LS-MD-0024,
MD-DOC-00526,records/history/archive/semantic/LX-MD-0025-CTX-01_EVIDENCE_HISTORICAL_LINEAGE_COMPLETENESS_INVENTO.md,HISTORY,LS-MD-0025,
MD-DOC-00527,records/history/archive/semantic/LX-MD-0025-CTX-02_EVIDENCE_HISTORICAL_LINEAGE_COMPLETENESS_INVENTO.md,HISTORY,LS-MD-0025,
MD-DOC-00528,records/history/archive/semantic/LX-MD-0025-CTX-03_EVIDENCE_HISTORICAL_LINEAGE_COMPLETENESS_INVENTO.md,HISTORY,LS-MD-0025,
MD-DOC-00529,records/history/archive/semantic/LX-MD-0025-CTX-04_EVIDENCE_HISTORICAL_LINEAGE_COMPLETENESS_INVENTO.md,HISTORY,LS-MD-0025,
MD-DOC-00530,records/history/archive/semantic/LX-MD-0025-FND-01_EVIDENCE_HISTORICAL_LINEAGE_COMPLETENESS_INVENTO.md,HISTORY,LS-MD-0025,
MD-DOC-00531,records/history/archive/semantic/LX-MD-0025-GOV-01_EVIDENCE_HISTORICAL_LINEAGE_COMPLETENESS_INVENTO.md,HISTORY,LS-MD-0025,
MD-DOC-00532,records/history/archive/semantic/LX-MD-0025-GOV-02_EVIDENCE_HISTORICAL_LINEAGE_COMPLETENESS_INVENTO.md,HISTORY,LS-MD-0025,
MD-DOC-00533,records/history/archive/semantic/LX-MD-0025-GOV-03_EVIDENCE_HISTORICAL_LINEAGE_COMPLETENESS_INVENTO.md,HISTORY,LS-MD-0025,
MD-DOC-00534,records/history/archive/semantic/LX-MD-0025-IMP-01_EVIDENCE_HISTORICAL_LINEAGE_COMPLETENESS_INVENTO.md,HISTORY,LS-MD-0025,
MD-DOC-00535,records/history/archive/semantic/LX-MD-0025-IMP-02_EVIDENCE_HISTORICAL_LINEAGE_COMPLETENESS_INVENTO.md,HISTORY,LS-MD-0025,
MD-DOC-00536,records/history/archive/semantic/LX-MD-0026-CTX-01_FAIL_SAFE_NO_SILENT_FAILURE_INVENTORY.md,HISTORY,LS-MD-0026,
MD-DOC-00537,records/history/archive/semantic/LX-MD-0026-FND-01_FAIL_SAFE_NO_SILENT_FAILURE_INVENTORY.md,HISTORY,LS-MD-0026,
MD-DOC-00538,records/history/archive/semantic/LX-MD-0026-FND-02_FAIL_SAFE_NO_SILENT_FAILURE_INVENTORY.md,HISTORY,LS-MD-0026,
MD-DOC-00539,records/history/archive/semantic/LX-MD-0026-GOV-01_FAIL_SAFE_NO_SILENT_FAILURE_INVENTORY.md,HISTORY,LS-MD-0026,
MD-DOC-00540,records/history/archive/semantic/LX-MD-0026-GOV-02_FAIL_SAFE_NO_SILENT_FAILURE_INVENTORY.md,HISTORY,LS-MD-0026,
MD-DOC-00541,records/history/archive/semantic/LX-MD-0026-IMP-01_FAIL_SAFE_NO_SILENT_FAILURE_INVENTORY.md,HISTORY,LS-MD-0026,
MD-DOC-00542,records/history/archive/semantic/LX-MD-0026-RES-01_FAIL_SAFE_NO_SILENT_FAILURE_INVENTORY.md,HISTORY,LS-MD-0026,
MD-DOC-00543,records/history/archive/semantic/LX-MD-0027-CTX-01_FULL_MARKET_DATA_PRODUCTION_READY_INVENTORY.md,HISTORY,LS-MD-0027,
MD-DOC-00544,records/history/archive/semantic/LX-MD-0027-CTX-02_FULL_MARKET_DATA_PRODUCTION_READY_INVENTORY.md,HISTORY,LS-MD-0027,
MD-DOC-00545,records/history/archive/semantic/LX-MD-0027-CTX-03_FULL_MARKET_DATA_PRODUCTION_READY_INVENTORY.md,HISTORY,LS-MD-0027,
MD-DOC-00546,records/history/archive/semantic/LX-MD-0027-CTX-04_FULL_MARKET_DATA_PRODUCTION_READY_INVENTORY.md,HISTORY,LS-MD-0027,
MD-DOC-00547,records/history/archive/semantic/LX-MD-0027-FND-01_FULL_MARKET_DATA_PRODUCTION_READY_INVENTORY.md,HISTORY,LS-MD-0027,
MD-DOC-00548,records/history/archive/semantic/LX-MD-0027-FND-02_FULL_MARKET_DATA_PRODUCTION_READY_INVENTORY.md,HISTORY,LS-MD-0027,
MD-DOC-00549,records/history/archive/semantic/LX-MD-0027-GOV-01_FULL_MARKET_DATA_PRODUCTION_READY_INVENTORY.md,HISTORY,LS-MD-0027,
MD-DOC-00550,records/history/archive/semantic/LX-MD-0027-IMP-01_FULL_MARKET_DATA_PRODUCTION_READY_INVENTORY.md,HISTORY,LS-MD-0027,
MD-DOC-00551,records/history/archive/semantic/LX-MD-0027-IMP-02_FULL_MARKET_DATA_PRODUCTION_READY_INVENTORY.md,HISTORY,LS-MD-0027,
MD-DOC-00552,records/history/archive/semantic/LX-MD-0028-CTX-01_HASH_SEAL_DATASET_INTEGRITY_INVENTORY.md,HISTORY,LS-MD-0028,
MD-DOC-00553,records/history/archive/semantic/LX-MD-0028-FND-01_HASH_SEAL_DATASET_INTEGRITY_INVENTORY.md,HISTORY,LS-MD-0028,
MD-DOC-00554,records/history/archive/semantic/LX-MD-0028-GOV-01_HASH_SEAL_DATASET_INTEGRITY_INVENTORY.md,HISTORY,LS-MD-0028,
MD-DOC-00555,records/history/archive/semantic/LX-MD-0028-IMP-01_HASH_SEAL_DATASET_INTEGRITY_INVENTORY.md,HISTORY,LS-MD-0028,
MD-DOC-00556,records/history/archive/semantic/LX-MD-0028-RES-01_HASH_SEAL_DATASET_INTEGRITY_INVENTORY.md,HISTORY,LS-MD-0028,
MD-DOC-00557,records/history/archive/semantic/LX-MD-0029-IMP-01_IMPORT_PROMOTE_SEPARATION_INVENTORY.md,HISTORY,LS-MD-0029,
MD-DOC-00558,records/history/archive/semantic/LX-MD-0029-RES-01_IMPORT_PROMOTE_SEPARATION_INVENTORY.md,HISTORY,LS-MD-0029,
MD-DOC-00559,records/history/archive/semantic/LX-MD-0030-CTX-01_LUMEN_CONTRACT_TRACKER.md,HISTORY,LS-MD-0030,
MD-DOC-00560,records/history/archive/semantic/LX-MD-0030-CTX-02_LUMEN_CONTRACT_TRACKER.md,HISTORY,LS-MD-0030,
MD-DOC-00561,records/history/archive/semantic/LX-MD-0030-CTX-03_LUMEN_CONTRACT_TRACKER.md,HISTORY,LS-MD-0030,
MD-DOC-00562,records/history/archive/semantic/LX-MD-0030-CTX-04_LUMEN_CONTRACT_TRACKER.md,HISTORY,LS-MD-0030,
MD-DOC-00563,records/history/archive/semantic/LX-MD-0030-CTX-05_LUMEN_CONTRACT_TRACKER.md,HISTORY,LS-MD-0030,
MD-DOC-00564,records/history/archive/semantic/LX-MD-0030-CTX-06_LUMEN_CONTRACT_TRACKER.md,HISTORY,LS-MD-0030,
MD-DOC-00565,records/history/archive/semantic/LX-MD-0030-FND-01_LUMEN_CONTRACT_TRACKER.md,HISTORY,LS-MD-0030,
MD-DOC-00566,records/history/archive/semantic/LX-MD-0030-FND-02_LUMEN_CONTRACT_TRACKER.md,HISTORY,LS-MD-0030,
MD-DOC-00567,records/history/archive/semantic/LX-MD-0030-GOV-01_LUMEN_CONTRACT_TRACKER.md,HISTORY,LS-MD-0030,
MD-DOC-00568,records/history/archive/semantic/LX-MD-0030-GOV-02_LUMEN_CONTRACT_TRACKER.md,HISTORY,LS-MD-0030,
MD-DOC-00569,records/history/archive/semantic/LX-MD-0030-GOV-03_LUMEN_CONTRACT_TRACKER.md,HISTORY,LS-MD-0030,
MD-DOC-00570,records/history/archive/semantic/LX-MD-0030-GOV-04_LUMEN_CONTRACT_TRACKER.md,HISTORY,LS-MD-0030,
MD-DOC-00571,records/history/archive/semantic/LX-MD-0030-IMP-01_LUMEN_CONTRACT_TRACKER.md,HISTORY,LS-MD-0030,
MD-DOC-00572,records/history/archive/semantic/LX-MD-0030-IMP-02_LUMEN_CONTRACT_TRACKER.md,HISTORY,LS-MD-0030,
MD-DOC-00573,records/history/archive/semantic/LX-MD-0030-IMP-03_LUMEN_CONTRACT_TRACKER.md,HISTORY,LS-MD-0030,
MD-DOC-00574,records/history/archive/semantic/LX-MD-0030-IMP-04_LUMEN_CONTRACT_TRACKER.md,HISTORY,LS-MD-0030,
MD-DOC-00575,records/history/archive/semantic/LX-MD-0031-CTX-01_LUMEN_IMPLEMENTATION_STATUS.md,HISTORY,LS-MD-0031,
MD-DOC-00576,records/history/archive/semantic/LX-MD-0031-CTX-02_LUMEN_IMPLEMENTATION_STATUS.md,HISTORY,LS-MD-0031,
MD-DOC-00577,records/history/archive/semantic/LX-MD-0031-CTX-03_LUMEN_IMPLEMENTATION_STATUS.md,HISTORY,LS-MD-0031,
MD-DOC-00578,records/history/archive/semantic/LX-MD-0031-CTX-04_LUMEN_IMPLEMENTATION_STATUS.md,HISTORY,LS-MD-0031,
MD-DOC-00579,records/history/archive/semantic/LX-MD-0031-CTX-05_LUMEN_IMPLEMENTATION_STATUS.md,HISTORY,LS-MD-0031,
MD-DOC-00580,records/history/archive/semantic/LX-MD-0031-CTX-06_LUMEN_IMPLEMENTATION_STATUS.md,HISTORY,LS-MD-0031,
MD-DOC-00581,records/history/archive/semantic/LX-MD-0031-CTX-07_LUMEN_IMPLEMENTATION_STATUS.md,HISTORY,LS-MD-0031,
MD-DOC-00582,records/history/archive/semantic/LX-MD-0031-CTX-08_LUMEN_IMPLEMENTATION_STATUS.md,HISTORY,LS-MD-0031,
MD-DOC-00583,records/history/archive/semantic/LX-MD-0031-CTX-09_LUMEN_IMPLEMENTATION_STATUS.md,HISTORY,LS-MD-0031,
MD-DOC-00584,records/history/archive/semantic/LX-MD-0031-FND-01_LUMEN_IMPLEMENTATION_STATUS.md,HISTORY,LS-MD-0031,
MD-DOC-00585,records/history/archive/semantic/LX-MD-0031-FND-02_LUMEN_IMPLEMENTATION_STATUS.md,HISTORY,LS-MD-0031,
MD-DOC-00586,records/history/archive/semantic/LX-MD-0031-IMP-01_LUMEN_IMPLEMENTATION_STATUS.md,HISTORY,LS-MD-0031,
MD-DOC-00587,records/history/archive/semantic/LX-MD-0031-IMP-02_LUMEN_IMPLEMENTATION_STATUS.md,HISTORY,LS-MD-0031,
MD-DOC-00588,records/history/archive/semantic/LX-MD-0031-IMP-03_LUMEN_IMPLEMENTATION_STATUS.md,HISTORY,LS-MD-0031,
MD-DOC-00589,records/history/archive/semantic/LX-MD-0031-IMP-04_LUMEN_IMPLEMENTATION_STATUS.md,HISTORY,LS-MD-0031,
MD-DOC-00590,records/history/archive/semantic/LX-MD-0031-IMP-05_LUMEN_IMPLEMENTATION_STATUS.md,HISTORY,LS-MD-0031,
MD-DOC-00591,records/history/archive/semantic/LX-MD-0031-IMP-06_LUMEN_IMPLEMENTATION_STATUS.md,HISTORY,LS-MD-0031,
MD-DOC-00592,records/history/archive/semantic/LX-MD-0032-CTX-01_MARKET_BENCHMARK_INDICATOR_EXTENSION_INVENTORY.md,HISTORY,LS-MD-0032,
MD-DOC-00593,records/history/archive/semantic/LX-MD-0032-CTX-02_MARKET_BENCHMARK_INDICATOR_EXTENSION_INVENTORY.md,HISTORY,LS-MD-0032,
MD-DOC-00594,records/history/archive/semantic/LX-MD-0032-CTX-03_MARKET_BENCHMARK_INDICATOR_EXTENSION_INVENTORY.md,HISTORY,LS-MD-0032,
MD-DOC-00595,records/history/archive/semantic/LX-MD-0032-CTX-04_MARKET_BENCHMARK_INDICATOR_EXTENSION_INVENTORY.md,HISTORY,LS-MD-0032,
MD-DOC-00596,records/history/archive/semantic/LX-MD-0032-CTX-05_MARKET_BENCHMARK_INDICATOR_EXTENSION_INVENTORY.md,HISTORY,LS-MD-0032,
MD-DOC-00597,records/history/archive/semantic/LX-MD-0032-FND-01_MARKET_BENCHMARK_INDICATOR_EXTENSION_INVENTORY.md,HISTORY,LS-MD-0032,
MD-DOC-00598,records/history/archive/semantic/LX-MD-0032-GOV-01_MARKET_BENCHMARK_INDICATOR_EXTENSION_INVENTORY.md,HISTORY,LS-MD-0032,
MD-DOC-00599,records/history/archive/semantic/LX-MD-0032-GOV-02_MARKET_BENCHMARK_INDICATOR_EXTENSION_INVENTORY.md,HISTORY,LS-MD-0032,
MD-DOC-00600,records/history/archive/semantic/LX-MD-0032-GOV-03_MARKET_BENCHMARK_INDICATOR_EXTENSION_INVENTORY.md,HISTORY,LS-MD-0032,
MD-DOC-00601,records/history/archive/semantic/LX-MD-0032-GOV-04_MARKET_BENCHMARK_INDICATOR_EXTENSION_INVENTORY.md,HISTORY,LS-MD-0032,
MD-DOC-00602,records/history/archive/semantic/LX-MD-0032-IMP-01_MARKET_BENCHMARK_INDICATOR_EXTENSION_INVENTORY.md,HISTORY,LS-MD-0032,
MD-DOC-00603,records/history/archive/semantic/LX-MD-0032-IMP-02_MARKET_BENCHMARK_INDICATOR_EXTENSION_INVENTORY.md,HISTORY,LS-MD-0032,
MD-DOC-00604,records/history/archive/semantic/LX-MD-0032-IMP-03_MARKET_BENCHMARK_INDICATOR_EXTENSION_INVENTORY.md,HISTORY,LS-MD-0032,
MD-DOC-00605,records/history/archive/semantic/LX-MD-0032-IMP-04_MARKET_BENCHMARK_INDICATOR_EXTENSION_INVENTORY.md,HISTORY,LS-MD-0032,
MD-DOC-00606,records/history/archive/semantic/LX-MD-0033-CTX-01_MARKET_DATA_CONSUMER_READ_MODEL_INVENTORY.md,HISTORY,LS-MD-0033,
MD-DOC-00607,records/history/archive/semantic/LX-MD-0033-FND-01_MARKET_DATA_CONSUMER_READ_MODEL_INVENTORY.md,HISTORY,LS-MD-0033,
MD-DOC-00608,records/history/archive/semantic/LX-MD-0033-GOV-01_MARKET_DATA_CONSUMER_READ_MODEL_INVENTORY.md,HISTORY,LS-MD-0033,
MD-DOC-00609,records/history/archive/semantic/LX-MD-0033-GOV-02_MARKET_DATA_CONSUMER_READ_MODEL_INVENTORY.md,HISTORY,LS-MD-0033,
MD-DOC-00610,records/history/archive/semantic/LX-MD-0033-GOV-03_MARKET_DATA_CONSUMER_READ_MODEL_INVENTORY.md,HISTORY,LS-MD-0033,
MD-DOC-00611,records/history/archive/semantic/LX-MD-0033-IMP-01_MARKET_DATA_CONSUMER_READ_MODEL_INVENTORY.md,HISTORY,LS-MD-0033,
MD-DOC-00612,records/history/archive/semantic/LX-MD-0033-IMP-02_MARKET_DATA_CONSUMER_READ_MODEL_INVENTORY.md,HISTORY,LS-MD-0033,
MD-DOC-00613,records/history/archive/semantic/LX-MD-0034-CTX-01_MARKET_DATA_IMPLEMENTATION_LEDGER.md,HISTORY,LS-MD-0034,
MD-DOC-00614,records/history/archive/semantic/LX-MD-0034-CTX-02_MARKET_DATA_IMPLEMENTATION_LEDGER.md,HISTORY,LS-MD-0034,
MD-DOC-00615,records/history/archive/semantic/LX-MD-0034-CTX-03_MARKET_DATA_IMPLEMENTATION_LEDGER.md,HISTORY,LS-MD-0034,
MD-DOC-00616,records/history/archive/semantic/LX-MD-0034-CTX-04_MARKET_DATA_IMPLEMENTATION_LEDGER.md,HISTORY,LS-MD-0034,
MD-DOC-00617,records/history/archive/semantic/LX-MD-0034-CTX-05_MARKET_DATA_IMPLEMENTATION_LEDGER.md,HISTORY,LS-MD-0034,
MD-DOC-00618,records/history/archive/semantic/LX-MD-0034-CTX-06_MARKET_DATA_IMPLEMENTATION_LEDGER.md,HISTORY,LS-MD-0034,
MD-DOC-00619,records/history/archive/semantic/LX-MD-0034-CTX-07_MARKET_DATA_IMPLEMENTATION_LEDGER.md,HISTORY,LS-MD-0034,
MD-DOC-00620,records/history/archive/semantic/LX-MD-0034-CTX-08_MARKET_DATA_IMPLEMENTATION_LEDGER.md,HISTORY,LS-MD-0034,
MD-DOC-00621,records/history/archive/semantic/LX-MD-0034-CTX-09_MARKET_DATA_IMPLEMENTATION_LEDGER.md,HISTORY,LS-MD-0034,
MD-DOC-00622,records/history/archive/semantic/LX-MD-0034-FND-01_MARKET_DATA_IMPLEMENTATION_LEDGER.md,HISTORY,LS-MD-0034,
MD-DOC-00623,records/history/archive/semantic/LX-MD-0034-FND-02_MARKET_DATA_IMPLEMENTATION_LEDGER.md,HISTORY,LS-MD-0034,
MD-DOC-00624,records/history/archive/semantic/LX-MD-0034-GOV-01_MARKET_DATA_IMPLEMENTATION_LEDGER.md,HISTORY,LS-MD-0034,
MD-DOC-00625,records/history/archive/semantic/LX-MD-0034-GOV-02_MARKET_DATA_IMPLEMENTATION_LEDGER.md,HISTORY,LS-MD-0034,
MD-DOC-00626,records/history/archive/semantic/LX-MD-0034-IMP-01_MARKET_DATA_IMPLEMENTATION_LEDGER.md,HISTORY,LS-MD-0034,
MD-DOC-00627,records/history/archive/semantic/LX-MD-0034-IMP-02_MARKET_DATA_IMPLEMENTATION_LEDGER.md,HISTORY,LS-MD-0034,
MD-DOC-00628,records/history/archive/semantic/LX-MD-0034-IMP-03_MARKET_DATA_IMPLEMENTATION_LEDGER.md,HISTORY,LS-MD-0034,
MD-DOC-00629,records/history/archive/semantic/LX-MD-0035-CTX-01_MARKET_DATA_PRODUCTION_PROOF_PACK.md,HISTORY,LS-MD-0035,
MD-DOC-00630,records/history/archive/semantic/LX-MD-0035-CTX-02_MARKET_DATA_PRODUCTION_PROOF_PACK.md,HISTORY,LS-MD-0035,
MD-DOC-00631,records/history/archive/semantic/LX-MD-0035-CTX-03_MARKET_DATA_PRODUCTION_PROOF_PACK.md,HISTORY,LS-MD-0035,
MD-DOC-00632,records/history/archive/semantic/LX-MD-0035-CTX-04_MARKET_DATA_PRODUCTION_PROOF_PACK.md,HISTORY,LS-MD-0035,
MD-DOC-00633,records/history/archive/semantic/LX-MD-0035-CTX-05_MARKET_DATA_PRODUCTION_PROOF_PACK.md,HISTORY,LS-MD-0035,
MD-DOC-00634,records/history/archive/semantic/LX-MD-0035-FND-01_MARKET_DATA_PRODUCTION_PROOF_PACK.md,HISTORY,LS-MD-0035,
MD-DOC-00635,records/history/archive/semantic/LX-MD-0035-FND-02_MARKET_DATA_PRODUCTION_PROOF_PACK.md,HISTORY,LS-MD-0035,
MD-DOC-00636,records/history/archive/semantic/LX-MD-0035-FND-03_MARKET_DATA_PRODUCTION_PROOF_PACK.md,HISTORY,LS-MD-0035,
MD-DOC-00637,records/history/archive/semantic/LX-MD-0035-GOV-01_MARKET_DATA_PRODUCTION_PROOF_PACK.md,HISTORY,LS-MD-0035,
MD-DOC-00638,records/history/archive/semantic/LX-MD-0035-IMP-01_MARKET_DATA_PRODUCTION_PROOF_PACK.md,HISTORY,LS-MD-0035,
MD-DOC-00639,records/history/archive/semantic/LX-MD-0035-IMP-02_MARKET_DATA_PRODUCTION_PROOF_PACK.md,HISTORY,LS-MD-0035,
MD-DOC-00640,records/history/archive/semantic/LX-MD-0035-RES-01_MARKET_DATA_PRODUCTION_PROOF_PACK.md,HISTORY,LS-MD-0035,
MD-DOC-00641,records/history/archive/semantic/LX-MD-0035-RES-02_MARKET_DATA_PRODUCTION_PROOF_PACK.md,HISTORY,LS-MD-0035,
MD-DOC-00642,records/history/archive/semantic/LX-MD-0035-RES-03_MARKET_DATA_PRODUCTION_PROOF_PACK.md,HISTORY,LS-MD-0035,
MD-DOC-00643,records/history/archive/semantic/LX-MD-0036-CTX-01_OPERATIONAL_READINESS_INVENTORY.md,HISTORY,LS-MD-0036,
MD-DOC-00644,records/history/archive/semantic/LX-MD-0036-IMP-01_OPERATIONAL_READINESS_INVENTORY.md,HISTORY,LS-MD-0036,
MD-DOC-00645,records/history/archive/semantic/LX-MD-0036-RES-01_OPERATIONAL_READINESS_INVENTORY.md,HISTORY,LS-MD-0036,
MD-DOC-00646,records/history/archive/semantic/LX-MD-0037-CTX-01_OPS_COMMAND_SURFACE_RUNTIME_MATRIX_INVENTORY.md,HISTORY,LS-MD-0037,
MD-DOC-00647,records/history/archive/semantic/LX-MD-0037-CTX-02_OPS_COMMAND_SURFACE_RUNTIME_MATRIX_INVENTORY.md,HISTORY,LS-MD-0037,
MD-DOC-00648,records/history/archive/semantic/LX-MD-0037-CTX-03_OPS_COMMAND_SURFACE_RUNTIME_MATRIX_INVENTORY.md,HISTORY,LS-MD-0037,
MD-DOC-00649,records/history/archive/semantic/LX-MD-0037-CTX-04_OPS_COMMAND_SURFACE_RUNTIME_MATRIX_INVENTORY.md,HISTORY,LS-MD-0037,
MD-DOC-00650,records/history/archive/semantic/LX-MD-0037-CTX-05_OPS_COMMAND_SURFACE_RUNTIME_MATRIX_INVENTORY.md,HISTORY,LS-MD-0037,
MD-DOC-00651,records/history/archive/semantic/LX-MD-0037-FND-01_OPS_COMMAND_SURFACE_RUNTIME_MATRIX_INVENTORY.md,HISTORY,LS-MD-0037,
MD-DOC-00652,records/history/archive/semantic/LX-MD-0037-IMP-01_OPS_COMMAND_SURFACE_RUNTIME_MATRIX_INVENTORY.md,HISTORY,LS-MD-0037,
MD-DOC-00653,records/history/archive/semantic/LX-MD-0037-IMP-02_OPS_COMMAND_SURFACE_RUNTIME_MATRIX_INVENTORY.md,HISTORY,LS-MD-0037,
MD-DOC-00654,records/history/archive/semantic/LX-MD-0037-RES-01_OPS_COMMAND_SURFACE_RUNTIME_MATRIX_INVENTORY.md,HISTORY,LS-MD-0037,
MD-DOC-00655,records/history/archive/semantic/LX-MD-0038-CTX-01_OPS_ENVIRONMENT_BASELINE_INVENTORY.md,HISTORY,LS-MD-0038,
MD-DOC-00656,records/history/archive/semantic/LX-MD-0038-CTX-02_OPS_ENVIRONMENT_BASELINE_INVENTORY.md,HISTORY,LS-MD-0038,
MD-DOC-00657,records/history/archive/semantic/LX-MD-0038-CTX-03_OPS_ENVIRONMENT_BASELINE_INVENTORY.md,HISTORY,LS-MD-0038,
MD-DOC-00658,records/history/archive/semantic/LX-MD-0038-CTX-04_OPS_ENVIRONMENT_BASELINE_INVENTORY.md,HISTORY,LS-MD-0038,
MD-DOC-00659,records/history/archive/semantic/LX-MD-0038-FND-01_OPS_ENVIRONMENT_BASELINE_INVENTORY.md,HISTORY,LS-MD-0038,
MD-DOC-00660,records/history/archive/semantic/LX-MD-0038-GOV-01_OPS_ENVIRONMENT_BASELINE_INVENTORY.md,HISTORY,LS-MD-0038,
MD-DOC-00661,records/history/archive/semantic/LX-MD-0038-IMP-01_OPS_ENVIRONMENT_BASELINE_INVENTORY.md,HISTORY,LS-MD-0038,
MD-DOC-00662,records/history/archive/semantic/LX-MD-0038-IMP-02_OPS_ENVIRONMENT_BASELINE_INVENTORY.md,HISTORY,LS-MD-0038,
MD-DOC-00663,records/history/archive/semantic/LX-MD-0038-RES-01_OPS_ENVIRONMENT_BASELINE_INVENTORY.md,HISTORY,LS-MD-0038,
MD-DOC-00664,records/history/archive/semantic/LX-MD-0039-CTX-01_PRODUCTION_VALIDATION_INVENTORY.md,HISTORY,LS-MD-0039,
MD-DOC-00665,records/history/archive/semantic/LX-MD-0039-CTX-02_PRODUCTION_VALIDATION_INVENTORY.md,HISTORY,LS-MD-0039,
MD-DOC-00666,records/history/archive/semantic/LX-MD-0039-CTX-03_PRODUCTION_VALIDATION_INVENTORY.md,HISTORY,LS-MD-0039,
MD-DOC-00667,records/history/archive/semantic/LX-MD-0039-CTX-04_PRODUCTION_VALIDATION_INVENTORY.md,HISTORY,LS-MD-0039,
MD-DOC-00668,records/history/archive/semantic/LX-MD-0039-FND-01_PRODUCTION_VALIDATION_INVENTORY.md,HISTORY,LS-MD-0039,
MD-DOC-00669,records/history/archive/semantic/LX-MD-0039-FND-02_PRODUCTION_VALIDATION_INVENTORY.md,HISTORY,LS-MD-0039,
MD-DOC-00670,records/history/archive/semantic/LX-MD-0039-FND-03_PRODUCTION_VALIDATION_INVENTORY.md,HISTORY,LS-MD-0039,
MD-DOC-00671,records/history/archive/semantic/LX-MD-0039-GOV-01_PRODUCTION_VALIDATION_INVENTORY.md,HISTORY,LS-MD-0039,
MD-DOC-00672,records/history/archive/semantic/LX-MD-0039-IMP-01_PRODUCTION_VALIDATION_INVENTORY.md,HISTORY,LS-MD-0039,
MD-DOC-00673,records/history/archive/semantic/LX-MD-0039-IMP-02_PRODUCTION_VALIDATION_INVENTORY.md,HISTORY,LS-MD-0039,
MD-DOC-00674,records/history/archive/semantic/LX-MD-0039-RES-01_PRODUCTION_VALIDATION_INVENTORY.md,HISTORY,LS-MD-0039,
MD-DOC-00675,records/history/archive/semantic/LX-MD-0039-RES-02_PRODUCTION_VALIDATION_INVENTORY.md,HISTORY,LS-MD-0039,
MD-DOC-00676,records/history/archive/semantic/LX-MD-0040-CTX-01_READ_SIDE_CONSUMER_SURFACE_FINAL_SWEEP_INVENTORY.md,HISTORY,LS-MD-0040,
MD-DOC-00677,records/history/archive/semantic/LX-MD-0040-CTX-02_READ_SIDE_CONSUMER_SURFACE_FINAL_SWEEP_INVENTORY.md,HISTORY,LS-MD-0040,
MD-DOC-00678,records/history/archive/semantic/LX-MD-0040-CTX-03_READ_SIDE_CONSUMER_SURFACE_FINAL_SWEEP_INVENTORY.md,HISTORY,LS-MD-0040,
MD-DOC-00679,records/history/archive/semantic/LX-MD-0040-FND-01_READ_SIDE_CONSUMER_SURFACE_FINAL_SWEEP_INVENTORY.md,HISTORY,LS-MD-0040,
MD-DOC-00680,records/history/archive/semantic/LX-MD-0040-FND-02_READ_SIDE_CONSUMER_SURFACE_FINAL_SWEEP_INVENTORY.md,HISTORY,LS-MD-0040,
MD-DOC-00681,records/history/archive/semantic/LX-MD-0040-FND-03_READ_SIDE_CONSUMER_SURFACE_FINAL_SWEEP_INVENTORY.md,HISTORY,LS-MD-0040,
MD-DOC-00682,records/history/archive/semantic/LX-MD-0040-IMP-01_READ_SIDE_CONSUMER_SURFACE_FINAL_SWEEP_INVENTORY.md,HISTORY,LS-MD-0040,
MD-DOC-00683,records/history/archive/semantic/LX-MD-0040-IMP-02_READ_SIDE_CONSUMER_SURFACE_FINAL_SWEEP_INVENTORY.md,HISTORY,LS-MD-0040,
MD-DOC-00684,records/history/archive/semantic/LX-MD-0042-CTX-01_REPLAY_DETERMINISM_RUNTIME_PROOF_INVENTORY.md,HISTORY,LS-MD-0042,
MD-DOC-00685,records/history/archive/semantic/LX-MD-0042-FND-01_REPLAY_DETERMINISM_RUNTIME_PROOF_INVENTORY.md,HISTORY,LS-MD-0042,
MD-DOC-00686,records/history/archive/semantic/LX-MD-0043-CTX-01_REPLAY_HISTORICAL_DETERMINISM_HARDENING_INVENTOR.md,HISTORY,LS-MD-0043,
MD-DOC-00687,records/history/archive/semantic/LX-MD-0043-CTX-02_REPLAY_HISTORICAL_DETERMINISM_HARDENING_INVENTOR.md,HISTORY,LS-MD-0043,
MD-DOC-00688,records/history/archive/semantic/LX-MD-0043-GOV-01_REPLAY_HISTORICAL_DETERMINISM_HARDENING_INVENTOR.md,HISTORY,LS-MD-0043,
MD-DOC-00689,records/history/archive/semantic/LX-MD-0043-IMP-01_REPLAY_HISTORICAL_DETERMINISM_HARDENING_INVENTOR.md,HISTORY,LS-MD-0043,
MD-DOC-00690,records/history/archive/semantic/LX-MD-0043-IMP-02_REPLAY_HISTORICAL_DETERMINISM_HARDENING_INVENTOR.md,HISTORY,LS-MD-0043,
MD-DOC-00691,records/history/archive/semantic/LX-MD-0043-IMP-03_REPLAY_HISTORICAL_DETERMINISM_HARDENING_INVENTOR.md,HISTORY,LS-MD-0043,
MD-DOC-00692,records/history/archive/semantic/LX-MD-0044-CTX-01_AUDIT_FINAL_STATE.md,HISTORY,LS-MD-0044,
MD-DOC-00693,records/history/archive/semantic/LX-MD-0044-CTX-02_AUDIT_FINAL_STATE.md,HISTORY,LS-MD-0044,
MD-DOC-00694,records/history/archive/semantic/LX-MD-0044-CTX-03_AUDIT_FINAL_STATE.md,HISTORY,LS-MD-0044,
MD-DOC-00695,records/history/archive/semantic/LX-MD-0044-CTX-04_AUDIT_FINAL_STATE.md,HISTORY,LS-MD-0044,
MD-DOC-00696,records/history/archive/semantic/LX-MD-0044-CTX-05_AUDIT_FINAL_STATE.md,HISTORY,LS-MD-0044,
MD-DOC-00697,records/history/archive/semantic/LX-MD-0044-CTX-06_AUDIT_FINAL_STATE.md,HISTORY,LS-MD-0044,
MD-DOC-00698,records/history/archive/semantic/LX-MD-0044-CTX-07_AUDIT_FINAL_STATE.md,HISTORY,LS-MD-0044,
MD-DOC-00699,records/history/archive/semantic/LX-MD-0044-FND-01_AUDIT_FINAL_STATE.md,HISTORY,LS-MD-0044,
MD-DOC-00700,records/history/archive/semantic/LX-MD-0044-GOV-01_AUDIT_FINAL_STATE.md,HISTORY,LS-MD-0044,
MD-DOC-00701,records/history/archive/semantic/LX-MD-0044-GOV-02_AUDIT_FINAL_STATE.md,HISTORY,LS-MD-0044,
MD-DOC-00702,records/history/archive/semantic/LX-MD-0044-GOV-03_AUDIT_FINAL_STATE.md,HISTORY,LS-MD-0044,
MD-DOC-00703,records/history/archive/semantic/LX-MD-0044-IMP-01_AUDIT_FINAL_STATE.md,HISTORY,LS-MD-0044,
MD-DOC-00704,records/history/archive/semantic/LX-MD-0044-IMP-02_AUDIT_FINAL_STATE.md,HISTORY,LS-MD-0044,
MD-DOC-00705,records/history/archive/semantic/LX-MD-0044-RES-01_AUDIT_FINAL_STATE.md,HISTORY,LS-MD-0044,
MD-DOC-00706,records/history/archive/semantic/LX-MD-0044-RES-02_AUDIT_FINAL_STATE.md,HISTORY,LS-MD-0044,
MD-DOC-00707,records/history/archive/semantic/LX-MD-0044-RES-03_AUDIT_FINAL_STATE.md,HISTORY,LS-MD-0044,
MD-DOC-00708,records/history/archive/semantic/LX-MD-0044-RES-04_AUDIT_FINAL_STATE.md,HISTORY,LS-MD-0044,
MD-DOC-00709,records/history/archive/semantic/LX-MD-0045-CTX-01_ORDERS_01_04_IMPLEMENTATION_EVIDENCE_2026_08_03.md,HISTORY,LS-MD-0045,
MD-DOC-00710,records/history/archive/semantic/LX-MD-0045-CTX-02_ORDERS_01_04_IMPLEMENTATION_EVIDENCE_2026_08_03.md,HISTORY,LS-MD-0045,
MD-DOC-00711,records/history/archive/semantic/LX-MD-0045-GOV-01_ORDERS_01_04_IMPLEMENTATION_EVIDENCE_2026_08_03.md,HISTORY,LS-MD-0045,
MD-DOC-00712,records/history/archive/semantic/LX-MD-0045-IMP-01_ORDERS_01_04_IMPLEMENTATION_EVIDENCE_2026_08_03.md,HISTORY,LS-MD-0045,
MD-DOC-00713,records/history/archive/semantic/LX-MD-0047-CTX-01_SECTOR_IDXIC_AUTHORITY_RECONCILIATION_INVENTORY.md,HISTORY,LS-MD-0047,
MD-DOC-00714,records/history/archive/semantic/LX-MD-0047-CTX-02_SECTOR_IDXIC_AUTHORITY_RECONCILIATION_INVENTORY.md,HISTORY,LS-MD-0047,
MD-DOC-00715,records/history/archive/semantic/LX-MD-0047-CTX-03_SECTOR_IDXIC_AUTHORITY_RECONCILIATION_INVENTORY.md,HISTORY,LS-MD-0047,
MD-DOC-00716,records/history/archive/semantic/LX-MD-0047-CTX-04_SECTOR_IDXIC_AUTHORITY_RECONCILIATION_INVENTORY.md,HISTORY,LS-MD-0047,
MD-DOC-00717,records/history/archive/semantic/LX-MD-0047-IMP-01_SECTOR_IDXIC_AUTHORITY_RECONCILIATION_INVENTORY.md,HISTORY,LS-MD-0047,
MD-DOC-00718,records/history/archive/semantic/LX-MD-0047-IMP-02_SECTOR_IDXIC_AUTHORITY_RECONCILIATION_INVENTORY.md,HISTORY,LS-MD-0047,
MD-DOC-00719,records/history/archive/semantic/LX-MD-0047-RES-01_SECTOR_IDXIC_AUTHORITY_RECONCILIATION_INVENTORY.md,HISTORY,LS-MD-0047,
MD-DOC-00720,records/history/archive/semantic/LX-MD-0047-RES-02_SECTOR_IDXIC_AUTHORITY_RECONCILIATION_INVENTORY.md,HISTORY,LS-MD-0047,
MD-DOC-00721,records/history/archive/semantic/LX-MD-0053-GOV-01_WEEKLY_SWING_PRIORITY1_INDICATOR_EXTENSION_INVEN.md,HISTORY,LS-MD-0053,
MD-DOC-00722,records/history/archive/semantic/LX-MD-0053-GOV-02_WEEKLY_SWING_PRIORITY1_INDICATOR_EXTENSION_INVEN.md,HISTORY,LS-MD-0053,
MD-DOC-00723,records/history/archive/semantic/LX-MD-0053-GOV-03_WEEKLY_SWING_PRIORITY1_INDICATOR_EXTENSION_INVEN.md,HISTORY,LS-MD-0053,
MD-DOC-00724,records/history/archive/semantic/LX-MD-0053-IMP-01_WEEKLY_SWING_PRIORITY1_INDICATOR_EXTENSION_INVEN.md,HISTORY,LS-MD-0053,
MD-DOC-00725,records/history/archive/semantic/LX-MD-0053-IMP-02_WEEKLY_SWING_PRIORITY1_INDICATOR_EXTENSION_INVEN.md,HISTORY,LS-MD-0053,
MD-DOC-00726,records/history/archive/semantic/LX-MD-0174-CTX-01_COMMAND_SURFACE_SAFETY_INVENTORY.md,HISTORY,LS-MD-0174,
MD-DOC-00727,records/history/archive/semantic/LX-MD-0174-FND-01_COMMAND_SURFACE_SAFETY_INVENTORY.md,HISTORY,LS-MD-0174,
MD-DOC-00728,records/history/archive/semantic/LX-MD-0174-GOV-01_COMMAND_SURFACE_SAFETY_INVENTORY.md,HISTORY,LS-MD-0174,
MD-DOC-00729,records/history/archive/semantic/LX-MD-0174-IMP-01_COMMAND_SURFACE_SAFETY_INVENTORY.md,HISTORY,LS-MD-0174,
MD-DOC-00730,records/history/archive/semantic/LX-MD-0179-CTX-01_05_BACKFILL.md,HISTORY,LS-MD-0179,
MD-DOC-00731,records/history/archive/semantic/LX-MD-0179-CTX-02_05_BACKFILL.md,HISTORY,LS-MD-0179,
MD-DOC-00732,records/history/archive/semantic/LX-MD-0179-CTX-03_05_BACKFILL.md,HISTORY,LS-MD-0179,
MD-DOC-00733,records/history/archive/semantic/LX-MD-0179-CTX-04_05_BACKFILL.md,HISTORY,LS-MD-0179,
MD-DOC-00734,records/history/archive/semantic/LX-MD-0179-CTX-05_05_BACKFILL.md,HISTORY,LS-MD-0179,
MD-DOC-00735,records/history/archive/semantic/LX-MD-0179-CTX-06_05_BACKFILL.md,HISTORY,LS-MD-0179,
MD-DOC-00736,records/history/archive/semantic/LX-MD-0179-GOV-01_05_BACKFILL.md,HISTORY,LS-MD-0179,
MD-DOC-00737,records/history/archive/semantic/LX-MD-0179-IMP-01_05_BACKFILL.md,HISTORY,LS-MD-0179,
MD-DOC-00738,records/history/archive/semantic/LX-MD-0179-IMP-02_05_BACKFILL.md,HISTORY,LS-MD-0179,
MD-DOC-00739,records/history/archive/semantic/LX-MD-0179-IMP-03_05_BACKFILL.md,HISTORY,LS-MD-0179,
MD-DOC-00740,records/history/archive/semantic/LX-MD-0197-FND-01_LOGGING_TRACEABILITY_REASON_CODES_INVENTORY.md,HISTORY,LS-MD-0197,
MD-DOC-00741,records/history/archive/semantic/LX-MD-0197-GOV-01_LOGGING_TRACEABILITY_REASON_CODES_INVENTORY.md,HISTORY,LS-MD-0197,
MD-DOC-00742,records/history/archive/semantic/LX-MD-0197-IMP-01_LOGGING_TRACEABILITY_REASON_CODES_INVENTORY.md,HISTORY,LS-MD-0197,
MD-DOC-00743,records/history/archive/semantic/LX-MD-0197-IMP-02_LOGGING_TRACEABILITY_REASON_CODES_INVENTORY.md,HISTORY,LS-MD-0197,
MD-DOC-00744,records/history/archive/semantic/LX-MD-0201-CTX-01_OPS_ENVIRONMENT_BASELINE.md,HISTORY,LS-MD-0201,
MD-DOC-00745,records/history/archive/semantic/LX-MD-0201-GOV-01_OPS_ENVIRONMENT_BASELINE.md,HISTORY,LS-MD-0201,
MD-DOC-00746,records/history/archive/semantic/LX-MD-0201-IMP-01_OPS_ENVIRONMENT_BASELINE.md,HISTORY,LS-MD-0201,
MD-DOC-00747,records/history/archive/semantic/LX-MD-0208-GOV-01_RUN_PUBLICATION_POINTER_LINKAGE_INVENTORY.md,HISTORY,LS-MD-0208,
MD-DOC-00748,records/history/archive/semantic/LX-MD-0208-IMP-01_RUN_PUBLICATION_POINTER_LINKAGE_INVENTORY.md,HISTORY,LS-MD-0208,
MD-DOC-00749,records/history/archive/semantic/LX-MD-0211-GOV-01_TRADING_STATUS_NON_EXCLUSION_CLEAR_PATCH.md,HISTORY,LS-MD-0211,
MD-DOC-00750,records/history/archive/semantic/LX-MD-0211-IMP-01_TRADING_STATUS_NON_EXCLUSION_CLEAR_PATCH.md,HISTORY,LS-MD-0211,
MD-DOC-00751,records/history/archive/semantic/LX-MD-0211-IMP-02_TRADING_STATUS_NON_EXCLUSION_CLEAR_PATCH.md,HISTORY,LS-MD-0211,
MD-DOC-00752,records/history/archive/semantic/LX-MD-0212-CTX-01_TRADING_STATUS_SEMANTICS_LONG_SUSPENSION_CLOSURE.md,HISTORY,LS-MD-0212,
MD-DOC-00753,records/history/archive/semantic/LX-MD-0212-FND-01_TRADING_STATUS_SEMANTICS_LONG_SUSPENSION_CLOSURE.md,HISTORY,LS-MD-0212,
MD-DOC-00754,records/history/archive/semantic/LX-MD-0212-GOV-01_TRADING_STATUS_SEMANTICS_LONG_SUSPENSION_CLOSURE.md,HISTORY,LS-MD-0212,
MD-DOC-00755,records/history/archive/semantic/LX-MD-0213-CTX-01_TRADING_STATUS_SOURCE_MODEL_SIMPLIFICATION_2026_.md,HISTORY,LS-MD-0213,
MD-DOC-00756,records/history/archive/semantic/LX-MD-0213-CTX-02_TRADING_STATUS_SOURCE_MODEL_SIMPLIFICATION_2026_.md,HISTORY,LS-MD-0213,
MD-DOC-00757,records/history/archive/semantic/LX-MD-0213-CTX-03_TRADING_STATUS_SOURCE_MODEL_SIMPLIFICATION_2026_.md,HISTORY,LS-MD-0213,
MD-DOC-00758,records/history/archive/semantic/LX-MD-0213-GOV-01_TRADING_STATUS_SOURCE_MODEL_SIMPLIFICATION_2026_.md,HISTORY,LS-MD-0213,
MD-DOC-00759,records/history/archive/semantic/LX-MD-0213-IMP-01_TRADING_STATUS_SOURCE_MODEL_SIMPLIFICATION_2026_.md,HISTORY,LS-MD-0213,
MD-DOC-00760,records/history/archive/semantic/LX-MD-0239-CTX-01_Behavioral_Test_Coverage_Inventory.md,HISTORY,LS-MD-0239,
MD-DOC-00761,records/history/archive/semantic/LX-MD-0239-GOV-01_Behavioral_Test_Coverage_Inventory.md,HISTORY,LS-MD-0239,
MD-DOC-00762,records/history/archive/semantic/LX-MD-0239-IMP-01_Behavioral_Test_Coverage_Inventory.md,HISTORY,LS-MD-0239,
MD-DOC-00763,records/history/archive/semantic/LX-MD-0239-IMP-02_Behavioral_Test_Coverage_Inventory.md,HISTORY,LS-MD-0239,
MD-DOC-00764,records/history/archive/semantic/LX-MD-0241-CTX-01_Contract_Tests_Specification.md,HISTORY,LS-MD-0241,
MD-DOC-00765,records/history/archive/semantic/LX-MD-0241-IMP-01_Contract_Tests_Specification.md,HISTORY,LS-MD-0241,
MD-DOC-00766,records/history/archive/semantic/LX-MD-0243-GOV-01_Db_Integrity_Constraint_Inventory.md,HISTORY,LS-MD-0243,
MD-DOC-00767,records/history/archive/semantic/LX-MD-0243-IMP-01_Db_Integrity_Constraint_Inventory.md,HISTORY,LS-MD-0243,
MD-DOC-00768,records/history/archive/semantic/LX-MD-0243-IMP-02_Db_Integrity_Constraint_Inventory.md,HISTORY,LS-MD-0243,
MD-DOC-00769,records/history/archive/semantic/LX-MD-0246-IMP-01_Golden_Fixture_Catalog_LOCKED.md,HISTORY,LS-MD-0246,
MD-DOC-00770,records/history/archive/semantic/LX-MD-0252-CTX-01_PHPUNIT_TEST_MATRIX.md,HISTORY,LS-MD-0252,
MD-DOC-00771,records/history/archive/semantic/LX-MD-0252-CTX-02_PHPUNIT_TEST_MATRIX.md,HISTORY,LS-MD-0252,
MD-DOC-00772,records/history/archive/semantic/LX-MD-0252-IMP-01_PHPUNIT_TEST_MATRIX.md,HISTORY,LS-MD-0252,
MD-DOC-00773,records/history/archive/semantic/LX-MD-0252-IMP-02_PHPUNIT_TEST_MATRIX.md,HISTORY,LS-MD-0252,
MD-DOC-00774,records/evidence/E-MD-20260820-02_LEGACY_SEMANTIC_NORMALIZATION_VALIDATION.json,EVIDENCE,,
MD-DOC-00775,records/evidence/MD-B00-A001-BL001_WORK_BASELINE_LOCK.json,EVIDENCE,,
MD-DOC-00776,records/evidence/E-MD-B00-A001-001_BASELINE_INVENTORY.md,EVIDENCE,,
MD-DOC-00777,records/evidence/E-MD-B00-A001-002_GATE_AND_SUITE_PROOF.json,EVIDENCE,,
MD-DOC-00778,records/evidence/SC-MD-B00-A001-001_STAGE_CLOSURE_MANIFEST.md,EVIDENCE,,
MD-DOC-00779,development/findings/F-MD-B00-A001-001_DOC_PATH_REBINDING_GAP.md,FINDING,,
MD-DOC-00780,development/findings/F-MD-B00-A001-002_SELF_TEST_ASSERTS_NOTHING.md,FINDING,,
MD-DOC-00781,development/findings/F-MD-B00-A001-003_EXTRACT_SEAL_BOUNDARY.md,FINDING,,
MD-DOC-00782,development/findings/F-MD-B00-A001-004_BASELINE_LOCK_TOOL_INCOMPLETE.md,FINDING,,
MD-DOC-00783,records/evidence/MD-B01-A001-BL001_WORK_BASELINE_LOCK.json,EVIDENCE,,
MD-DOC-00784,records/evidence/E-MD-B01-A001-001_SCOPE_BOUNDARY_REVALIDATION.json,EVIDENCE,,
MD-DOC-00785,development/findings/F-MD-B01-A001-001_MATRIX_REQUIREMENT_ASSIGNMENT_DEFECT.md,FINDING,,
MD-DOC-00786,records/evidence/MD-B01-A002-BL001_WORK_BASELINE_LOCK.json,EVIDENCE,,
MD-DOC-00787,records/evidence/E-MD-B01-A002-001_DATE_DRIVEN_AND_PROVIDER_ABSTRACTION.json,EVIDENCE,,
MD-DOC-00788,records/evidence/MD-B01-A003-BL001_WORK_BASELINE_LOCK.json,EVIDENCE,,
MD-DOC-00789,records/evidence/E-MD-B01-A003-001_ACTIVATION_AND_TERMINOLOGY_CLAIMS.json,EVIDENCE,,
MD-DOC-00790,development/findings/F-MD-B01-A003-001_ALIAS_MEANING_REPETITION_GAP.md,FINDING,,
MD-DOC-00791,records/evidence/MD-B03-A001-BL001_WORK_BASELINE_LOCK.json,EVIDENCE,,
MD-DOC-00792,records/evidence/E-MD-B03-A001-001_DEPENDENCY_REMEDIATION.json,EVIDENCE,,
MD-DOC-00793,records/evidence/MD-B00-A002-BL001_WORK_BASELINE_LOCK.json,EVIDENCE,,
MD-DOC-00794,development/implementation/CI-MD-B00-A002-001_GOVERNANCE_REENTRY.md,IMPLEMENTATION_GUIDANCE,,
MD-DOC-00795,records/evidence/E-MD-B00-A002-001_GOVERNANCE_REENTRY.json,EVIDENCE,,
MD-DOC-00796,records/evidence/SC-MD-B00-A002-001_STAGE_CLOSURE_MANIFEST.md,EVIDENCE,,
MD-DOC-00797,records/evidence/E-MD-B03-A001-002_POST_RESTORATION_DATABASE_PROOF.json,EVIDENCE,,
MD-DOC-00798,records/evidence/MD-B01-A004-BL001_WORK_BASELINE_LOCK.json,EVIDENCE,,
MD-DOC-00799,development/implementation/CI-MD-B01-A004-001_TRACEABILITY_REDERIVATION.md,IMPLEMENTATION_GUIDANCE,,
MD-DOC-00800,records/evidence/E-MD-B01-A004-001_TRACEABILITY_REDERIVATION.json,EVIDENCE,,
MD-DOC-00801,authority/governance/RUNTIME_ARTIFACT_AND_GOVERNED_EVIDENCE_STANDARD.md,GOVERNANCE,,
MD-DOC-00802,development/findings/F-MD-20260821-03_RUNTIME_ARTIFACT_GOVERNANCE_GAP.md,FINDING,,
MD-DOC-00803,records/evidence/E-MD-20260821-03_RUNTIME_ARTIFACT_GOVERNANCE_AUDIT.json,EVIDENCE,,
MD-DOC-00804,records/decisions/D-MD-20260821-03_RUNTIME_ARTIFACT_GOVERNANCE_ADOPTION.md,DECISION,,
MD-DOC-00805,records/evidence/MD-B01-A005-BL001_WORK_BASELINE_LOCK.json,EVIDENCE,,
MD-DOC-00806,development/implementation/CI-MD-B01-A005-001_PROOF_OWNERSHIP_REDERIVATION.md,IMPLEMENTATION_GUIDANCE,,
MD-DOC-00807,records/evidence/E-MD-B01-A005-001_PROOF_OWNERSHIP_REDERIVATION.json,EVIDENCE,,
MD-DOC-00808,records/evidence/MD-B01-A006-BL001_WORK_BASELINE_LOCK.json,EVIDENCE,,
MD-DOC-00809,development/implementation/CI-MD-B01-A006-001_COVERAGE_ADVANCE.md,IMPLEMENTATION_GUIDANCE,,
MD-DOC-00810,records/evidence/E-MD-B01-A006-001_COVERAGE_ADVANCE.json,EVIDENCE,,
MD-DOC-00811,records/evidence/MD-B01-A007-BL001_WORK_BASELINE_LOCK.json,EVIDENCE,,
MD-DOC-00812,development/implementation/CI-MD-B01-A007-001_DOWNSTREAM_SURFACE_BOUNDARY.md,IMPLEMENTATION_GUIDANCE,,
MD-DOC-00813,records/evidence/E-MD-B01-A007-001_DOWNSTREAM_SURFACE_BOUNDARY.json,EVIDENCE,,
MD-DOC-00814,records/evidence/MD-B01-A008-BL001_WORK_BASELINE_LOCK.json,EVIDENCE,,
MD-DOC-00815,development/implementation/CI-MD-B01-A008-001_TERMINOLOGY_CONFLATION_BOUNDARY.md,IMPLEMENTATION_GUIDANCE,,
MD-DOC-00816,records/evidence/E-MD-B01-A008-001_TERMINOLOGY_CONFLATION_BOUNDARY.json,EVIDENCE,,
MD-DOC-00817,development/findings/F-MD-B01-A008-001_HORIZON_ROLE_UNDECLARED.md,FINDING,,
MD-DOC-00818,records/evidence/MD-B01-A009-BL001_WORK_BASELINE_LOCK.json,EVIDENCE,,
MD-DOC-00819,development/implementation/CI-MD-B01-A009-001_DUAL_USE_AND_ALIGNMENT.md,IMPLEMENTATION_GUIDANCE,,
MD-DOC-00820,records/evidence/E-MD-B01-A009-001_DUAL_USE_AND_ALIGNMENT.json,EVIDENCE,,
MD-DOC-00821,records/evidence/MD-B01-A010-BL001_WORK_BASELINE_LOCK.json,EVIDENCE,,
MD-DOC-00822,development/implementation/CI-MD-B01-A010-001_TERM_OWNERSHIP_AND_SCHEMA_SURFACE.md,IMPLEMENTATION_GUIDANCE,,
MD-DOC-00823,records/evidence/E-MD-B01-A010-001_TERM_OWNERSHIP_AND_SCHEMA_SURFACE.json,EVIDENCE,,
MD-DOC-00824,records/evidence/MD-B01-A011-BL001_WORK_BASELINE_LOCK.json,EVIDENCE,,
MD-DOC-00825,development/implementation/CI-MD-B01-A011-001_FACT_DIMENSIONS_AND_PRODUCT_TABLE.md,IMPLEMENTATION_GUIDANCE,,
MD-DOC-00826,records/evidence/E-MD-B01-A011-001_FACT_DIMENSIONS_AND_PRODUCT_TABLE.json,EVIDENCE,,
